{"type":"FeatureCollection","features":[{"type":"Feature","geometry":{"type":"Polygon","coordinates":[[[-50.468,-23.2603],[-50.4601,-23.3082],[-50.4137,-23.3246],[-50.3791,-23.3598],[-50.3171,-23.3559],[-50.3042,-23.3824],[-50.2586,-23.3545],[-50.2348,-23.3567],[-50.1944,-23.2858],[-50.2023,-23.2481],[-50.2249,-23.2244],[-50.2505,-23.2461],[-50.3042,-23.2592],[-50.346,-23.2999],[-50.3589,-23.2854],[-50.4397,-23.2812],[-50.4669,-23.2602],[-50.468,-23.2603]]]},"properties":{"code":"4100103","name":"Abatiá","state":"PR"}},{"type":"Feature","geometry":{"type":"Polygon","coordinates":[[[-49.1054,-24.8923],[-48.9949,-24.9239],[-48.8516,-24.8273],[-48.8325,-24.863],[-48.7308,-24.8683],[-48.7121,-24.9164],[-48.6759,-24.9212],[-48.6503,-24.944],[-48.6307,-24.9272],[-48.5664,-24.9168],[-48.5497,-24.8675],[-48.5677,-24.8488],[-48.5558,-24.8062],[-48.5183,-24.781],[-48.5019,-24.746],[-48.5381,-24.7262],[-48.5722,-24.6906],[-48.6166,-24.6687],[-48.675,-24.7018],[-48.7038,-24.6804],[-48.7771,-24.6957],[-48.8108,-24.675],[-48.8404,-24.665],[-48.9123,-24.674],[-48.9622,-24.6742],[-49.0103,-24.6544],[-49.1116,-24.6884],[-49.1298,-24.6819],[-49.1368,-24.7091],[-49.1132,-24.7323],[-49.1008,-24.7741],[-49.062,-24.7874],[-49.0754,-24.8528],[-49.1054,-24.8923]]]},"properties":{"code":"4100202","name":"Adrianópolis","state":"PR"}},{"type":"Feature","geometry":{"type":"Polygon","coordinates":[[[-49.3608,-26.1374],[-49.3217,-26.11],[-49.3002,-26.1113],[-49.2345,-26.0307],[-49.2369,-25.9788],[-49.2932,-25.9682],[-49.3056,-25.9453],[-49.3608,-25.9521],[-49.3743,-25.9699],[-49.3755,-26.0597],[-49.3473,-26.0724],[-49.3608,-26.1374]]]},"properties":{"code":"4100301","name":"Agudos do Sul","state":"PR"}},{"type":"Feature","geometry":{"type":"Polygon","coordinates":[[[-49.2295,-25.3498],[-49.2598,-25.3044],[-49.2683,-25.2555],[-49.2537,-25.2339],[-49.3211,-25.2311],[-49.3514,-25.2355],[-49.3906,-25.2633],[-49.4522,-25.2438],[-49.416,-25.2654],[-49.3966,-25.3258],[-49.3402,-25.3495],[-49.3104,-25.3836],[-49.2799,-25.3511],[-49.2295,-25.3498]]]},"properties":{"code":"4100400","name":"Almirante Tamandaré","state":"PR"}},{"type":"Feature","geometry":{"type":"Polygon","coordinates":[[[-52.7471,-24.8753],[-52.7028,-24.8773],[-52.662,-24.8942],[-52.6558,-24.9294],[-52.6017,-24.8786],[-52.5372,-24.8401],[-52.5409,-24.7698],[-52.5672,-24.761],[-52.6666,-24.7738],[-52.7039,-24.7475],[-52.7643,-24.7473],[-52.8392,-24.7314],[-52.8601,-24.7586],[-52.8505,-24.7926],[-52.7684,-24.8648],[-52.7471,-24.8753]]]},"properties":{"code":"4100459","name":"Altamira do Paraná","state":"PR"}},{"type":"Feature","geometry":{"type":"Polygon","coordinates":[[[-53.7388,-23.9509],[-53.7505,-23.892],[-53.7899,-23.8268],[-53.7689,-23.8177],[-53.8362,-23.8116],[-53.919,-23.7935],[-53.9827,-23.8169],[-54.0836,-23.8055],[-54.084,-23.865],[-54.0805,-23.8913],[-54.1018,-23.952],[-54.1403,-23.9884],[-54.169,-23.999],[-54.0985,-24.025],[-54.0558,-24.0365],[-54.0172,-24.0153],[-53.9984,-23.9857],[-53.9662,-24.0024],[-53.9229,-23.9588],[-53.8847,-23.9418],[-53.8598,-23.9488],[-53.7388,-23.9509]]]},"properties":{"code":"4100509","name":"Altônia","state":"PR"}},{"type":"Feature","geometry":{"type":"Polygon","coordinates":[[[-52.3712,-22.9297],[-52.3734,-22.9851],[-52.3571,-23.0633],[-52.3808,-23.0779],[-52.4209,-23.1411],[-52.4205,-23.2341],[-52.3828,-23.1993],[-52.3041,-23.1915],[-52.2554,-23.1679],[-52.233,-23.1395],[-52.2518,-23.0619],[-52.2478,-23.0263],[-52.2583,-22.9932],[-52.2842,-22.9679],[-52.2702,-22.914],[-52.3205,-22.9098],[-52.3712,-22.9297]]]},"properties":{"code":"4100608","name":"Alto Paraná","state":"PR"}},{"type":"Feature","geometry":{"type":"Polygon","coordinates":[[[-53.5191,-24.0504],[-53.4363,-24.112],[-53.4811,-24.2181],[-53.4681,-24.2212],[-53.4368,-24.2381],[-53.3621,-24.2517],[-53.3208,-24.1984],[-53.3119,-24.1712],[-53.326,-24.1295],[-53.321,-24.0916],[-53.3403,-24.0506],[-53.338,-24.0089],[-53.353,-23.9785],[-53.4128,-23.9295],[-53.4578,-23.9799],[-53.5191,-24.0504]]]},"properties":{"code":"4100707","name":"Alto Piquiri","state":"PR"}},{"type":"Feature","geometry":{"type":"Polygon","coordinates":[[[-51.3158,-22.9157],[-51.2719,-22.9249],[-51.2236,-22.9567],[-51.2032,-22.9448],[-51.1775,-22.9],[-51.1546,-22.855],[-51.1841,-22.7715],[-51.176,-22.7388],[-51.2137,-22.7237],[-51.2652,-22.6677],[-51.2982,-22.6735],[-51.3331,-22.6671],[-51.344,-22.7336],[-51.3118,-22.7851],[-51.3178,-22.8301],[-51.3349,-22.8359],[-51.3424,-22.8918],[-51.3158,-22.9157]]]},"properties":{"code":"4100806","name":"Alvorada do Sul","state":"PR"}},{"type":"Feature","geometry":{"type":"Polygon","coordinates":[[[-52.7889,-23.0055],[-52.8259,-23.0581],[-52.8846,-23.023],[-52.9187,-23.0831],[-52.9042,-23.1791],[-52.9093,-23.2257],[-52.9305,-23.2404],[-52.9352,-23.2625],[-52.9182,-23.2723],[-52.863,-23.2679],[-52.8502,-23.2299],[-52.8192,-23.222],[-52.7725,-23.1798],[-52.75,-23.1091],[-52.7152,-23.0587],[-52.7268,-23.0322],[-52.7611,-23.0059],[-52.7889,-23.0055]]]},"properties":{"code":"4100905","name":"Amaporã","state":"PR"}},{"type":"Feature","geometry":{"type":"Polygon","coordinates":[[[-53.5388,-25.9709],[-53.5164,-25.964],[-53.484,-25.9942],[-53.4185,-25.994],[-53.365,-26.0203],[-53.3609,-26.0159],[-53.3712,-25.9675],[-53.3455,-25.9466],[-53.3469,-25.9268],[-53.4323,-25.9],[-53.479,-25.8643],[-53.5031,-25.8111],[-53.5333,-25.8322],[-53.5768,-25.7994],[-53.5965,-25.8019],[-53.6032,-25.8134],[-53.5698,-25.8601],[-53.5745,-25.9296],[-53.5661,-25.9573],[-53.5388,-25.9709]]]},"properties":{"code":"4101002","name":"Ampére","state":"PR"}},{"type":"Feature","geometry":{"type":"Polygon","coordinates":[[[-53.1071,-24.5696],[-53.1395,-24.5861],[-53.215,-24.6767],[-53.146,-24.7124],[-53.1117,-24.6791],[-53.0854,-24.6111],[-53.1071,-24.5696]]]},"properties":{"code":"4101051","name":"Anahy","state":"PR"}},{"type":"Feature","geometry":{"type":"Polygon","coordinates":[[[-50.37,-23.0595],[-50.2501,-23.1011],[-50.2497,-23.0758],[-50.1701,-23.0775],[-50.2103,-23.026],[-50.1943,-22.9912],[-50.2039,-22.9528],[-50.2432,-22.951],[-50.2756,-22.9316],[-50.3402,-22.9481],[-50.3357,-22.9785],[-50.3479,-23.0391],[-50.37,-23.0595]]]},"properties":{"code":"4101101","name":"Andirá","state":"PR"}},{"type":"Feature","geometry":{"type":"Polygon","coordinates":[[[-51.9625,-23.1616],[-51.9657,-23.2539],[-51.9394,-23.2639],[-51.913,-23.2204],[-51.865,-23.2151],[-51.8657,-23.1329],[-51.9145,-23.1369],[-51.9625,-23.1616]]]},"properties":{"code":"4101150","name":"Ângulo","state":"PR"}},{"type":"Feature","geometry":{"type":"Polygon","coordinates":[[[-48.8449,-25.31],[-48.8496,-25.3683],[-48.819,-25.443],[-48.7965,-25.4708],[-48.7198,-25.4837],[-48.6838,-25.5025],[-48.6154,-25.4515],[-48.5542,-25.3902],[-48.5789,-25.3524],[-48.6016,-25.3511],[-48.5771,-25.2965],[-48.6192,-25.2744],[-48.6403,-25.2289],[-48.6274,-25.1892],[-48.6529,-25.1728],[-48.6435,-25.1309],[-48.6821,-25.1205],[-48.7307,-25.0895],[-48.7605,-25.0916],[-48.7848,-25.1263],[-48.8197,-25.1323],[-48.8456,-25.1633],[-48.8302,-25.2326],[-48.8449,-25.31]]]},"properties":{"code":"4101200","name":"Antonina","state":"PR"}},{"type":"Feature","geometry":{"type":"Polygon","coordinates":[[[-50.1898,-26.07],[-50.1402,-26.0266],[-50.1242,-26.0508],[-49.9934,-26.0114],[-49.9678,-26.0051],[-49.9733,-25.9591],[-50.0112,-25.931],[-50.0131,-25.8947],[-50.0401,-25.879],[-50.0832,-25.8994],[-50.1434,-25.8875],[-50.2102,-25.8163],[-50.2282,-25.8128],[-50.2635,-25.8396],[-50.2342,-25.8604],[-50.2201,-25.941],[-50.2685,-26.0428],[-50.2475,-26.0304],[-50.2223,-26.0602],[-50.1898,-26.07]]]},"properties":{"code":"4101309","name":"Antônio Olinto","state":"PR"}},{"type":"Feature","geometry":{"type":"Polygon","coordinates":[[[-51.3013,-23.5477],[-51.3518,-23.5255],[-51.4409,-23.5004],[-51.5077,-23.4914],[-51.5321,-23.4576],[-51.5907,-23.4262],[-51.626,-23.4263],[-51.6115,-23.4837],[-51.5996,-23.5212],[-51.577,-23.5425],[-51.5595,-23.5996],[-51.492,-23.6568],[-51.4807,-23.6995],[-51.4749,-23.7251],[-51.4385,-23.7095],[-51.429,-23.6992],[-51.3884,-23.6285],[-51.3017,-23.6333],[-51.2397,-23.6249],[-51.2197,-23.5874],[-51.2364,-23.5545],[-51.2898,-23.5639],[-51.3013,-23.5477]]]},"properties":{"code":"4101408","name":"Apucarana","state":"PR"}},{"type":"Feature","geometry":{"type":"Polygon","coordinates":[[[-51.5907,-23.4262],[-51.5321,-23.4576],[-51.5077,-23.4914],[-51.4409,-23.5004],[-51.3518,-23.5255],[-51.3013,-23.5477],[-51.3092,-23.4714],[-51.3211,-23.4331],[-51.3102,-23.3835],[-51.3102,-23.3834],[-51.3496,-23.3899],[-51.3964,-23.3601],[-51.4423,-23.3631],[-51.4546,-23.3822],[-51.5004,-23.3424],[-51.5907,-23.4262]]]},"properties":{"code":"4101507","name":"Arapongas","state":"PR"}},{"type":"Feature","geometry":{"type":"Polygon","coordinates":[[[-49.7594,-24.0841],[-49.7553,-24.0656],[-49.793,-24.0038],[-49.8293,-23.9789],[-49.8303,-23.9363],[-49.9235,-23.8438],[-49.9648,-23.8697],[-49.9731,-23.9021],[-49.9704,-23.9564],[-49.9934,-23.9762],[-50.0421,-23.9897],[-50.0815,-23.9611],[-50.1183,-23.9621],[-50.1617,-23.9421],[-50.2208,-23.9975],[-50.1818,-24.0289],[-50.1319,-24.0477],[-50.1075,-24.0769],[-50.0967,-24.1197],[-50.1208,-24.143],[-50.1847,-24.1728],[-50.206,-24.2443],[-50.1694,-24.29],[-50.1237,-24.3014],[-50.0431,-24.2643],[-49.9861,-24.2454],[-49.9328,-24.2004],[-49.9105,-24.1936],[-49.7865,-24.2353],[-49.7514,-24.1701],[-49.7669,-24.1145],[-49.7594,-24.0841]]]},"properties":{"code":"4101606","name":"Arapoti","state":"PR"}},{"type":"Feature","geometry":{"type":"Polygon","coordinates":[[[-51.7389,-24.4054],[-51.7269,-24.3517],[-51.7566,-24.348],[-51.7711,-24.3236],[-51.7652,-24.2442],[-51.8128,-24.2424],[-51.8264,-24.3068],[-51.8543,-24.304],[-51.916,-24.3259],[-51.8887,-24.4],[-51.8457,-24.4195],[-51.7389,-24.4054]]]},"properties":{"code":"4101655","name":"Arapuã","state":"PR"}},{"type":"Feature","geometry":{"type":"Polygon","coordinates":[[[-52.4621,-23.955],[-52.418,-23.9326],[-52.5071,-23.8596],[-52.483,-23.8381],[-52.5188,-23.7762],[-52.5449,-23.7471],[-52.5704,-23.8106],[-52.562,-23.8406],[-52.6197,-23.9534],[-52.7056,-23.9278],[-52.6954,-23.9512],[-52.7386,-23.9945],[-52.7522,-24.0242],[-52.7006,-24.0355],[-52.6785,-24.0539],[-52.6434,-24.0485],[-52.5429,-24.1047],[-52.5235,-24.0859],[-52.5158,-24.0431],[-52.5336,-24.0179],[-52.5083,-23.9839],[-52.4621,-23.955]]]},"properties":{"code":"4101705","name":"Araruna","state":"PR"}},{"type":"Feature","geometry":{"type":"Polygon","coordinates":[[[-49.5859,-25.5999],[-49.5403,-25.6183],[-49.5415,-25.6553],[-49.4809,-25.6485],[-49.4782,-25.695],[-49.4114,-25.7509],[-49.3851,-25.7836],[-49.3697,-25.7889],[-49.3552,-25.6735],[-49.3599,-25.6432],[-49.3428,-25.5804],[-49.3396,-25.5132],[-49.3745,-25.5134],[-49.4281,-25.4807],[-49.4669,-25.4817],[-49.5637,-25.5483],[-49.5859,-25.5999]]]},"properties":{"code":"4101804","name":"Araucária","state":"PR"}},{"type":"Feature","geometry":{"type":"Polygon","coordinates":[[[-51.6595,-24.3941],[-51.6111,-24.3872],[-51.601,-24.4482],[-51.4804,-24.4285],[-51.4572,-24.4406],[-51.4264,-24.4038],[-51.4332,-24.3586],[-51.4558,-24.3187],[-51.4878,-24.3293],[-51.5234,-24.3216],[-51.5672,-24.3376],[-51.6224,-24.3177],[-51.6575,-24.3341],[-51.637,-24.3597],[-51.6595,-24.3941]]]},"properties":{"code":"4101853","name":"Ariranha do Ivaí","state":"PR"}},{"type":"Feature","geometry":{"type":"Polygon","coordinates":[[[-50.7608,-23.2875],[-50.802,-23.3052],[-50.8456,-23.2829],[-50.8739,-23.3324],[-50.8976,-23.3499],[-50.9634,-23.3034],[-50.9932,-23.319],[-50.981,-23.3426],[-50.9957,-23.3949],[-50.9535,-23.4162],[-50.9484,-23.5197],[-50.883,-23.5436],[-50.8544,-23.5294],[-50.8112,-23.4881],[-50.796,-23.4925],[-50.7836,-23.4506],[-50.8059,-23.4269],[-50.7997,-23.3884],[-50.7787,-23.3849],[-50.7673,-23.3474],[-50.7608,-23.2875]]]},"properties":{"code":"4101903","name":"Assaí","state":"PR"}},{"type":"Feature","geometry":{"type":"Polygon","coordinates":[[[-53.4811,-24.2181],[-53.5556,-24.2585],[-53.5918,-24.2415],[-53.6419,-24.2394],[-53.6666,-24.2088],[-53.6924,-24.2023],[-53.6976,-24.2387],[-53.6717,-24.2587],[-53.6927,-24.2842],[-53.7041,-24.328],[-53.6676,-24.3879],[-53.6916,-24.4402],[-53.7154,-24.4675],[-53.7154,-24.5751],[-53.596,-24.6895],[-53.5949,-24.6367],[-53.5481,-24.5326],[-53.4382,-24.574],[-53.4442,-24.5394],[-53.4559,-24.4604],[-53.4483,-24.408],[-53.4703,-24.3939],[-53.449,-24.3563],[-53.4726,-24.3137],[-53.4612,-24.2851],[-53.4681,-24.2212],[-53.4811,-24.2181]]]},"properties":{"code":"4102000","name":"Assis Chateaubriand","state":"PR"}},{"type":"Feature","geometry":{"type":"Polygon","coordinates":[[[-51.593,-23.1306],[-51.595,-23.1162],[-51.6723,-23.0869],[-51.6942,-23.1569],[-51.7239,-23.1702],[-51.7319,-23.2225],[-51.763,-23.2256],[-51.7819,-23.2523],[-51.8183,-23.2591],[-51.8685,-23.288],[-51.8464,-23.3279],[-51.8116,-23.3225],[-51.7764,-23.3355],[-51.7279,-23.3518],[-51.6902,-23.3777],[-51.6767,-23.3739],[-51.5916,-23.283],[-51.6223,-23.2289],[-51.6094,-23.1518],[-51.593,-23.1306]]]},"properties":{"code":"4102109","name":"Astorga","state":"PR"}},{"type":"Feature","geometry":{"type":"Polygon","coordinates":[[[-52.1536,-23.104],[-52.1081,-23.1902],[-52.0708,-23.1897],[-52.0207,-23.1559],[-51.9734,-23.1556],[-52.0134,-23.0982],[-52.0118,-23.0771],[-52.0275,-23.0596],[-52.0828,-23.0905],[-52.1536,-23.104]]]},"properties":{"code":"4102208","name":"Atalaia","state":"PR"}},{"type":"Feature","geometry":{"type":"Polygon","coordinates":[[[-49.5637,-25.5483],[-49.591,-25.5112],[-49.5737,-25.4649],[-49.6117,-25.4514],[-49.6455,-25.4689],[-49.6886,-25.4664],[-49.7212,-25.4335],[-49.7566,-25.3606],[-49.7412,-25.4084],[-49.7672,-25.4667],[-49.799,-25.4974],[-49.8094,-25.5538],[-49.7733,-25.5796],[-49.7079,-25.6048],[-49.6837,-25.591],[-49.6316,-25.5884],[-49.6015,-25.6076],[-49.5859,-25.5999],[-49.5637,-25.5483]]]},"properties":{"code":"4102307","name":"Balsa Nova","state":"PR"}},{"type":"Feature","geometry":{"type":"Polygon","coordinates":[[[-50.4685,-23.2087],[-50.4496,-23.2096],[-50.3933,-23.2479],[-50.3584,-23.2472],[-50.33,-23.2755],[-50.3042,-23.2592],[-50.2505,-23.2461],[-50.2249,-23.2244],[-50.2094,-23.1876],[-50.2406,-23.1355],[-50.2501,-23.1011],[-50.37,-23.0595],[-50.4478,-23.0313],[-50.4543,-23.1453],[-50.4652,-23.1944],[-50.4685,-23.2087]]]},"properties":{"code":"4102406","name":"Bandeirantes","state":"PR"}},{"type":"Feature","geometry":{"type":"Polygon","coordinates":[[[-51.9178,-24.1038],[-51.9463,-24.0418],[-51.9461,-23.9742],[-51.968,-23.9493],[-52.0709,-23.9962],[-52.118,-23.9563],[-52.1753,-24.0037],[-52.1865,-24.0523],[-52.1645,-24.0736],[-52.1208,-24.067],[-52.1004,-24.0502],[-52.0502,-24.1236],[-52.0836,-24.1472],[-52.1164,-24.1495],[-52.1514,-24.197],[-52.2106,-24.1696],[-52.2276,-24.1784],[-52.2221,-24.193],[-52.1488,-24.2015],[-52.1445,-24.2141],[-52.0832,-24.2229],[-52.0155,-24.2214],[-51.9927,-24.2027],[-51.9408,-24.1558],[-51.9178,-24.1038]]]},"properties":{"code":"4102505","name":"Barbosa Ferraz","state":"PR"}},{"type":"Feature","geometry":{"type":"Polygon","coordinates":[[[-53.639,-26.2508],[-53.5843,-26.2591],[-53.5573,-26.2871],[-53.4958,-26.3028],[-53.4309,-26.2821],[-53.4308,-26.282],[-53.4548,-26.2457],[-53.4386,-26.2177],[-53.474,-26.1984],[-53.5058,-26.219],[-53.541,-26.1975],[-53.604,-26.218],[-53.6514,-26.2068],[-53.639,-26.2508]]]},"properties":{"code":"4102604","name":"Barracão","state":"PR"}},{"type":"Feature","geometry":{"type":"Polygon","coordinates":[[[-50.2406,-23.1355],[-50.1673,-23.1347],[-50.1342,-23.1448],[-50.0973,-23.1349],[-50.0628,-23.0932],[-50.1083,-23.0692],[-50.1701,-23.0775],[-50.2497,-23.0758],[-50.2501,-23.1011],[-50.2406,-23.1355]]]},"properties":{"code":"4102703","name":"Barra do Jacaré","state":"PR"}},{"type":"Feature","geometry":{"type":"Polygon","coordinates":[[[-53.6971,-25.9018],[-53.6835,-25.9238],[-53.6096,-25.9516],[-53.5745,-25.9296],[-53.5698,-25.8601],[-53.6032,-25.8134],[-53.6355,-25.8303],[-53.6934,-25.8263],[-53.6866,-25.8528],[-53.6971,-25.9018]]]},"properties":{"code":"4102752","name":"Bela Vista da Caroba","state":"PR"}},{"type":"Feature","geometry":{"type":"Polygon","coordinates":[[[-51.1702,-23.1179],[-51.1695,-22.9671],[-51.1775,-22.9],[-51.2032,-22.9448],[-51.2236,-22.9567],[-51.2719,-22.9249],[-51.3158,-22.9157],[-51.3239,-22.9531],[-51.3442,-22.9617],[-51.3204,-23.0128],[-51.2826,-23.0445],[-51.2319,-23.0518],[-51.2314,-23.1181],[-51.1702,-23.1179]]]},"properties":{"code":"4102802","name":"Bela Vista do Paraíso","state":"PR"}},{"type":"Feature","geometry":{"type":"Polygon","coordinates":[[[-51.5778,-26.2934],[-51.4704,-26.3139],[-51.4282,-26.348],[-51.3819,-26.3254],[-51.3657,-26.2944],[-51.3181,-26.2565],[-51.2867,-26.2445],[-51.2813,-26.1412],[-51.2616,-26.1011],[-51.3062,-26.124],[-51.3443,-26.112],[-51.363,-26.0782],[-51.412,-26.0876],[-51.4383,-26.072],[-51.4817,-26.0803],[-51.5052,-26.0583],[-51.5853,-26.0381],[-51.6192,-26.0037],[-51.6677,-26.0103],[-51.7096,-25.9781],[-51.6808,-25.9328],[-51.7142,-25.9217],[-51.743,-25.9707],[-51.7395,-25.9946],[-51.723,-26.0069],[-51.7383,-26.0493],[-51.6962,-26.1042],[-51.7308,-26.1976],[-51.7796,-26.2221],[-51.7718,-26.2508],[-51.7254,-26.2589],[-51.6936,-26.2461],[-51.629,-26.2902],[-51.5778,-26.2934]]]},"properties":{"code":"4102901","name":"Bituruna","state":"PR"}},{"type":"Feature","geometry":{"type":"Polygon","coordinates":[[[-52.7015,-24.2988],[-52.6561,-24.2946],[-52.6276,-24.2417],[-52.6491,-24.2085],[-52.7019,-24.1395],[-52.7273,-24.1788],[-52.8055,-24.1868],[-52.8305,-24.2446],[-52.814,-24.2877],[-52.8694,-24.3163],[-52.8693,-24.3854],[-52.7999,-24.3468],[-52.7467,-24.2976],[-52.7015,-24.2988]]]},"properties":{"code":"4103008","name":"Boa Esperança","state":"PR"}},{"type":"Feature","geometry":{"type":"Polygon","coordinates":[[[-53.1692,-25.656],[-53.1545,-25.6256],[-53.195,-25.5635],[-53.2619,-25.5919],[-53.3023,-25.6706],[-53.2598,-25.6998],[-53.2069,-25.706],[-53.1777,-25.6915],[-53.1692,-25.656]]]},"properties":{"code":"4103024","name":"Boa Esperança do Iguaçu","state":"PR"}},{"type":"Feature","geometry":{"type":"Polygon","coordinates":[[[-51.6591,-25.0135],[-51.617,-24.9987],[-51.5688,-24.9637],[-51.5191,-24.9435],[-51.4454,-24.8584],[-51.4597,-24.837],[-51.4101,-24.7563],[-51.4167,-24.7222],[-51.4719,-24.6475],[-51.5119,-24.6571],[-51.5465,-24.7844],[-51.6142,-24.8249],[-51.6403,-24.8669],[-51.6915,-24.8961],[-51.7805,-24.8778],[-51.7356,-24.9373],[-51.7575,-24.9821],[-51.7087,-25.0122],[-51.6591,-25.0135]]]},"properties":{"code":"4103040","name":"Boa Ventura de São Roque","state":"PR"}},{"type":"Feature","geometry":{"type":"Polygon","coordinates":[[[-53.332,-25.3637],[-53.4804,-25.3421],[-53.511,-25.3951],[-53.5148,-25.441],[-53.4753,-25.4622],[-53.4686,-25.4956],[-53.4789,-25.5315],[-53.4377,-25.5049],[-53.3869,-25.5058],[-53.3701,-25.5315],[-53.3388,-25.5136],[-53.344,-25.4798],[-53.3647,-25.4522],[-53.3341,-25.3923],[-53.332,-25.3637]]]},"properties":{"code":"4103057","name":"Boa Vista da Aparecida","state":"PR"}},{"type":"Feature","geometry":{"type":"Polygon","coordinates":[[[-49.0939,-25.2751],[-49.0637,-25.2652],[-49.0154,-25.2708],[-48.9693,-25.253],[-48.9435,-25.1979],[-48.9015,-25.1942],[-48.867,-25.1443],[-48.8596,-25.1039],[-48.825,-25.0969],[-48.795,-25.0635],[-48.7551,-25.0612],[-48.7312,-25.0331],[-48.695,-25.0534],[-48.632,-24.9968],[-48.5981,-25.0033],[-48.5674,-24.9723],[-48.5664,-24.9168],[-48.6307,-24.9272],[-48.6503,-24.944],[-48.6847,-24.9681],[-48.7187,-24.9703],[-48.7601,-25.0011],[-48.7968,-25.0048],[-48.826,-25.0307],[-48.9269,-25.0343],[-48.9343,-25.0477],[-49.0123,-25.037],[-49.054,-25.0509],[-49.0939,-25.0741],[-49.0761,-25.1213],[-49.1284,-25.1341],[-49.1783,-25.1644],[-49.1778,-25.198],[-49.2211,-25.2098],[-49.222,-25.2305],[-49.1472,-25.2468],[-49.123,-25.2782],[-49.0939,-25.2751]]]},"properties":{"code":"4103107","name":"Bocaiúva do Sul","state":"PR"}},{"type":"Feature","geometry":{"type":"Polygon","coordinates":[[[-53.6514,-26.2068],[-53.604,-26.218],[-53.541,-26.1975],[-53.5058,-26.219],[-53.474,-26.1984],[-53.4619,-26.1649],[-53.482,-26.1236],[-53.5362,-26.0929],[-53.568,-26.0968],[-53.5851,-26.1263],[-53.6446,-26.1721],[-53.6721,-26.1762],[-53.6514,-26.2068]]]},"properties":{"code":"4103156","name":"Bom Jesus do Sul","state":"PR"}},{"type":"Feature","geometry":{"type":"Polygon","coordinates":[[[-51.695,-23.7043],[-51.696,-23.6804],[-51.7659,-23.6576],[-51.7957,-23.6309],[-51.8358,-23.632],[-51.8882,-23.6451],[-51.9399,-23.673],[-51.9636,-23.6945],[-51.9192,-23.726],[-51.8835,-23.8067],[-51.7946,-23.7816],[-51.7663,-23.7942],[-51.7514,-23.7525],[-51.695,-23.7043]]]},"properties":{"code":"4103206","name":"Bom Sucesso","state":"PR"}},{"type":"Feature","geometry":{"type":"Polygon","coordinates":[[[-52.93,-26.0709],[-52.9331,-26.0888],[-52.82,-26.1467],[-52.7993,-26.1635],[-52.7193,-26.1442],[-52.7431,-26.1097],[-52.8124,-26.0737],[-52.809,-26.0261],[-52.893,-26.0025],[-52.9144,-26.0244],[-52.93,-26.0709]]]},"properties":{"code":"4103222","name":"Bom Sucesso do Sul","state":"PR"}},{"type":"Feature","geometry":{"type":"Polygon","coordinates":[[[-51.5065,-23.8573],[-51.5577,-23.8695],[-51.587,-23.8617],[-51.6533,-23.8671],[-51.6793,-23.8843],[-51.6885,-23.9296],[-51.731,-23.9389],[-51.6838,-23.9764],[-51.6753,-24.002],[-51.6409,-24.0462],[-51.619,-24.0255],[-51.5426,-24.0157],[-51.5217,-23.9671],[-51.4593,-23.8832],[-51.4573,-23.8802],[-51.5065,-23.8573]]]},"properties":{"code":"4103305","name":"Borrazópolis","state":"PR"}},{"type":"Feature","geometry":{"type":"Polygon","coordinates":[[[-53.0831,-24.9195],[-53.0581,-24.8686],[-53.0584,-24.8403],[-53.0368,-24.7961],[-52.9924,-24.7696],[-52.9635,-24.7048],[-52.979,-24.6699],[-53.0248,-24.667],[-53.0444,-24.6504],[-53.0627,-24.7433],[-53.0746,-24.7541],[-53.1352,-24.7461],[-53.1843,-24.785],[-53.1944,-24.8238],[-53.1726,-24.8744],[-53.1904,-24.9057],[-53.1846,-24.9376],[-53.1597,-24.9179],[-53.0831,-24.9195]]]},"properties":{"code":"4103354","name":"Braganey","state":"PR"}},{"type":"Feature","geometry":{"type":"Polygon","coordinates":[[[-53.4811,-24.2181],[-53.4363,-24.112],[-53.5191,-24.0504],[-53.5557,-24.0911],[-53.6666,-24.2088],[-53.6419,-24.2394],[-53.5918,-24.2415],[-53.5556,-24.2585],[-53.4811,-24.2181]]]},"properties":{"code":"4103370","name":"Brasilândia do Sul","state":"PR"}},{"type":"Feature","geometry":{"type":"Polygon","coordinates":[[[-51.6404,-22.8312],[-51.661,-22.7969],[-51.6969,-22.789],[-51.6887,-22.7449],[-51.7251,-22.7011],[-51.7595,-22.7393],[-51.7704,-22.7776],[-51.7592,-22.8305],[-51.8002,-22.831],[-51.7637,-22.8491],[-51.7253,-22.8909],[-51.6316,-22.8889],[-51.6525,-22.8616],[-51.6404,-22.8312]]]},"properties":{"code":"4103404","name":"Cafeara","state":"PR"}},{"type":"Feature","geometry":{"type":"Polygon","coordinates":[[[-53.2434,-24.6247],[-53.2672,-24.6223],[-53.2924,-24.5858],[-53.3335,-24.5857],[-53.3583,-24.6023],[-53.3863,-24.6525],[-53.4265,-24.6417],[-53.4482,-24.6894],[-53.457,-24.7437],[-53.4562,-24.7996],[-53.3453,-24.7903],[-53.3532,-24.7371],[-53.2999,-24.6832],[-53.2407,-24.6382],[-53.2434,-24.6247]]]},"properties":{"code":"4103453","name":"Cafelândia","state":"PR"}},{"type":"Feature","geometry":{"type":"Polygon","coordinates":[[[-53.4578,-23.9799],[-53.5315,-23.8652],[-53.4996,-23.839],[-53.536,-23.8196],[-53.6185,-23.848],[-53.6804,-23.911],[-53.6441,-23.9449],[-53.6058,-23.9571],[-53.58,-23.9967],[-53.6064,-24.0281],[-53.5562,-24.0741],[-53.5557,-24.0911],[-53.5191,-24.0504],[-53.4578,-23.9799]]]},"properties":{"code":"4103479","name":"Cafezal do Sul","state":"PR"}},{"type":"Feature","geometry":{"type":"Polygon","coordinates":[[[-51.2397,-23.6249],[-51.3017,-23.6333],[-51.3884,-23.6285],[-51.429,-23.6992],[-51.3599,-23.716],[-51.3015,-23.7155],[-51.249,-23.6638],[-51.2397,-23.6249]]]},"properties":{"code":"4103503","name":"Califórnia","state":"PR"}},{"type":"Feature","geometry":{"type":"Polygon","coordinates":[[[-50.1701,-23.0775],[-50.1083,-23.0692],[-50.0628,-23.0932],[-50.006,-23.0385],[-49.9712,-23.0173],[-49.9742,-22.9545],[-49.9614,-22.9309],[-49.9862,-22.8975],[-50.0146,-22.9113],[-50.0528,-22.9055],[-50.1331,-22.9399],[-50.2039,-22.9528],[-50.1943,-22.9912],[-50.2103,-23.026],[-50.1701,-23.0775]]]},"properties":{"code":"4103602","name":"Cambará","state":"PR"}},{"type":"Feature","geometry":{"type":"Polygon","coordinates":[[[-51.3102,-23.3835],[-51.2674,-23.3964],[-51.2301,-23.3254],[-51.2112,-23.307],[-51.2474,-23.2679],[-51.2222,-23.2433],[-51.1856,-23.2404],[-51.2074,-23.1915],[-51.1704,-23.1715],[-51.1702,-23.1179],[-51.2314,-23.1181],[-51.2319,-23.0518],[-51.2826,-23.0445],[-51.3204,-23.0128],[-51.3436,-23.0268],[-51.3983,-23.0903],[-51.3963,-23.1295],[-51.418,-23.1688],[-51.3062,-23.1719],[-51.2991,-23.198],[-51.3343,-23.2889],[-51.29,-23.3315],[-51.3102,-23.3834],[-51.3102,-23.3835]]]},"properties":{"code":"4103701","name":"Cambé","state":"PR"}},{"type":"Feature","geometry":{"type":"Polygon","coordinates":[[[-51.593,-23.7046],[-51.4807,-23.6995],[-51.492,-23.6568],[-51.5595,-23.5996],[-51.577,-23.5425],[-51.5996,-23.5212],[-51.6115,-23.4837],[-51.6288,-23.5102],[-51.6254,-23.5503],[-51.602,-23.5816],[-51.6106,-23.6875],[-51.593,-23.7046]]]},"properties":{"code":"4103800","name":"Cambira","state":"PR"}},{"type":"Feature","geometry":{"type":"Polygon","coordinates":[[[-52.7039,-24.7475],[-52.686,-24.731],[-52.6934,-24.683],[-52.6647,-24.6386],[-52.6107,-24.6037],[-52.5961,-24.5756],[-52.6096,-24.5275],[-52.6569,-24.4987],[-52.7365,-24.473],[-52.7671,-24.4947],[-52.8605,-24.4993],[-52.873,-24.5112],[-52.9205,-24.5631],[-52.9446,-24.6317],[-52.979,-24.6699],[-52.9635,-24.7048],[-52.9134,-24.7166],[-52.9197,-24.7621],[-52.8601,-24.7586],[-52.8392,-24.7314],[-52.7643,-24.7473],[-52.7039,-24.7475]]]},"properties":{"code":"4103909","name":"Campina da Lagoa","state":"PR"}},{"type":"Feature","geometry":{"type":"Polygon","coordinates":[[[-51.671,-25.094],[-51.7029,-25.0713],[-51.7304,-25.08],[-51.7747,-25.0544],[-51.7729,-25.0237],[-51.8072,-25.019],[-51.8337,-24.9975],[-51.8948,-25.0159],[-51.8727,-25.1038],[-51.8871,-25.1742],[-51.8731,-25.2223],[-51.7873,-25.233],[-51.7456,-25.2021],[-51.7108,-25.2296],[-51.6529,-25.2207],[-51.6535,-25.1404],[-51.671,-25.094]]]},"properties":{"code":"4103958","name":"Campina do Simão","state":"PR"}},{"type":"Feature","geometry":{"type":"Polygon","coordinates":[[[-48.5981,-25.0033],[-48.632,-24.9968],[-48.695,-25.0534],[-48.7312,-25.0331],[-48.7551,-25.0612],[-48.795,-25.0635],[-48.825,-25.0969],[-48.8596,-25.1039],[-48.867,-25.1443],[-48.9015,-25.1942],[-48.9435,-25.1979],[-48.9693,-25.253],[-49.0154,-25.2708],[-49.0637,-25.2652],[-49.0939,-25.2751],[-49.1228,-25.2996],[-49.1355,-25.3408],[-49.1239,-25.3706],[-49.0449,-25.3456],[-49.0165,-25.3125],[-48.964,-25.3028],[-48.9064,-25.333],[-48.8845,-25.2903],[-48.8449,-25.31],[-48.8302,-25.2326],[-48.8456,-25.1633],[-48.8197,-25.1323],[-48.7848,-25.1263],[-48.7605,-25.0916],[-48.7307,-25.0895],[-48.6821,-25.1205],[-48.6435,-25.1309],[-48.6089,-25.093],[-48.5563,-25.0843],[-48.5796,-25.0531],[-48.5981,-25.0033]]]},"properties":{"code":"4104006","name":"Campina Grande do Sul","state":"PR"}},{"type":"Feature","geometry":{"type":"Polygon","coordinates":[[[-53.0785,-25.0971],[-52.9782,-25.103],[-52.9494,-25.0906],[-52.9538,-25.0268],[-52.9826,-24.9732],[-52.9876,-24.9353],[-52.9691,-24.9143],[-52.9654,-24.8746],[-52.9785,-24.8376],[-52.9547,-24.795],[-52.9197,-24.7621],[-52.9134,-24.7166],[-52.9635,-24.7048],[-52.9924,-24.7696],[-53.0368,-24.7961],[-53.0584,-24.8403],[-53.0581,-24.8686],[-53.0831,-24.9195],[-53.1041,-24.9605],[-53.0757,-25.0034],[-53.1009,-25.0958],[-53.0785,-25.0971]]]},"properties":{"code":"4104055","name":"Campo Bonito","state":"PR"}},{"type":"Feature","geometry":{"type":"Polygon","coordinates":[[[-49.7921,-25.9464],[-49.7914,-26.0005],[-49.7734,-26.0282],[-49.6801,-26.0265],[-49.6218,-26.0464],[-49.5935,-26.0261],[-49.5399,-26.0704],[-49.5465,-26.0251],[-49.5407,-25.9483],[-49.6015,-25.9205],[-49.6056,-25.8963],[-49.6444,-25.8931],[-49.7036,-25.9283],[-49.7921,-25.9464]]]},"properties":{"code":"4104105","name":"Campo do Tenente","state":"PR"}},{"type":"Feature","geometry":{"type":"Polygon","coordinates":[[[-49.3835,-25.4189],[-49.4709,-25.3747],[-49.4734,-25.3259],[-49.5376,-25.2654],[-49.5759,-25.2426],[-49.5735,-25.1928],[-49.5553,-25.1781],[-49.5627,-25.1489],[-49.6017,-25.0875],[-49.5485,-25.0401],[-49.5986,-25.0106],[-49.6042,-24.9865],[-49.6402,-25.0075],[-49.6657,-25.0006],[-49.7049,-25.0291],[-49.7428,-25.0792],[-49.7316,-25.1272],[-49.6827,-25.1653],[-49.6929,-25.1945],[-49.7308,-25.2244],[-49.773,-25.1954],[-49.8159,-25.2253],[-49.8492,-25.2339],[-49.8197,-25.2701],[-49.7566,-25.3606],[-49.7212,-25.4335],[-49.6886,-25.4664],[-49.6455,-25.4689],[-49.6117,-25.4514],[-49.5737,-25.4649],[-49.591,-25.5112],[-49.5637,-25.5483],[-49.4669,-25.4817],[-49.4281,-25.4807],[-49.3745,-25.5134],[-49.3834,-25.4858],[-49.3835,-25.4189]]]},"properties":{"code":"4104204","name":"Campo Largo","state":"PR"}},{"type":"Feature","geometry":{"type":"Polygon","coordinates":[[[-49.5553,-25.1781],[-49.5735,-25.1928],[-49.5759,-25.2426],[-49.5376,-25.2654],[-49.4734,-25.3259],[-49.4709,-25.3747],[-49.3835,-25.4189],[-49.3478,-25.3759],[-49.3402,-25.3495],[-49.3966,-25.3258],[-49.416,-25.2654],[-49.4522,-25.2438],[-49.4495,-25.2013],[-49.4667,-25.1846],[-49.5553,-25.1781]]]},"properties":{"code":"4104253","name":"Campo Magro","state":"PR"}},{"type":"Feature","geometry":{"type":"Polygon","coordinates":[[[-52.1882,-24.0532],[-52.2313,-24.0317],[-52.2505,-23.9952],[-52.3709,-23.9898],[-52.4237,-24.0073],[-52.4585,-23.9812],[-52.4621,-23.955],[-52.5083,-23.9839],[-52.5336,-24.0179],[-52.5158,-24.0431],[-52.5235,-24.0859],[-52.5429,-24.1047],[-52.5231,-24.1264],[-52.5062,-24.1738],[-52.5229,-24.224],[-52.4732,-24.2347],[-52.443,-24.2981],[-52.4194,-24.2842],[-52.3911,-24.2191],[-52.3458,-24.1601],[-52.3272,-24.154],[-52.2221,-24.193],[-52.2276,-24.1784],[-52.1921,-24.135],[-52.2072,-24.0959],[-52.1882,-24.0532]]]},"properties":{"code":"4104303","name":"Campo Mourão","state":"PR"}},{"type":"Feature","geometry":{"type":"Polygon","coordinates":[[[-51.4101,-24.7563],[-51.3742,-24.7733],[-51.3328,-24.7596],[-51.2824,-24.7746],[-51.2227,-24.7727],[-51.1943,-24.7982],[-51.1564,-24.808],[-51.1168,-24.8665],[-51.1188,-24.901],[-51.0866,-24.9368],[-51.0569,-24.9385],[-51.0176,-24.9691],[-50.988,-24.964],[-50.9629,-24.933],[-51.0018,-24.8628],[-51.0288,-24.8551],[-51.0669,-24.8159],[-51.064,-24.6914],[-51.0795,-24.6443],[-51.1319,-24.6161],[-51.1315,-24.5808],[-51.1592,-24.5682],[-51.1661,-24.4885],[-51.139,-24.4681],[-51.2386,-24.4352],[-51.3007,-24.4145],[-51.385,-24.4383],[-51.4264,-24.4038],[-51.4572,-24.4406],[-51.4804,-24.4285],[-51.4734,-24.4676],[-51.4529,-24.4823],[-51.4505,-24.5297],[-51.4684,-24.555],[-51.4549,-24.5811],[-51.4891,-24.6259],[-51.4719,-24.6475],[-51.4167,-24.7222],[-51.4101,-24.7563]]]},"properties":{"code":"4104402","name":"Cândido de Abreu","state":"PR"}},{"type":"Feature","geometry":{"type":"Polygon","coordinates":[[[-51.9747,-25.6505],[-51.9415,-25.6526],[-51.9291,-25.6302],[-51.8913,-25.6388],[-51.8694,-25.6067],[-51.8385,-25.617],[-51.7973,-25.5959],[-51.8122,-25.558],[-51.7769,-25.5181],[-51.7508,-25.4638],[-51.7713,-25.4438],[-51.7584,-25.3828],[-51.766,-25.3598],[-51.7373,-25.3059],[-51.759,-25.2999],[-51.7978,-25.3257],[-51.857,-25.3123],[-51.8816,-25.329],[-51.9355,-25.3312],[-52.0091,-25.3645],[-52.0622,-25.3908],[-52.114,-25.452],[-52.1928,-25.4781],[-52.2174,-25.4849],[-52.2423,-25.5654],[-52.2748,-25.5767],[-52.3047,-25.6483],[-52.3429,-25.6418],[-52.3772,-25.6638],[-52.3953,-25.7003],[-52.3544,-25.7031],[-52.3274,-25.6786],[-52.296,-25.7087],[-52.2331,-25.7404],[-52.1254,-25.6736],[-52.0986,-25.6321],[-52.0586,-25.6139],[-51.9747,-25.6505]]]},"properties":{"code":"4104428","name":"Candói","state":"PR"}},{"type":"Feature","geometry":{"type":"Polygon","coordinates":[[[-52.0822,-25.1371],[-52.2265,-25.1553],[-52.2603,-25.1475],[-52.2396,-25.2494],[-52.2189,-25.2556],[-52.2201,-25.293],[-52.2052,-25.3305],[-52.1723,-25.3652],[-52.1761,-25.4291],[-52.2053,-25.4562],[-52.1928,-25.4781],[-52.114,-25.452],[-52.0622,-25.3908],[-52.0091,-25.3645],[-52.0032,-25.3098],[-51.9962,-25.2935],[-52.0252,-25.2461],[-52.0575,-25.2416],[-52.0758,-25.2103],[-52.0822,-25.1371]]]},"properties":{"code":"4104451","name":"Cantagalo","state":"PR"}},{"type":"Feature","geometry":{"type":"Polygon","coordinates":[[[-53.6818,-25.5048],[-53.7176,-25.5521],[-53.7759,-25.5558],[-53.7911,-25.6056],[-53.8181,-25.5897],[-53.8073,-25.54],[-53.8958,-25.595],[-53.9165,-25.5829],[-53.94,-25.5716],[-53.9912,-25.5861],[-53.9609,-25.6291],[-53.9318,-25.6226],[-53.8625,-25.6586],[-53.8498,-25.6908],[-53.8209,-25.7092],[-53.7795,-25.7057],[-53.7309,-25.6662],[-53.7089,-25.6742],[-53.6678,-25.6483],[-53.622,-25.6482],[-53.6189,-25.5852],[-53.6042,-25.5618],[-53.6241,-25.5331],[-53.6818,-25.5048]]]},"properties":{"code":"4104501","name":"Capanema","state":"PR"}},{"type":"Feature","geometry":{"type":"Polygon","coordinates":[[[-53.4789,-25.5315],[-53.4686,-25.4956],[-53.4753,-25.4622],[-53.5148,-25.441],[-53.5953,-25.4335],[-53.6083,-25.4194],[-53.6265,-25.3466],[-53.6542,-25.3509],[-53.6588,-25.3517],[-53.6757,-25.3716],[-53.6732,-25.4297],[-53.6986,-25.4845],[-53.6818,-25.5048],[-53.6241,-25.5331],[-53.6042,-25.5618],[-53.5763,-25.562],[-53.5793,-25.5257],[-53.5503,-25.5096],[-53.5367,-25.5462],[-53.5,-25.5499],[-53.4789,-25.5315]]]},"properties":{"code":"4104600","name":"Capitão Leônidas Marques","state":"PR"}},{"type":"Feature","geometry":{"type":"Polygon","coordinates":[[[-50.3233,-24.8924],[-50.3016,-24.9237],[-50.2467,-24.9558],[-50.1776,-24.9634],[-50.1589,-24.9962],[-50.125,-25.0108],[-50.0567,-24.9896],[-49.9787,-25.021],[-49.9592,-25.0127],[-49.9399,-24.9462],[-50.009,-24.9141],[-50.0331,-24.8734],[-50.0773,-24.8469],[-50.0776,-24.8193],[-50.1042,-24.8063],[-50.1306,-24.8214],[-50.1492,-24.7832],[-50.1948,-24.7559],[-50.2463,-24.7652],[-50.3049,-24.7836],[-50.2955,-24.8195],[-50.3266,-24.8454],[-50.3233,-24.8924]]]},"properties":{"code":"4104659","name":"Carambeí","state":"PR"}},{"type":"Feature","geometry":{"type":"Polygon","coordinates":[[[-49.6242,-23.5233],[-49.6214,-23.4933],[-49.5981,-23.4582],[-49.5818,-23.429],[-49.6025,-23.4085],[-49.5954,-23.3671],[-49.6379,-23.3495],[-49.6945,-23.3608],[-49.7481,-23.3906],[-49.7919,-23.3903],[-49.8412,-23.4346],[-49.8654,-23.4585],[-49.8131,-23.5005],[-49.8266,-23.5313],[-49.8187,-23.5589],[-49.7371,-23.5603],[-49.6524,-23.5467],[-49.6242,-23.5233]]]},"properties":{"code":"4104709","name":"Carlópolis","state":"PR"}},{"type":"Feature","geometry":{"type":"Polygon","coordinates":[[[-53.4804,-25.3421],[-53.332,-25.3637],[-53.312,-25.3671],[-53.3263,-25.3032],[-53.2826,-25.2909],[-53.2539,-25.1937],[-53.2264,-25.1642],[-53.2215,-25.1362],[-53.167,-25.1009],[-53.1009,-25.0958],[-53.0757,-25.0034],[-53.1041,-24.9605],[-53.0831,-24.9195],[-53.1597,-24.9179],[-53.1846,-24.9376],[-53.2727,-24.9048],[-53.2728,-24.8384],[-53.2836,-24.8322],[-53.4064,-24.8359],[-53.3453,-24.7903],[-53.4562,-24.7996],[-53.457,-24.7437],[-53.5371,-24.7468],[-53.5744,-24.8032],[-53.6842,-24.7799],[-53.691,-24.8132],[-53.6546,-24.8678],[-53.625,-24.8709],[-53.5946,-24.9268],[-53.5506,-24.9492],[-53.5715,-24.9857],[-53.5606,-25.0238],[-53.5184,-25.0525],[-53.5418,-25.101],[-53.5278,-25.1691],[-53.5321,-25.2171],[-53.4435,-25.2249],[-53.4256,-25.2409],[-53.4335,-25.2926],[-53.4804,-25.3421]]]},"properties":{"code":"4104808","name":"Cascavel","state":"PR"}},{"type":"Feature","geometry":{"type":"Polygon","coordinates":[[[-50.2463,-24.7652],[-50.1948,-24.7559],[-50.1492,-24.7832],[-50.1306,-24.8214],[-50.1042,-24.8063],[-50.0776,-24.8193],[-50.0773,-24.8469],[-50.0331,-24.8734],[-50.009,-24.9141],[-49.9399,-24.9462],[-49.9592,-25.0127],[-49.9787,-25.021],[-49.9727,-25.0646],[-49.9382,-25.0724],[-49.8751,-25.0361],[-49.8313,-25.0498],[-49.7049,-25.0291],[-49.6657,-25.0006],[-49.6402,-25.0075],[-49.6042,-24.9865],[-49.5749,-24.9594],[-49.5395,-24.9165],[-49.4988,-24.9053],[-49.5284,-24.8621],[-49.5389,-24.8188],[-49.5674,-24.7955],[-49.5298,-24.7156],[-49.5735,-24.668],[-49.6204,-24.6827],[-49.6415,-24.642],[-49.6737,-24.6036],[-49.7332,-24.6106],[-49.9108,-24.5842],[-49.9414,-24.627],[-49.9588,-24.6104],[-49.9928,-24.6459],[-50.0834,-24.6008],[-50.1348,-24.5411],[-50.1672,-24.5526],[-50.1676,-24.6109],[-50.1562,-24.6299],[-50.19,-24.6533],[-50.1584,-24.6914],[-50.1943,-24.7287],[-50.2463,-24.7652]]]},"properties":{"code":"4104907","name":"Castro","state":"PR"}},{"type":"Feature","geometry":{"type":"Polygon","coordinates":[[[-52.9699,-25.209],[-53.1012,-25.1942],[-53.0785,-25.0971],[-53.1009,-25.0958],[-53.167,-25.1009],[-53.2215,-25.1362],[-53.2264,-25.1642],[-53.2539,-25.1937],[-53.2826,-25.2909],[-53.3263,-25.3032],[-53.312,-25.3671],[-53.27,-25.3741],[-53.2412,-25.3306],[-53.21,-25.3164],[-53.1821,-25.329],[-53.1274,-25.3271],[-53.0826,-25.3537],[-53.0325,-25.329],[-53.0104,-25.2422],[-52.9699,-25.209]]]},"properties":{"code":"4105003","name":"Catanduvas","state":"PR"}},{"type":"Feature","geometry":{"type":"Polygon","coordinates":[[[-51.5778,-22.913],[-51.5498,-22.9009],[-51.5319,-22.931],[-51.4809,-22.9172],[-51.4759,-22.8326],[-51.4843,-22.7981],[-51.4826,-22.7588],[-51.5126,-22.729],[-51.5172,-22.69],[-51.5596,-22.6972],[-51.6279,-22.6582],[-51.6305,-22.6579],[-51.6282,-22.8314],[-51.6404,-22.8312],[-51.6525,-22.8616],[-51.6316,-22.8889],[-51.604,-22.9175],[-51.5778,-22.913]]]},"properties":{"code":"4105102","name":"Centenário do Sul","state":"PR"}},{"type":"Feature","geometry":{"type":"Polygon","coordinates":[[[-49.4988,-24.9053],[-49.4511,-24.9157],[-49.3897,-24.8951],[-49.3809,-24.932],[-49.3933,-24.9754],[-49.3035,-25.0399],[-49.2401,-25.0747],[-49.2064,-25.0731],[-49.1428,-25.0978],[-49.0939,-25.0741],[-49.054,-25.0509],[-49.0929,-25.0382],[-49.0944,-25.0101],[-49.1233,-24.8975],[-49.1054,-24.8923],[-49.0754,-24.8528],[-49.062,-24.7874],[-49.1008,-24.7741],[-49.1132,-24.7323],[-49.1368,-24.7091],[-49.1298,-24.6819],[-49.1579,-24.6719],[-49.1857,-24.6728],[-49.2079,-24.7009],[-49.221,-24.7386],[-49.2035,-24.7795],[-49.2922,-24.783],[-49.3173,-24.7648],[-49.3822,-24.7439],[-49.3941,-24.7294],[-49.5298,-24.7156],[-49.5674,-24.7955],[-49.5389,-24.8188],[-49.5284,-24.8621],[-49.4988,-24.9053]]]},"properties":{"code":"4105201","name":"Cerro Azul","state":"PR"}},{"type":"Feature","geometry":{"type":"Polygon","coordinates":[[[-53.954,-25.1031],[-53.9496,-25.1623],[-53.9005,-25.2009],[-53.9069,-25.2693],[-53.7788,-25.327],[-53.8154,-25.4069],[-53.8034,-25.4293],[-53.813,-25.4847],[-53.791,-25.5086],[-53.8073,-25.54],[-53.8181,-25.5897],[-53.7911,-25.6056],[-53.7759,-25.5558],[-53.7176,-25.5521],[-53.6818,-25.5048],[-53.6986,-25.4845],[-53.6732,-25.4297],[-53.6757,-25.3716],[-53.6588,-25.3517],[-53.6378,-25.24],[-53.6534,-25.1973],[-53.655,-25.1465],[-53.6243,-25.0803],[-53.6323,-25.0542],[-53.6669,-25.0179],[-53.7325,-24.9996],[-53.7721,-24.9689],[-53.8113,-24.9766],[-53.8137,-25.0967],[-53.954,-25.1031]]]},"properties":{"code":"4105300","name":"Céu Azul","state":"PR"}},{"type":"Feature","geometry":{"type":"Polygon","coordinates":[[[-52.7225,-25.8717],[-52.7145,-25.8869],[-52.6188,-25.881],[-52.5648,-25.9307],[-52.4487,-25.9295],[-52.3826,-25.945],[-52.347,-25.9367],[-52.3243,-25.9057],[-52.2631,-25.8597],[-52.214,-25.7565],[-52.2331,-25.7404],[-52.296,-25.7087],[-52.3274,-25.6786],[-52.3544,-25.7031],[-52.3953,-25.7003],[-52.4312,-25.6791],[-52.4671,-25.6787],[-52.5306,-25.646],[-52.5217,-25.6804],[-52.5442,-25.6962],[-52.5546,-25.7531],[-52.643,-25.7893],[-52.6624,-25.7585],[-52.704,-25.7512],[-52.6998,-25.7881],[-52.6745,-25.8522],[-52.7225,-25.8717]]]},"properties":{"code":"4105409","name":"Chopinzinho","state":"PR"}},{"type":"Feature","geometry":{"type":"Polygon","coordinates":[[[-52.5449,-23.7471],[-52.5114,-23.6917],[-52.5117,-23.6603],[-52.4527,-23.5495],[-52.4894,-23.5201],[-52.5458,-23.5856],[-52.5863,-23.5895],[-52.6396,-23.5767],[-52.6709,-23.5375],[-52.696,-23.5667],[-52.7378,-23.6447],[-52.7418,-23.6892],[-52.7244,-23.8257],[-52.7423,-23.852],[-52.7056,-23.9278],[-52.6197,-23.9534],[-52.562,-23.8406],[-52.5704,-23.8106],[-52.5449,-23.7471]]]},"properties":{"code":"4105508","name":"Cianorte","state":"PR"}},{"type":"Feature","geometry":{"type":"Polygon","coordinates":[[[-52.985,-23.5408],[-52.9383,-23.5329],[-52.9368,-23.4826],[-52.8903,-23.4527],[-52.8926,-23.4262],[-52.8456,-23.4279],[-52.8599,-23.3884],[-52.8796,-23.3357],[-52.9166,-23.3286],[-52.9352,-23.2625],[-52.9305,-23.2404],[-52.9556,-23.2286],[-52.9982,-23.2361],[-53.0255,-23.2911],[-53.028,-23.3562],[-53.0362,-23.3839],[-53.0236,-23.4763],[-52.985,-23.5408]]]},"properties":{"code":"4105607","name":"Cidade Gaúcha","state":"PR"}},{"type":"Feature","geometry":{"type":"Polygon","coordinates":[[[-52.4426,-26.4381],[-52.4031,-26.4282],[-52.3796,-26.4386],[-52.3044,-26.4407],[-52.277,-26.4612],[-52.2298,-26.467],[-52.1863,-26.4451],[-52.1588,-26.4662],[-52.1669,-26.4161],[-52.1508,-26.3575],[-52.1759,-26.3429],[-52.189,-26.3203],[-52.2545,-26.2765],[-52.3094,-26.2878],[-52.3162,-26.2714],[-52.3363,-26.2798],[-52.3858,-26.261],[-52.4032,-26.2747],[-52.4401,-26.2461],[-52.4434,-26.2065],[-52.4741,-26.1682],[-52.5345,-26.1713],[-52.5331,-26.2357],[-52.4958,-26.2692],[-52.4972,-26.3273],[-52.5232,-26.3996],[-52.4636,-26.4396],[-52.4426,-26.4381]]]},"properties":{"code":"4105706","name":"Clevelândia","state":"PR"}},{"type":"Feature","geometry":{"type":"Polygon","coordinates":[[[-49.2295,-25.3498],[-49.1935,-25.3903],[-49.1199,-25.3784],[-49.1239,-25.3706],[-49.1355,-25.3408],[-49.1228,-25.2996],[-49.0939,-25.2751],[-49.123,-25.2782],[-49.1472,-25.2468],[-49.222,-25.2305],[-49.2537,-25.2339],[-49.2683,-25.2555],[-49.2598,-25.3044],[-49.2295,-25.3498]]]},"properties":{"code":"4105805","name":"Colombo","state":"PR"}},{"type":"Feature","geometry":{"type":"Polygon","coordinates":[[[-52.0662,-22.8769],[-52.0172,-22.8983],[-51.9192,-22.9554],[-51.9055,-22.9496],[-51.8734,-22.9567],[-51.8443,-22.89],[-51.8399,-22.8299],[-51.8671,-22.8301],[-51.9058,-22.8362],[-51.9205,-22.8033],[-51.9792,-22.7483],[-52.0334,-22.6773],[-52.0579,-22.695],[-52.056,-22.7293],[-52.0538,-22.7535],[-52.0886,-22.7697],[-52.0692,-22.8097],[-52.0777,-22.8667],[-52.0662,-22.8769]]]},"properties":{"code":"4105904","name":"Colorado","state":"PR"}},{"type":"Feature","geometry":{"type":"Polygon","coordinates":[[[-50.5997,-23.4942],[-50.6088,-23.528],[-50.6054,-23.5921],[-50.6249,-23.6154],[-50.5824,-23.6388],[-50.5632,-23.6953],[-50.5809,-23.712],[-50.5586,-23.7481],[-50.5193,-23.7661],[-50.4752,-23.7503],[-50.4441,-23.7483],[-50.419,-23.7064],[-50.4409,-23.6591],[-50.4248,-23.6276],[-50.3876,-23.5979],[-50.4016,-23.5408],[-50.4279,-23.4825],[-50.566,-23.4827],[-50.5997,-23.4942]]]},"properties":{"code":"4106001","name":"Congonhinhas","state":"PR"}},{"type":"Feature","geometry":{"type":"Polygon","coordinates":[[[-50.1909,-23.5702],[-50.1822,-23.6154],[-50.1861,-23.661],[-50.1687,-23.6786],[-50.0921,-23.6801],[-50.0492,-23.6513],[-50.0872,-23.602],[-50.0943,-23.5624],[-50.0828,-23.5371],[-50.0945,-23.5058],[-50.1406,-23.4897],[-50.1909,-23.5702]]]},"properties":{"code":"4106100","name":"Conselheiro Mairinck","state":"PR"}},{"type":"Feature","geometry":{"type":"Polygon","coordinates":[[[-49.3851,-25.7836],[-49.4114,-25.7509],[-49.4782,-25.695],[-49.4809,-25.6485],[-49.5415,-25.6553],[-49.5403,-25.6183],[-49.5859,-25.5999],[-49.6015,-25.6076],[-49.6105,-25.6437],[-49.6025,-25.7569],[-49.6149,-25.7817],[-49.5194,-25.8071],[-49.4483,-25.7989],[-49.3851,-25.7836]]]},"properties":{"code":"4106209","name":"Contenda","state":"PR"}},{"type":"Feature","geometry":{"type":"Polygon","coordinates":[[[-53.3453,-24.7903],[-53.4064,-24.8359],[-53.2836,-24.8322],[-53.2728,-24.8384],[-53.2727,-24.9048],[-53.1846,-24.9376],[-53.1904,-24.9057],[-53.1726,-24.8744],[-53.1944,-24.8238],[-53.1843,-24.785],[-53.1352,-24.7461],[-53.146,-24.7124],[-53.215,-24.6767],[-53.1395,-24.5861],[-53.1071,-24.5696],[-53.1364,-24.5374],[-53.1792,-24.5206],[-53.2054,-24.5353],[-53.2374,-24.589],[-53.2434,-24.6247],[-53.2407,-24.6382],[-53.2999,-24.6832],[-53.3532,-24.7371],[-53.3453,-24.7903]]]},"properties":{"code":"4106308","name":"Corbélia","state":"PR"}},{"type":"Feature","geometry":{"type":"Polygon","coordinates":[[[-50.7359,-23.2509],[-50.7348,-23.2734],[-50.6407,-23.3452],[-50.5895,-23.3474],[-50.5803,-23.3665],[-50.5337,-23.3701],[-50.4828,-23.3256],[-50.468,-23.2603],[-50.4669,-23.2602],[-50.4685,-23.2087],[-50.4652,-23.1944],[-50.5132,-23.2082],[-50.5412,-23.1977],[-50.5913,-23.1435],[-50.6283,-23.0923],[-50.6061,-23.0564],[-50.6208,-23.0146],[-50.6374,-23.0609],[-50.6765,-23.1014],[-50.7345,-23.1375],[-50.78,-23.1243],[-50.802,-23.1367],[-50.7359,-23.2509]]]},"properties":{"code":"4106407","name":"Cornélio Procópio","state":"PR"}},{"type":"Feature","geometry":{"type":"Polygon","coordinates":[[[-52.1759,-26.3429],[-52.1377,-26.342],[-52.0772,-26.3105],[-52.0524,-26.3184],[-52.0445,-26.355],[-52.0006,-26.3771],[-51.9394,-26.387],[-51.9098,-26.4096],[-51.8509,-26.4028],[-51.8127,-26.3574],[-51.7475,-26.3318],[-51.7279,-26.3052],[-51.7254,-26.2589],[-51.7718,-26.2508],[-51.7796,-26.2221],[-51.7308,-26.1976],[-51.6962,-26.1042],[-51.7383,-26.0493],[-51.723,-26.0069],[-51.7395,-25.9946],[-51.7685,-26.0114],[-51.7955,-25.9994],[-51.8654,-26.0262],[-51.916,-25.9974],[-51.9661,-25.9883],[-52.0084,-26.0107],[-52.0134,-25.9791],[-52.049,-25.938],[-52.0868,-25.9377],[-52.0788,-25.9694],[-52.0817,-26.0302],[-52.1029,-26.1013],[-52.109,-26.1485],[-52.0923,-26.1985],[-52.1119,-26.2371],[-52.1643,-26.3021],[-52.189,-26.3203],[-52.1759,-26.3429]]]},"properties":{"code":"4106456","name":"Coronel Domingos Soares","state":"PR"}},{"type":"Feature","geometry":{"type":"Polygon","coordinates":[[[-52.7346,-26.0103],[-52.7013,-25.9975],[-52.6262,-26.0637],[-52.5898,-26.0767],[-52.5753,-26.1144],[-52.5376,-26.1147],[-52.5166,-26.0888],[-52.415,-26.1049],[-52.3611,-26.065],[-52.3752,-26.0409],[-52.3847,-26.0023],[-52.3826,-25.945],[-52.4487,-25.9295],[-52.5648,-25.9307],[-52.6188,-25.881],[-52.7145,-25.8869],[-52.7225,-25.8717],[-52.77,-25.9015],[-52.8084,-25.9067],[-52.7993,-25.9393],[-52.7412,-25.9552],[-52.7346,-26.0103]]]},"properties":{"code":"4106506","name":"Coronel Vivida","state":"PR"}},{"type":"Feature","geometry":{"type":"Polygon","coordinates":[[[-52.2276,-24.1784],[-52.2106,-24.1696],[-52.1514,-24.197],[-52.1164,-24.1495],[-52.0836,-24.1472],[-52.0502,-24.1236],[-52.1004,-24.0502],[-52.1208,-24.067],[-52.1645,-24.0736],[-52.1865,-24.0523],[-52.1882,-24.0532],[-52.2072,-24.0959],[-52.1921,-24.135],[-52.2276,-24.1784]]]},"properties":{"code":"4106555","name":"Corumbataí do Sul","state":"PR"}},{"type":"Feature","geometry":{"type":"Polygon","coordinates":[[[-53.1692,-25.656],[-53.1201,-25.6842],[-53.0765,-25.6608],[-53.064,-25.6166],[-53.0689,-25.5666],[-53.0775,-25.5394],[-53.1348,-25.558],[-53.1435,-25.5137],[-53.1888,-25.5157],[-53.195,-25.5635],[-53.1545,-25.6256],[-53.1692,-25.656]]]},"properties":{"code":"4106571","name":"Cruzeiro do Iguaçu","state":"PR"}},{"type":"Feature","geometry":{"type":"Polygon","coordinates":[[[-53.2074,-23.9203],[-53.1639,-23.912],[-53.1072,-23.9286],[-53.0516,-23.9374],[-52.9638,-23.9649],[-53.0264,-23.8637],[-52.9596,-23.7855],[-52.9582,-23.7428],[-52.9708,-23.7089],[-52.9992,-23.7076],[-53.0201,-23.6775],[-53.0168,-23.6115],[-53.0476,-23.547],[-53.0397,-23.4931],[-53.1195,-23.5032],[-53.1417,-23.7281],[-53.1758,-23.7115],[-53.1855,-23.7255],[-53.1664,-23.7703],[-53.1863,-23.7777],[-53.2224,-23.8338],[-53.2074,-23.9203]]]},"properties":{"code":"4106605","name":"Cruzeiro do Oeste","state":"PR"}},{"type":"Feature","geometry":{"type":"Polygon","coordinates":[[[-52.0585,-22.9538],[-52.1621,-22.9541],[-52.2109,-22.9399],[-52.2565,-22.8978],[-52.2702,-22.914],[-52.2842,-22.9679],[-52.2583,-22.9932],[-52.2478,-23.0263],[-52.1824,-23.0425],[-52.1629,-23.0664],[-52.0568,-23.0217],[-52.0369,-23.0221],[-52.0237,-23.0022],[-52.0425,-22.9493],[-52.0585,-22.9538]]]},"properties":{"code":"4106704","name":"Cruzeiro do Sul","state":"PR"}},{"type":"Feature","geometry":{"type":"Polygon","coordinates":[[[-51.6192,-26.0037],[-51.5853,-26.0381],[-51.5052,-26.0583],[-51.4817,-26.0803],[-51.4383,-26.072],[-51.412,-26.0876],[-51.363,-26.0782],[-51.3443,-26.112],[-51.3062,-26.124],[-51.2616,-26.1011],[-51.2457,-26.098],[-51.2199,-26.0435],[-51.1602,-26.0282],[-51.1227,-26.0307],[-51.0864,-26.0031],[-51.0426,-26.0021],[-51.0284,-25.9627],[-50.957,-25.9551],[-50.9375,-25.9406],[-50.9722,-25.9329],[-51.0064,-25.9075],[-51.0059,-25.8665],[-51.0399,-25.8075],[-50.9824,-25.7844],[-50.9759,-25.7566],[-50.943,-25.7399],[-50.9564,-25.6866],[-50.9634,-25.6826],[-51.0097,-25.6746],[-51.0201,-25.7058],[-51.0532,-25.6991],[-51.1165,-25.7203],[-51.1321,-25.7632],[-51.1714,-25.7458],[-51.2578,-25.8066],[-51.2817,-25.7916],[-51.303,-25.8331],[-51.3806,-25.8945],[-51.3815,-25.9341],[-51.4127,-25.9247],[-51.4492,-25.9514],[-51.5029,-25.9427],[-51.5505,-25.9869],[-51.6192,-26.0037]]]},"properties":{"code":"4106803","name":"Cruz Machado","state":"PR"}},{"type":"Feature","geometry":{"type":"Polygon","coordinates":[[[-51.5503,-24.0936],[-51.4647,-24.0958],[-51.4533,-24.1196],[-51.397,-24.0876],[-51.3802,-24.0589],[-51.4167,-24.0243],[-51.3921,-24.0082],[-51.3956,-23.959],[-51.4201,-23.9374],[-51.4355,-23.892],[-51.4593,-23.8832],[-51.5217,-23.9671],[-51.5426,-24.0157],[-51.619,-24.0255],[-51.5503,-24.0936]]]},"properties":{"code":"4106852","name":"Cruzmaltina","state":"PR"}},{"type":"Feature","geometry":{"type":"Polygon","coordinates":[[[-49.2295,-25.3498],[-49.2799,-25.3511],[-49.3104,-25.3836],[-49.3402,-25.3495],[-49.3478,-25.3759],[-49.3835,-25.4189],[-49.3834,-25.4858],[-49.3745,-25.5134],[-49.3396,-25.5132],[-49.3428,-25.5804],[-49.3599,-25.6432],[-49.3042,-25.616],[-49.271,-25.6122],[-49.2233,-25.562],[-49.226,-25.5387],[-49.1852,-25.4715],[-49.2033,-25.4356],[-49.1935,-25.3903],[-49.2295,-25.3498]]]},"properties":{"code":"4106902","name":"Curitiba","state":"PR"}},{"type":"Feature","geometry":{"type":"Polygon","coordinates":[[[-50.6929,-24.0366],[-50.6606,-24.0719],[-50.5395,-24.0683],[-50.4819,-24.1037],[-50.3835,-24.1045],[-50.3306,-24.1226],[-50.3444,-24.0668],[-50.3363,-24.025],[-50.31,-24.022],[-50.289,-23.9882],[-50.2903,-23.959],[-50.3219,-23.9444],[-50.3563,-23.8783],[-50.3836,-23.8592],[-50.3984,-23.9208],[-50.4261,-23.9578],[-50.4833,-23.9515],[-50.5342,-23.9327],[-50.5473,-23.9606],[-50.59,-23.9904],[-50.649,-23.9888],[-50.6886,-24.0029],[-50.7028,-24.0249],[-50.6929,-24.0366]]]},"properties":{"code":"4107009","name":"Curiúva","state":"PR"}},{"type":"Feature","geometry":{"type":"Polygon","coordinates":[[[-52.9681,-22.6786],[-52.9081,-22.6895],[-52.8402,-22.69],[-52.8157,-22.7094],[-52.7784,-22.6623],[-52.7829,-22.6021],[-52.8154,-22.597],[-52.8584,-22.608],[-52.9247,-22.5656],[-52.9724,-22.5705],[-53.0117,-22.5988],[-52.9681,-22.6786]]]},"properties":{"code":"4107108","name":"Diamante do Norte","state":"PR"}},{"type":"Feature","geometry":{"type":"Polygon","coordinates":[[[-52.6631,-25.098],[-52.6619,-25.0716],[-52.6151,-25.0378],[-52.6048,-25.0122],[-52.6202,-24.9806],[-52.5919,-24.9645],[-52.6558,-24.9294],[-52.662,-24.8942],[-52.7028,-24.8773],[-52.7471,-24.8753],[-52.7791,-24.9018],[-52.7949,-25.0045],[-52.7632,-25.0148],[-52.7644,-25.0551],[-52.7213,-25.112],[-52.6631,-25.098]]]},"properties":{"code":"4107124","name":"Diamante do Sul","state":"PR"}},{"type":"Feature","geometry":{"type":"Polygon","coordinates":[[[-54.1683,-25.0305],[-54.0699,-25.0376],[-54.0127,-25.0296],[-53.9847,-25.0778],[-53.9655,-25.0765],[-54.0344,-24.9299],[-54.0446,-24.8907],[-54.0655,-24.8727],[-54.0954,-24.8787],[-54.1434,-24.8593],[-54.2087,-24.8683],[-54.2199,-24.8986],[-54.2012,-24.9313],[-54.1451,-24.9839],[-54.1644,-25.0177],[-54.1683,-25.0305]]]},"properties":{"code":"4107157","name":"Diamante D'Oeste","state":"PR"}},{"type":"Feature","geometry":{"type":"Polygon","coordinates":[[[-52.9787,-25.7817],[-52.9818,-25.7504],[-52.952,-25.7132],[-52.9797,-25.6953],[-53.0372,-25.6236],[-53.064,-25.6166],[-53.0765,-25.6608],[-53.1201,-25.6842],[-53.1692,-25.656],[-53.1777,-25.6915],[-53.2069,-25.706],[-53.2598,-25.6998],[-53.1533,-25.7521],[-53.1491,-25.7769],[-53.1463,-25.8262],[-53.1204,-25.8716],[-53.0798,-25.8771],[-53.0262,-25.8581],[-52.9902,-25.8136],[-52.9787,-25.7817]]]},"properties":{"code":"4107207","name":"Dois Vizinhos","state":"PR"}},{"type":"Feature","geometry":{"type":"Polygon","coordinates":[[[-53.2163,-23.4539],[-53.2341,-23.3927],[-53.2195,-23.3712],[-53.2297,-23.3334],[-53.1954,-23.2863],[-53.2018,-23.2417],[-53.2534,-23.2308],[-53.2985,-23.1986],[-53.3478,-23.2335],[-53.3763,-23.2398],[-53.3778,-23.2407],[-53.3645,-23.2608],[-53.3735,-23.3238],[-53.3304,-23.401],[-53.3627,-23.4488],[-53.3518,-23.4846],[-53.3085,-23.5035],[-53.2741,-23.4952],[-53.2163,-23.4539]]]},"properties":{"code":"4107256","name":"Douradina","state":"PR"}},{"type":"Feature","geometry":{"type":"Polygon","coordinates":[[[-52.1003,-23.5196],[-52.2057,-23.5115],[-52.2242,-23.523],[-52.3048,-23.573],[-52.2942,-23.6185],[-52.2698,-23.6253],[-52.1965,-23.5749],[-52.126,-23.5507],[-52.1003,-23.5197],[-52.1003,-23.5196]]]},"properties":{"code":"4107306","name":"Doutor Camargo","state":"PR"}},{"type":"Feature","geometry":{"type":"Polygon","coordinates":[[[-53.2319,-25.987],[-53.1813,-25.9893],[-53.1257,-25.974],[-53.0955,-25.9498],[-53.0721,-25.915],[-53.0798,-25.8771],[-53.1204,-25.8716],[-53.1463,-25.8262],[-53.1491,-25.7769],[-53.195,-25.7817],[-53.1805,-25.8054],[-53.1776,-25.87],[-53.1881,-25.9037],[-53.2405,-25.953],[-53.2319,-25.987]]]},"properties":{"code":"4107405","name":"Enéas Marques","state":"PR"}},{"type":"Feature","geometry":{"type":"Polygon","coordinates":[[[-52.2649,-23.8891],[-52.2527,-23.8559],[-52.1873,-23.7991],[-52.1692,-23.7607],[-52.1115,-23.7055],[-52.1161,-23.6728],[-52.1571,-23.6813],[-52.1634,-23.6478],[-52.1908,-23.6446],[-52.2423,-23.6347],[-52.2641,-23.6428],[-52.2823,-23.6761],[-52.4445,-23.807],[-52.3934,-23.8516],[-52.3517,-23.8431],[-52.2649,-23.8891]]]},"properties":{"code":"4107504","name":"Engenheiro Beltrão","state":"PR"}},{"type":"Feature","geometry":{"type":"Polygon","coordinates":[[[-53.8804,-23.6642],[-53.844,-23.7465],[-53.8107,-23.7504],[-53.7753,-23.7857],[-53.7526,-23.7818],[-53.7238,-23.7097],[-53.75,-23.6712],[-53.8565,-23.6606],[-53.8804,-23.6642]]]},"properties":{"code":"4107520","name":"Esperança Nova","state":"PR"}},{"type":"Feature","geometry":{"type":"Polygon","coordinates":[[[-54.1777,-24.6836],[-54.193,-24.6911],[-54.3269,-24.6595],[-54.3323,-24.6945],[-54.2513,-24.7233],[-54.2365,-24.7563],[-54.1654,-24.7556],[-54.0962,-24.7549],[-54.1522,-24.7249],[-54.1777,-24.6836]]]},"properties":{"code":"4107538","name":"Entre Rios do Oeste","state":"PR"}},{"type":"Feature","geometry":{"type":"Polygon","coordinates":[[[-52.84,-25.2735],[-52.8765,-25.2858],[-52.9163,-25.2794],[-52.9105,-25.3041],[-52.8706,-25.3319],[-52.8419,-25.3747],[-52.8632,-25.4057],[-52.8594,-25.437],[-52.8148,-25.4454],[-52.7811,-25.4962],[-52.7618,-25.4557],[-52.7445,-25.4164],[-52.715,-25.4007],[-52.6984,-25.3257],[-52.6642,-25.297],[-52.6929,-25.2745],[-52.84,-25.2735]]]},"properties":{"code":"4107546","name":"Espigão Alto do Iguaçu","state":"PR"}},{"type":"Feature","geometry":{"type":"Polygon","coordinates":[[[-52.6491,-24.2085],[-52.5845,-24.1713],[-52.5587,-24.2143],[-52.5229,-24.224],[-52.5062,-24.1738],[-52.5231,-24.1264],[-52.5429,-24.1047],[-52.6434,-24.0485],[-52.6785,-24.0539],[-52.7006,-24.0355],[-52.7522,-24.0242],[-52.7667,-24.0291],[-52.7471,-24.0818],[-52.7019,-24.1395],[-52.6491,-24.2085]]]},"properties":{"code":"4107553","name":"Farol","state":"PR"}},{"type":"Feature","geometry":{"type":"Polygon","coordinates":[[[-51.3725,-24.1426],[-51.3129,-24.1295],[-51.2805,-24.0982],[-51.2344,-24.0865],[-51.2111,-24.1057],[-51.178,-24.1004],[-51.1332,-24.0696],[-51.0854,-24.0744],[-51.0955,-23.988],[-51.1148,-23.993],[-51.1646,-23.9634],[-51.1749,-23.9252],[-51.2333,-23.916],[-51.2751,-23.889],[-51.2942,-23.8992],[-51.3338,-23.8646],[-51.365,-23.8577],[-51.4233,-23.8631],[-51.4573,-23.8802],[-51.4593,-23.8832],[-51.4355,-23.892],[-51.4201,-23.9374],[-51.3956,-23.959],[-51.3921,-24.0082],[-51.4167,-24.0243],[-51.3802,-24.0589],[-51.397,-24.0876],[-51.4533,-24.1196],[-51.4478,-24.1387],[-51.3725,-24.1426]]]},"properties":{"code":"4107603","name":"Faxinal","state":"PR"}},{"type":"Feature","geometry":{"type":"Polygon","coordinates":[[[-49.3552,-25.6735],[-49.3287,-25.7183],[-49.2455,-25.754],[-49.271,-25.6122],[-49.3042,-25.616],[-49.3599,-25.6432],[-49.3552,-25.6735]]]},"properties":{"code":"4107652","name":"Fazenda Rio Grande","state":"PR"}},{"type":"Feature","geometry":{"type":"Polygon","coordinates":[[[-51.9395,-23.9082],[-51.9587,-23.8573],[-52.0051,-23.8226],[-51.9963,-23.7906],[-52.0438,-23.811],[-52.05,-23.8313],[-52.0927,-23.8744],[-52.1459,-23.9416],[-52.118,-23.9563],[-52.0709,-23.9962],[-51.968,-23.9493],[-51.9395,-23.9082]]]},"properties":{"code":"4107702","name":"Fênix","state":"PR"}},{"type":"Feature","geometry":{"type":"Polygon","coordinates":[[[-50.6219,-25.5843],[-50.5483,-25.5774],[-50.5252,-25.5945],[-50.5135,-25.6292],[-50.4751,-25.6556],[-50.4252,-25.6321],[-50.4243,-25.5919],[-50.3585,-25.5278],[-50.3584,-25.5277],[-50.4085,-25.5258],[-50.4296,-25.4763],[-50.5311,-25.4656],[-50.5093,-25.4358],[-50.5412,-25.4112],[-50.5532,-25.3767],[-50.5469,-25.3342],[-50.5641,-25.3091],[-50.5994,-25.369],[-50.6019,-25.4107],[-50.5797,-25.4519],[-50.6219,-25.5843]]]},"properties":{"code":"4107736","name":"Fernandes Pinheiro","state":"PR"}},{"type":"Feature","geometry":{"type":"Polygon","coordinates":[[[-50.3836,-23.8592],[-50.4,-23.8192],[-50.3919,-23.7893],[-50.4158,-23.7623],[-50.4498,-23.7561],[-50.4187,-23.7844],[-50.4323,-23.8441],[-50.4686,-23.855],[-50.4793,-23.8799],[-50.4833,-23.9515],[-50.4261,-23.9578],[-50.3984,-23.9208],[-50.3836,-23.8592]]]},"properties":{"code":"4107751","name":"Figueira","state":"PR"}},{"type":"Feature","geometry":{"type":"Polygon","coordinates":[[[-52.244,-23.2682],[-52.3439,-23.3001],[-52.3988,-23.2788],[-52.4208,-23.2508],[-52.4212,-23.2661],[-52.4212,-23.4133],[-52.3583,-23.4048],[-52.3118,-23.379],[-52.2996,-23.3442],[-52.2742,-23.3215],[-52.2385,-23.3143],[-52.2189,-23.2887],[-52.244,-23.2682]]]},"properties":{"code":"4107801","name":"Floraí","state":"PR"}},{"type":"Feature","geometry":{"type":"Polygon","coordinates":[[[-53.3423,-26.2491],[-53.3044,-26.2584],[-53.2836,-26.2458],[-53.2644,-26.2893],[-53.1693,-26.3481],[-53.1811,-26.3184],[-53.1893,-26.2456],[-53.1689,-26.2244],[-53.1651,-26.1804],[-53.2587,-26.1943],[-53.2988,-26.1875],[-53.3334,-26.2095],[-53.3835,-26.2135],[-53.4619,-26.1649],[-53.474,-26.1984],[-53.4386,-26.2177],[-53.4548,-26.2457],[-53.4308,-26.282],[-53.4304,-26.2819],[-53.3761,-26.2416],[-53.3423,-26.2491]]]},"properties":{"code":"4107850","name":"Flor da Serra do Sul","state":"PR"}},{"type":"Feature","geometry":{"type":"Polygon","coordinates":[[[-52.1003,-23.5197],[-52.0974,-23.5607],[-52.1558,-23.6247],[-52.1908,-23.6446],[-52.1634,-23.6478],[-52.1571,-23.6813],[-52.1161,-23.6728],[-52.0615,-23.6508],[-52.0347,-23.6227],[-52.0295,-23.5908],[-51.9998,-23.5566],[-52.1003,-23.5197]]]},"properties":{"code":"4107900","name":"Floresta","state":"PR"}},{"type":"Feature","geometry":{"type":"Polygon","coordinates":[[[-51.4809,-22.9172],[-51.437,-22.9166],[-51.4565,-22.9781],[-51.4033,-22.9772],[-51.3442,-22.9617],[-51.3239,-22.9531],[-51.3158,-22.9157],[-51.3424,-22.8918],[-51.3349,-22.8359],[-51.3178,-22.8301],[-51.3623,-22.8073],[-51.379,-22.8288],[-51.4084,-22.8191],[-51.4475,-22.8282],[-51.4559,-22.8],[-51.4843,-22.7981],[-51.4759,-22.8326],[-51.4809,-22.9172]]]},"properties":{"code":"4108007","name":"Florestópolis","state":"PR"}},{"type":"Feature","geometry":{"type":"Polygon","coordinates":[[[-51.915,-23.0487],[-51.9876,-23.0812],[-52.0118,-23.0771],[-52.0134,-23.0982],[-51.9734,-23.1556],[-51.9625,-23.1616],[-51.9145,-23.1369],[-51.915,-23.0487]]]},"properties":{"code":"4108106","name":"Flórida","state":"PR"}},{"type":"Feature","geometry":{"type":"Polygon","coordinates":[[[-53.3452,-24.3653],[-53.3175,-24.4285],[-53.2538,-24.4133],[-53.2516,-24.393],[-53.2748,-24.3377],[-53.2897,-24.3063],[-53.2784,-24.2536],[-53.2574,-24.2325],[-53.2645,-24.2181],[-53.2402,-24.1664],[-53.3208,-24.1984],[-53.3621,-24.2517],[-53.4368,-24.2381],[-53.4681,-24.2212],[-53.4612,-24.2851],[-53.429,-24.3037],[-53.374,-24.2916],[-53.3452,-24.3653]]]},"properties":{"code":"4108205","name":"Formosa do Oeste","state":"PR"}},{"type":"Feature","geometry":{"type":"Polygon","coordinates":[[[-54.4736,-25.2115],[-54.4912,-25.278],[-54.5254,-25.3315],[-54.5864,-25.3966],[-54.6191,-25.4507],[-54.6037,-25.4825],[-54.5935,-25.5922],[-54.5529,-25.5882],[-54.5361,-25.6207],[-54.5025,-25.6144],[-54.4253,-25.6589],[-54.3971,-25.6397],[-54.3888,-25.5999],[-54.3455,-25.6049],[-54.3289,-25.5719],[-54.2963,-25.5576],[-54.3269,-25.5333],[-54.4864,-25.5524],[-54.4859,-25.4039],[-54.5038,-25.3586],[-54.4669,-25.3247],[-54.3991,-25.3771],[-54.3876,-25.3134],[-54.3915,-25.2357],[-54.4606,-25.2273],[-54.4736,-25.2115]]]},"properties":{"code":"4108304","name":"Foz do Iguaçu","state":"PR"}},{"type":"Feature","geometry":{"type":"Polygon","coordinates":[[[-53.7657,-24.1599],[-53.7932,-24.0489],[-53.7902,-24.0108],[-53.8333,-24.0077],[-53.8761,-24.0255],[-53.9681,-24.0236],[-53.9896,-24.0654],[-53.9886,-24.1267],[-53.9586,-24.1204],[-53.9104,-24.1382],[-53.9015,-24.1786],[-53.8592,-24.1912],[-53.8355,-24.1679],[-53.7657,-24.1599]]]},"properties":{"code":"4108320","name":"Francisco Alves","state":"PR"}},{"type":"Feature","geometry":{"type":"Polygon","coordinates":[[[-52.9932,-26.099],[-52.93,-26.0709],[-52.9144,-26.0244],[-52.893,-26.0025],[-52.9416,-26.0071],[-52.9528,-25.9629],[-52.9181,-25.9425],[-52.9961,-25.9489],[-53.0277,-25.9374],[-53.0955,-25.9498],[-53.1257,-25.974],[-53.1813,-25.9893],[-53.2319,-25.987],[-53.325,-25.9631],[-53.3455,-25.9466],[-53.3712,-25.9675],[-53.3609,-26.0159],[-53.3289,-26.0237],[-53.2623,-26.0957],[-53.2445,-26.1402],[-53.2587,-26.1943],[-53.1651,-26.1804],[-53.1335,-26.168],[-53.1002,-26.124],[-53.006,-26.1161],[-52.9932,-26.099]]]},"properties":{"code":"4108403","name":"Francisco Beltrão","state":"PR"}},{"type":"Feature","geometry":{"type":"Polygon","coordinates":[[[-51.9747,-25.6505],[-52.0586,-25.6139],[-52.0986,-25.6321],[-52.1254,-25.6736],[-52.2331,-25.7404],[-52.214,-25.7565],[-52.1698,-25.749],[-52.1232,-25.7747],[-52.0952,-25.7739],[-52.0681,-25.7358],[-52.0259,-25.7346],[-52.0235,-25.7167],[-51.9709,-25.6693],[-51.9747,-25.6505]]]},"properties":{"code":"4108452","name":"Foz do Jordão","state":"PR"}},{"type":"Feature","geometry":{"type":"Polygon","coordinates":[[[-51.2221,-26.5937],[-51.2281,-26.5546],[-51.2732,-26.4983],[-51.2532,-26.4621],[-51.2929,-26.4341],[-51.2704,-26.3869],[-51.2522,-26.3515],[-51.268,-26.347],[-51.2684,-26.2772],[-51.2867,-26.2445],[-51.3181,-26.2565],[-51.3657,-26.2944],[-51.3819,-26.3254],[-51.4282,-26.348],[-51.4704,-26.3139],[-51.5778,-26.2934],[-51.5913,-26.328],[-51.5638,-26.3669],[-51.5727,-26.389],[-51.5332,-26.4386],[-51.5164,-26.4755],[-51.5291,-26.5132],[-51.5121,-26.5817],[-51.4954,-26.5874],[-51.4549,-26.6407],[-51.4115,-26.7171],[-51.3911,-26.6632],[-51.347,-26.6486],[-51.2834,-26.6536],[-51.2389,-26.6279],[-51.2221,-26.5937]]]},"properties":{"code":"4108502","name":"General Carneiro","state":"PR"}},{"type":"Feature","geometry":{"type":"Polygon","coordinates":[[[-51.8416,-24.1753],[-51.8382,-24.1566],[-51.896,-24.142],[-51.8174,-24.0954],[-51.8489,-24.0728],[-51.9178,-24.1038],[-51.9408,-24.1558],[-51.9927,-24.2027],[-51.9581,-24.2409],[-51.8416,-24.1753]]]},"properties":{"code":"4108551","name":"Godoy Moreira","state":"PR"}},{"type":"Feature","geometry":{"type":"Polygon","coordinates":[[[-53.2574,-24.2325],[-53.2171,-24.2554],[-53.1853,-24.2394],[-53.0901,-24.2273],[-53.0601,-24.2377],[-53.0371,-24.2734],[-53.0088,-24.2815],[-52.9563,-24.2589],[-52.8954,-24.189],[-52.8985,-24.158],[-52.8836,-24.1432],[-52.8692,-24.1351],[-52.8626,-24.1385],[-52.855,-24.1177],[-53.0376,-24.0614],[-53.0728,-24.0928],[-53.1316,-24.1029],[-53.138,-24.153],[-53.2036,-24.1365],[-53.2402,-24.1664],[-53.2645,-24.2181],[-53.2574,-24.2325]]]},"properties":{"code":"4108601","name":"Goioerê","state":"PR"}},{"type":"Feature","geometry":{"type":"Polygon","coordinates":[[[-52.0822,-25.1371],[-52.0758,-25.2103],[-52.0575,-25.2416],[-52.0252,-25.2461],[-51.9962,-25.2935],[-52.0032,-25.3098],[-51.9114,-25.3063],[-51.8622,-25.2668],[-51.8731,-25.2223],[-51.8871,-25.1742],[-51.8727,-25.1038],[-51.8948,-25.0159],[-51.9467,-25.006],[-51.9785,-25.0215],[-52.0269,-24.9886],[-52.0777,-24.9974],[-52.1058,-24.9654],[-52.1499,-24.9682],[-52.1883,-24.9816],[-52.147,-25.0426],[-52.1176,-25.0571],[-52.1114,-25.1009],[-52.087,-25.1013],[-52.0822,-25.1371]]]},"properties":{"code":"4108650","name":"Goioxim","state":"PR"}},{"type":"Feature","geometry":{"type":"Polygon","coordinates":[[[-51.5588,-24.1572],[-51.5123,-24.1903],[-51.4862,-24.3016],[-51.4346,-24.2703],[-51.398,-24.2728],[-51.3331,-24.2507],[-51.35,-24.2275],[-51.3338,-24.1589],[-51.3725,-24.1426],[-51.4478,-24.1387],[-51.4533,-24.1196],[-51.4647,-24.0958],[-51.5503,-24.0936],[-51.5802,-24.1255],[-51.5588,-24.1572]]]},"properties":{"code":"4108700","name":"Grandes Rios","state":"PR"}},{"type":"Feature","geometry":{"type":"Polygon","coordinates":[[[-54.1718,-24.3775],[-54.1745,-24.3403],[-54.1414,-24.2946],[-54.179,-24.2762],[-54.1634,-24.2474],[-54.168,-24.061],[-54.0985,-24.025],[-54.169,-23.999],[-54.2495,-24.0559],[-54.2862,-24.0682],[-54.3342,-24.1164],[-54.3456,-24.157],[-54.3275,-24.1964],[-54.3226,-24.2517],[-54.2774,-24.2914],[-54.2578,-24.3553],[-54.2616,-24.375],[-54.2363,-24.3872],[-54.1718,-24.3775]]]},"properties":{"code":"4108809","name":"Guaíra","state":"PR"}},{"type":"Feature","geometry":{"type":"Polygon","coordinates":[[[-52.7889,-23.0055],[-52.7611,-23.0059],[-52.7268,-23.0322],[-52.7152,-23.0587],[-52.6889,-23.0161],[-52.6466,-23.0205],[-52.6211,-22.9763],[-52.5944,-22.9558],[-52.6026,-22.9084],[-52.5948,-22.8727],[-52.6586,-22.8588],[-52.7372,-22.8578],[-52.7804,-22.8453],[-52.812,-22.8026],[-52.8493,-22.7824],[-52.8577,-22.821],[-52.8558,-22.8803],[-52.8768,-22.903],[-52.8863,-22.9408],[-52.8354,-22.9839],[-52.8159,-22.9678],[-52.7889,-23.0055]]]},"properties":{"code":"4108908","name":"Guairaçá","state":"PR"}},{"type":"Feature","geometry":{"type":"Polygon","coordinates":[[[-50.8045,-25.2737],[-50.7519,-25.2589],[-50.7287,-25.1814],[-50.7688,-25.1592],[-50.7956,-25.1598],[-50.8471,-25.0961],[-50.886,-25.0737],[-50.9382,-25.0728],[-50.9274,-25.1034],[-50.9434,-25.1476],[-50.8902,-25.202],[-50.8148,-25.2311],[-50.8045,-25.2737]]]},"properties":{"code":"4108957","name":"Guamiranga","state":"PR"}},{"type":"Feature","geometry":{"type":"Polygon","coordinates":[[[-50.0041,-23.5337],[-49.9873,-23.5067],[-50.0186,-23.4802],[-50.0043,-23.4452],[-50.0464,-23.413],[-50.1062,-23.3932],[-50.171,-23.3973],[-50.1647,-23.438],[-50.1304,-23.464],[-50.1406,-23.4897],[-50.0945,-23.5058],[-50.0828,-23.5371],[-50.0384,-23.5487],[-50.0041,-23.5337]]]},"properties":{"code":"4109005","name":"Guapirama","state":"PR"}},{"type":"Feature","geometry":{"type":"Polygon","coordinates":[[[-52.8599,-23.3884],[-52.8089,-23.4035],[-52.7305,-23.344],[-52.7234,-23.3111],[-52.7637,-23.2959],[-52.7865,-23.2697],[-52.8459,-23.2781],[-52.863,-23.2679],[-52.9182,-23.2723],[-52.9352,-23.2625],[-52.9166,-23.3286],[-52.8796,-23.3357],[-52.8599,-23.3884]]]},"properties":{"code":"4109104","name":"Guaporema","state":"PR"}},{"type":"Feature","geometry":{"type":"Polygon","coordinates":[[[-51.7504,-23.0281],[-51.6692,-22.9948],[-51.6234,-23.0056],[-51.5914,-22.9905],[-51.5778,-22.913],[-51.604,-22.9175],[-51.6316,-22.8889],[-51.7253,-22.8909],[-51.7173,-22.9308],[-51.7482,-22.9443],[-51.7947,-23.0058],[-51.7504,-23.0281]]]},"properties":{"code":"4109203","name":"Guaraci","state":"PR"}},{"type":"Feature","geometry":{"type":"Polygon","coordinates":[[[-52.6631,-25.098],[-52.7213,-25.112],[-52.7644,-25.0551],[-52.7632,-25.0148],[-52.7949,-25.0045],[-52.7791,-24.9018],[-52.7471,-24.8753],[-52.7684,-24.8648],[-52.8505,-24.7926],[-52.8601,-24.7586],[-52.9197,-24.7621],[-52.9547,-24.795],[-52.9785,-24.8376],[-52.9654,-24.8746],[-52.9691,-24.9143],[-52.9876,-24.9353],[-52.9826,-24.9732],[-52.9538,-25.0268],[-52.9494,-25.0906],[-52.9782,-25.103],[-52.9575,-25.1174],[-52.95,-25.1596],[-52.9699,-25.209],[-53.0104,-25.2422],[-53.0325,-25.329],[-52.9966,-25.3226],[-52.9163,-25.2794],[-52.8765,-25.2858],[-52.84,-25.2735],[-52.8307,-25.2523],[-52.7786,-25.2494],[-52.7217,-25.2125],[-52.6609,-25.206],[-52.6912,-25.1643],[-52.6689,-25.1445],[-52.6631,-25.098]]]},"properties":{"code":"4109302","name":"Guaraniaçu","state":"PR"}},{"type":"Feature","geometry":{"type":"Polygon","coordinates":[[[-51.7973,-25.5959],[-51.761,-25.6143],[-51.6993,-25.5931],[-51.6079,-25.6129],[-51.5902,-25.6483],[-51.5488,-25.6194],[-51.517,-25.6134],[-51.4657,-25.6601],[-51.4048,-25.6439],[-51.3934,-25.6258],[-51.3248,-25.6238],[-51.2983,-25.6365],[-51.2708,-25.5917],[-51.2873,-25.5547],[-51.3415,-25.5248],[-51.3229,-25.4739],[-51.2077,-25.4692],[-51.1453,-25.4836],[-51.1024,-25.4618],[-51.0959,-25.4304],[-51.1344,-25.4225],[-51.1548,-25.3996],[-51.1349,-25.3683],[-51.1394,-25.3397],[-51.2098,-25.3051],[-51.1897,-25.243],[-51.2016,-25.1718],[-51.2454,-25.1041],[-51.2256,-25.0824],[-51.2568,-25.0485],[-51.2977,-25.0655],[-51.2944,-25.1077],[-51.3864,-25.1133],[-51.4198,-25.1507],[-51.4536,-25.1421],[-51.559,-25.177],[-51.6213,-25.1591],[-51.6063,-25.1249],[-51.651,-25.0927],[-51.671,-25.094],[-51.6535,-25.1404],[-51.6529,-25.2207],[-51.7108,-25.2296],[-51.7456,-25.2021],[-51.7873,-25.233],[-51.8731,-25.2223],[-51.8622,-25.2668],[-51.9114,-25.3063],[-52.0032,-25.3098],[-52.0091,-25.3645],[-51.9355,-25.3312],[-51.8816,-25.329],[-51.857,-25.3123],[-51.7978,-25.3257],[-51.759,-25.2999],[-51.7373,-25.3059],[-51.766,-25.3598],[-51.7584,-25.3828],[-51.7713,-25.4438],[-51.7508,-25.4638],[-51.7769,-25.5181],[-51.8122,-25.558],[-51.7973,-25.5959]]]},"properties":{"code":"4109401","name":"Guarapuava","state":"PR"}},{"type":"Feature","geometry":{"type":"Polygon","coordinates":[[[-48.3097,-25.4933],[-48.2393,-25.4653],[-48.214,-25.473],[-48.1921,-25.4176],[-48.1623,-25.375],[-48.0961,-25.3089],[-48.0968,-25.2972],[-48.0235,-25.2309],[-48.113,-25.2509],[-48.1825,-25.205],[-48.1585,-25.1499],[-48.1816,-25.1338],[-48.2161,-25.0767],[-48.2086,-25.0319],[-48.2397,-24.9914],[-48.2696,-24.9975],[-48.2846,-25.0392],[-48.3512,-25.0365],[-48.3799,-24.9959],[-48.4119,-24.9804],[-48.474,-25.0126],[-48.4809,-25.037],[-48.5302,-25.1008],[-48.5563,-25.0843],[-48.6089,-25.093],[-48.6435,-25.1309],[-48.6529,-25.1728],[-48.6274,-25.1892],[-48.6403,-25.2289],[-48.6192,-25.2744],[-48.5771,-25.2965],[-48.6016,-25.3511],[-48.5789,-25.3524],[-48.5542,-25.3902],[-48.4278,-25.3937],[-48.3097,-25.4933]]]},"properties":{"code":"4109500","name":"Guaraqueçaba","state":"PR"}},{"type":"Feature","geometry":{"type":"Polygon","coordinates":[[[-48.5953,-25.9768],[-48.5496,-25.8523],[-48.5994,-25.7686],[-48.6324,-25.7587],[-48.6345,-25.7045],[-48.6278,-25.6669],[-48.6883,-25.627],[-48.76,-25.5973],[-48.7899,-25.6229],[-48.8473,-25.6103],[-48.8719,-25.658],[-48.9041,-25.6683],[-48.9237,-25.6997],[-48.9734,-25.7265],[-48.9111,-25.757],[-48.8755,-25.7602],[-48.8522,-25.7968],[-48.8911,-25.8193],[-48.9097,-25.8121],[-48.9628,-25.8309],[-48.9749,-25.8897],[-48.9925,-25.9217],[-48.9545,-25.9654],[-48.9683,-25.9867],[-48.9504,-25.99],[-48.9605,-25.9808],[-48.6821,-25.9837],[-48.5953,-25.9768]]]},"properties":{"code":"4109609","name":"Guaratuba","state":"PR"}},{"type":"Feature","geometry":{"type":"Polygon","coordinates":[[[-52.5345,-26.1713],[-52.4741,-26.1682],[-52.4434,-26.2065],[-52.4401,-26.2461],[-52.4032,-26.2747],[-52.3858,-26.261],[-52.3363,-26.2798],[-52.3162,-26.2714],[-52.2839,-26.2374],[-52.2231,-26.2088],[-52.2138,-26.1378],[-52.2537,-26.1392],[-52.2629,-26.1075],[-52.2948,-26.1108],[-52.3052,-26.0769],[-52.3752,-26.0409],[-52.3611,-26.065],[-52.415,-26.1049],[-52.5166,-26.0888],[-52.5376,-26.1147],[-52.5753,-26.1144],[-52.562,-26.1497],[-52.5345,-26.1713]]]},"properties":{"code":"4109658","name":"Honório Serpa","state":"PR"}},{"type":"Feature","geometry":{"type":"Polygon","coordinates":[[[-50.1203,-23.8559],[-50.1748,-23.8173],[-50.2086,-23.7214],[-50.2013,-23.6738],[-50.2364,-23.6348],[-50.2241,-23.6053],[-50.241,-23.5822],[-50.2981,-23.5883],[-50.3876,-23.5979],[-50.4248,-23.6276],[-50.4409,-23.6591],[-50.419,-23.7064],[-50.4441,-23.7483],[-50.4752,-23.7503],[-50.4498,-23.7561],[-50.4158,-23.7623],[-50.3919,-23.7893],[-50.4,-23.8192],[-50.3836,-23.8592],[-50.3563,-23.8783],[-50.3219,-23.9444],[-50.2903,-23.959],[-50.2325,-23.9713],[-50.2208,-23.9975],[-50.1617,-23.9421],[-50.1153,-23.884],[-50.1203,-23.8559]]]},"properties":{"code":"4109708","name":"Ibaiti","state":"PR"}},{"type":"Feature","geometry":{"type":"Polygon","coordinates":[[[-53.0785,-25.0971],[-53.1012,-25.1942],[-52.9699,-25.209],[-52.95,-25.1596],[-52.9575,-25.1174],[-52.9782,-25.103],[-53.0785,-25.0971]]]},"properties":{"code":"4109757","name":"Ibema","state":"PR"}},{"type":"Feature","geometry":{"type":"Polygon","coordinates":[[[-50.9634,-23.3034],[-50.9882,-23.254],[-50.967,-23.2373],[-50.969,-23.1968],[-50.9508,-23.1724],[-50.9596,-23.1479],[-50.9484,-23.1064],[-51.0007,-23.1246],[-51.0369,-23.1578],[-51.1317,-23.198],[-51.1705,-23.1962],[-51.1711,-23.2204],[-51.1085,-23.2398],[-51.095,-23.2932],[-51.0723,-23.3374],[-51.0465,-23.346],[-50.981,-23.3426],[-50.9932,-23.319],[-50.9634,-23.3034]]]},"properties":{"code":"4109807","name":"Ibiporã","state":"PR"}},{"type":"Feature","geometry":{"type":"Polygon","coordinates":[[[-53.664,-23.4556],[-53.5319,-23.5358],[-53.5034,-23.4869],[-53.4547,-23.4723],[-53.4568,-23.433],[-53.4422,-23.4011],[-53.4626,-23.3442],[-53.5106,-23.291],[-53.5281,-23.2435],[-53.5574,-23.216],[-53.582,-23.2262],[-53.6154,-23.211],[-53.6354,-23.2414],[-53.629,-23.2699],[-53.6987,-23.3058],[-53.7149,-23.2834],[-53.7622,-23.3593],[-53.664,-23.4556]]]},"properties":{"code":"4109906","name":"Icaraíma","state":"PR"}},{"type":"Feature","geometry":{"type":"Polygon","coordinates":[[[-51.9394,-23.2639],[-51.8923,-23.3049],[-51.8685,-23.288],[-51.8183,-23.2591],[-51.7819,-23.2523],[-51.763,-23.2256],[-51.7319,-23.2225],[-51.7791,-23.2093],[-51.7957,-23.1744],[-51.8657,-23.1329],[-51.865,-23.2151],[-51.913,-23.2204],[-51.9394,-23.2639]]]},"properties":{"code":"4110003","name":"Iguaraçu","state":"PR"}},{"type":"Feature","geometry":{"type":"Polygon","coordinates":[[[-53.1352,-24.7461],[-53.0746,-24.7541],[-53.0627,-24.7433],[-53.0444,-24.6504],[-53.0438,-24.6103],[-53.0854,-24.6111],[-53.1117,-24.6791],[-53.146,-24.7124],[-53.1352,-24.7461]]]},"properties":{"code":"4110052","name":"Iguatu","state":"PR"}},{"type":"Feature","geometry":{"type":"Polygon","coordinates":[[[-50.8846,-24.4114],[-50.8377,-24.4409],[-50.8123,-24.4707],[-50.798,-24.5133],[-50.7199,-24.5599],[-50.6824,-24.5134],[-50.6551,-24.4531],[-50.6559,-24.4274],[-50.6167,-24.416],[-50.6049,-24.3947],[-50.6828,-24.3877],[-50.7233,-24.3139],[-50.7582,-24.3425],[-50.7804,-24.3788],[-50.8291,-24.3997],[-50.8846,-24.4114]]]},"properties":{"code":"4110078","name":"Imbaú","state":"PR"}},{"type":"Feature","geometry":{"type":"Polygon","coordinates":[[[-50.4485,-25.215],[-50.4694,-25.1702],[-50.6203,-25.0705],[-50.6797,-25.0817],[-50.6996,-25.0383],[-50.7397,-25.0756],[-50.7792,-25.1273],[-50.7688,-25.1592],[-50.7287,-25.1814],[-50.7519,-25.2589],[-50.8045,-25.2737],[-50.8129,-25.3526],[-50.7867,-25.3817],[-50.727,-25.3549],[-50.6707,-25.3677],[-50.6019,-25.4107],[-50.5994,-25.369],[-50.5641,-25.3091],[-50.5755,-25.2436],[-50.5431,-25.2147],[-50.4919,-25.2072],[-50.4485,-25.215]]]},"properties":{"code":"4110102","name":"Imbituva","state":"PR"}},{"type":"Feature","geometry":{"type":"Polygon","coordinates":[[[-50.9977,-25.5885],[-51.0313,-25.5684],[-51.0985,-25.5461],[-51.1331,-25.5008],[-51.1453,-25.4836],[-51.2077,-25.4692],[-51.3229,-25.4739],[-51.3415,-25.5248],[-51.2873,-25.5547],[-51.2708,-25.5917],[-51.2983,-25.6365],[-51.3248,-25.6238],[-51.3934,-25.6258],[-51.4048,-25.6439],[-51.3458,-25.6869],[-51.3668,-25.7343],[-51.3491,-25.7735],[-51.3234,-25.7865],[-51.303,-25.8331],[-51.2817,-25.7916],[-51.2578,-25.8066],[-51.1714,-25.7458],[-51.1321,-25.7632],[-51.1165,-25.7203],[-51.0532,-25.6991],[-51.0201,-25.7058],[-51.0097,-25.6746],[-50.9634,-25.6826],[-50.9895,-25.6449],[-50.9818,-25.6194],[-50.9977,-25.5885]]]},"properties":{"code":"4110201","name":"Inácio Martins","state":"PR"}},{"type":"Feature","geometry":{"type":"Polygon","coordinates":[[[-52.1641,-22.712],[-52.1828,-22.6554],[-52.2226,-22.6755],[-52.2281,-22.6425],[-52.2504,-22.6154],[-52.29,-22.6282],[-52.2753,-22.73],[-52.2384,-22.8162],[-52.1766,-22.805],[-52.1633,-22.7641],[-52.1641,-22.712]]]},"properties":{"code":"4110300","name":"Inajá","state":"PR"}},{"type":"Feature","geometry":{"type":"Polygon","coordinates":[[[-52.6709,-23.5375],[-52.6536,-23.5056],[-52.6006,-23.4768],[-52.6163,-23.4148],[-52.6507,-23.4403],[-52.6693,-23.398],[-52.7479,-23.5552],[-52.696,-23.5667],[-52.6709,-23.5375]]]},"properties":{"code":"4110409","name":"Indianópolis","state":"PR"}},{"type":"Feature","geometry":{"type":"Polygon","coordinates":[[[-50.6203,-25.0705],[-50.4694,-25.1702],[-50.4485,-25.215],[-50.431,-25.2143],[-50.41,-25.169],[-50.3872,-25.151],[-50.3941,-25.119],[-50.3706,-25.097],[-50.394,-25.0797],[-50.4303,-25.0043],[-50.4694,-24.9946],[-50.5272,-24.9379],[-50.4737,-24.8072],[-50.6173,-24.8849],[-50.6516,-24.8503],[-50.7141,-24.855],[-50.7497,-24.8314],[-50.7783,-24.8531],[-50.8206,-24.8459],[-50.8498,-24.8564],[-50.8111,-24.9017],[-50.8059,-24.9274],[-50.7708,-24.9615],[-50.6994,-25.0011],[-50.6996,-25.0383],[-50.6797,-25.0817],[-50.6203,-25.0705]]]},"properties":{"code":"4110508","name":"Ipiranga","state":"PR"}},{"type":"Feature","geometry":{"type":"Polygon","coordinates":[[[-53.7657,-24.1599],[-53.709,-24.1791],[-53.6924,-24.2023],[-53.6666,-24.2088],[-53.5557,-24.0911],[-53.5562,-24.0741],[-53.6064,-24.0281],[-53.58,-23.9967],[-53.6058,-23.9571],[-53.6441,-23.9449],[-53.6804,-23.911],[-53.7388,-23.9509],[-53.8598,-23.9488],[-53.8847,-23.9418],[-53.9229,-23.9588],[-53.9662,-24.0024],[-53.9681,-24.0236],[-53.8761,-24.0255],[-53.8333,-24.0077],[-53.7902,-24.0108],[-53.7932,-24.0489],[-53.7657,-24.1599]]]},"properties":{"code":"4110607","name":"Iporã","state":"PR"}},{"type":"Feature","geometry":{"type":"Polygon","coordinates":[[[-53.3452,-24.3653],[-53.3894,-24.4094],[-53.3801,-24.494],[-53.3515,-24.498],[-53.3278,-24.4862],[-53.3175,-24.4285],[-53.3452,-24.3653]]]},"properties":{"code":"4110656","name":"Iracema do Oeste","state":"PR"}},{"type":"Feature","geometry":{"type":"Polygon","coordinates":[[[-50.6019,-25.4107],[-50.6707,-25.3677],[-50.727,-25.3549],[-50.7867,-25.3817],[-50.8902,-25.378],[-50.9221,-25.3905],[-51.0224,-25.4642],[-51.0695,-25.4829],[-51.0809,-25.5006],[-51.1331,-25.5008],[-51.0985,-25.5461],[-51.0313,-25.5684],[-50.9977,-25.5885],[-50.9445,-25.6056],[-50.9014,-25.5957],[-50.8454,-25.5975],[-50.8282,-25.616],[-50.7876,-25.5999],[-50.761,-25.5668],[-50.7194,-25.5537],[-50.6219,-25.5843],[-50.5797,-25.4519],[-50.6019,-25.4107]]]},"properties":{"code":"4110706","name":"Irati","state":"PR"}},{"type":"Feature","geometry":{"type":"Polygon","coordinates":[[[-52.2777,-24.4557],[-52.2111,-24.5142],[-52.1831,-24.506],[-52.1469,-24.4715],[-52.0702,-24.448],[-52.034,-24.4141],[-52.0221,-24.4119],[-52.0065,-24.3442],[-51.9885,-24.3207],[-51.9974,-24.2861],[-51.9538,-24.2468],[-51.9581,-24.2409],[-51.9927,-24.2027],[-52.0155,-24.2214],[-52.0832,-24.2229],[-52.1243,-24.2333],[-52.1324,-24.2538],[-52.1789,-24.2644],[-52.2415,-24.3142],[-52.168,-24.3589],[-52.2777,-24.4557]]]},"properties":{"code":"4110805","name":"Iretama","state":"PR"}},{"type":"Feature","geometry":{"type":"Polygon","coordinates":[[[-52.0334,-22.6773],[-51.9792,-22.7483],[-51.9205,-22.8033],[-51.9203,-22.6849],[-51.959,-22.6451],[-51.9015,-22.6019],[-51.9405,-22.5673],[-52.0284,-22.5395],[-52.0037,-22.5812],[-52.004,-22.6151],[-52.0106,-22.6488],[-52.0334,-22.6773]]]},"properties":{"code":"4110904","name":"Itaguajé","state":"PR"}},{"type":"Feature","geometry":{"type":"Polygon","coordinates":[[[-54.2012,-25.1942],[-54.2241,-25.1608],[-54.3086,-25.1277],[-54.3589,-25.096],[-54.3657,-25.0768],[-54.4182,-25.0603],[-54.4015,-25.0339],[-54.4572,-25.0393],[-54.4595,-25.1021],[-54.4249,-25.1533],[-54.4478,-25.1688],[-54.4736,-25.2115],[-54.4606,-25.2273],[-54.3915,-25.2357],[-54.3171,-25.2211],[-54.2997,-25.1999],[-54.2305,-25.2296],[-54.1936,-25.218],[-54.2012,-25.1942]]]},"properties":{"code":"4110953","name":"Itaipulândia","state":"PR"}},{"type":"Feature","geometry":{"type":"Polygon","coordinates":[[[-50.37,-23.0595],[-50.3479,-23.0391],[-50.3357,-22.9785],[-50.3402,-22.9481],[-50.3592,-22.9161],[-50.4164,-22.9128],[-50.4257,-22.9442],[-50.5268,-22.9348],[-50.5284,-22.9611],[-50.4995,-22.9774],[-50.4478,-23.0313],[-50.37,-23.0595]]]},"properties":{"code":"4111001","name":"Itambaracá","state":"PR"}},{"type":"Feature","geometry":{"type":"Polygon","coordinates":[[[-51.9399,-23.673],[-51.9352,-23.6516],[-51.9636,-23.616],[-52.0042,-23.6192],[-52.0615,-23.6508],[-52.1161,-23.6728],[-52.1115,-23.7055],[-52.0611,-23.731],[-52.0339,-23.7724],[-52.0438,-23.811],[-51.9963,-23.7906],[-51.9485,-23.774],[-51.9192,-23.726],[-51.9636,-23.6945],[-51.9399,-23.673]]]},"properties":{"code":"4111100","name":"Itambé","state":"PR"}},{"type":"Feature","geometry":{"type":"Polygon","coordinates":[[[-52.893,-26.0025],[-52.809,-26.0261],[-52.8124,-26.0737],[-52.7431,-26.1097],[-52.7328,-26.0721],[-52.7531,-26.0358],[-52.7346,-26.0103],[-52.7412,-25.9552],[-52.7993,-25.9393],[-52.8084,-25.9067],[-52.821,-25.8756],[-52.867,-25.8658],[-52.8428,-25.9115],[-52.8872,-25.9497],[-52.9181,-25.9425],[-52.9528,-25.9629],[-52.9416,-26.0071],[-52.893,-26.0025]]]},"properties":{"code":"4111209","name":"Itapejara d'Oeste","state":"PR"}},{"type":"Feature","geometry":{"type":"Polygon","coordinates":[[[-49.3211,-25.2311],[-49.3379,-25.1981],[-49.4026,-25.1746],[-49.4576,-25.1647],[-49.4302,-25.1251],[-49.4826,-25.0826],[-49.5089,-25.0318],[-49.5027,-25.0082],[-49.5749,-24.9594],[-49.6042,-24.9865],[-49.5986,-25.0106],[-49.5485,-25.0401],[-49.6017,-25.0875],[-49.5627,-25.1489],[-49.5553,-25.1781],[-49.4667,-25.1846],[-49.4495,-25.2013],[-49.4522,-25.2438],[-49.3906,-25.2633],[-49.3514,-25.2355],[-49.3211,-25.2311]]]},"properties":{"code":"4111258","name":"Itaperuçu","state":"PR"}},{"type":"Feature","geometry":{"type":"Polygon","coordinates":[[[-52.9681,-22.6786],[-52.9645,-22.7313],[-52.9499,-22.771],[-52.8493,-22.7824],[-52.8437,-22.7514],[-52.8157,-22.7094],[-52.8402,-22.69],[-52.9081,-22.6895],[-52.9681,-22.6786]]]},"properties":{"code":"4111308","name":"Itaúna do Sul","state":"PR"}},{"type":"Feature","geometry":{"type":"Polygon","coordinates":[[[-50.9382,-25.0728],[-50.886,-25.0737],[-50.8471,-25.0961],[-50.7956,-25.1598],[-50.7688,-25.1592],[-50.7792,-25.1273],[-50.7397,-25.0756],[-50.6996,-25.0383],[-50.6994,-25.0011],[-50.7708,-24.9615],[-50.8059,-24.9274],[-50.8111,-24.9017],[-50.8498,-24.8564],[-50.8759,-24.8319],[-50.9453,-24.8427],[-51.0018,-24.8628],[-50.9629,-24.933],[-50.988,-24.964],[-51.0176,-24.9691],[-51.0005,-25.0038],[-50.9705,-25.0055],[-50.9528,-25.0715],[-50.9382,-25.0728]]]},"properties":{"code":"4111407","name":"Ivaí","state":"PR"}},{"type":"Feature","geometry":{"type":"Polygon","coordinates":[[[-51.4862,-24.3016],[-51.5123,-24.1903],[-51.5588,-24.1572],[-51.5865,-24.1925],[-51.6229,-24.211],[-51.6883,-24.2093],[-51.7176,-24.2554],[-51.7652,-24.2442],[-51.7711,-24.3236],[-51.7566,-24.348],[-51.7269,-24.3517],[-51.7389,-24.4054],[-51.6595,-24.3941],[-51.637,-24.3597],[-51.6575,-24.3341],[-51.6224,-24.3177],[-51.5672,-24.3376],[-51.5234,-24.3216],[-51.4878,-24.3293],[-51.4862,-24.3016]]]},"properties":{"code":"4111506","name":"Ivaiporã","state":"PR"}},{"type":"Feature","geometry":{"type":"Polygon","coordinates":[[[-53.3627,-23.4488],[-53.3304,-23.401],[-53.3735,-23.3238],[-53.3645,-23.2608],[-53.3778,-23.2407],[-53.3781,-23.2409],[-53.4142,-23.1913],[-53.4768,-23.2277],[-53.5157,-23.1975],[-53.5574,-23.216],[-53.5281,-23.2435],[-53.5106,-23.291],[-53.4626,-23.3442],[-53.4422,-23.4011],[-53.4568,-23.433],[-53.4547,-23.4723],[-53.4428,-23.5161],[-53.4139,-23.5171],[-53.4091,-23.5648],[-53.3672,-23.5504],[-53.3642,-23.5054],[-53.3833,-23.4557],[-53.3627,-23.4488]]]},"properties":{"code":"4111555","name":"Ivaté","state":"PR"}},{"type":"Feature","geometry":{"type":"Polygon","coordinates":[[[-52.1003,-23.5197],[-52.126,-23.5507],[-52.1965,-23.5749],[-52.2698,-23.6253],[-52.2641,-23.6428],[-52.2423,-23.6347],[-52.1908,-23.6446],[-52.1558,-23.6247],[-52.0974,-23.5607],[-52.1003,-23.5197]]]},"properties":{"code":"4111605","name":"Ivatuba","state":"PR"}},{"type":"Feature","geometry":{"type":"Polygon","coordinates":[[[-50.094,-23.7915],[-50.034,-23.7719],[-50.02,-23.7381],[-50.0069,-23.7195],[-50.0382,-23.6926],[-50.0492,-23.6513],[-50.0921,-23.6801],[-50.1687,-23.6786],[-50.1333,-23.7163],[-50.094,-23.7915]]]},"properties":{"code":"4111704","name":"Jaboti","state":"PR"}},{"type":"Feature","geometry":{"type":"Polygon","coordinates":[[[-50.1342,-23.1448],[-50.118,-23.1693],[-50.0497,-23.1888],[-50.0378,-23.2057],[-49.9706,-23.2379],[-49.9329,-23.3061],[-49.8915,-23.335],[-49.8345,-23.327],[-49.845,-23.2863],[-49.8792,-23.2716],[-49.8915,-23.2454],[-49.8607,-23.2162],[-49.8624,-23.1736],[-49.809,-23.1155],[-49.8095,-23.0892],[-49.8194,-23.077],[-49.8337,-23.0659],[-49.8674,-23.0717],[-49.9116,-23.0511],[-49.9017,-22.9993],[-49.9545,-22.9784],[-49.9725,-22.9585],[-49.9742,-22.9545],[-49.9712,-23.0173],[-50.006,-23.0385],[-50.0628,-23.0932],[-50.0973,-23.1349],[-50.1342,-23.1448]]]},"properties":{"code":"4111803","name":"Jacarezinho","state":"PR"}},{"type":"Feature","geometry":{"type":"Polygon","coordinates":[[[-51.3983,-23.0903],[-51.4921,-23.0667],[-51.5319,-22.931],[-51.5498,-22.9009],[-51.5778,-22.913],[-51.5914,-22.9905],[-51.6234,-23.0056],[-51.6692,-22.9948],[-51.7504,-23.0281],[-51.7494,-23.0392],[-51.6723,-23.0869],[-51.595,-23.1162],[-51.593,-23.1306],[-51.5547,-23.1372],[-51.5203,-23.1962],[-51.4838,-23.1905],[-51.4736,-23.1672],[-51.418,-23.1688],[-51.3963,-23.1295],[-51.3983,-23.0903]]]},"properties":{"code":"4111902","name":"Jaguapitã","state":"PR"}},{"type":"Feature","geometry":{"type":"Polygon","coordinates":[[[-49.9861,-24.2454],[-49.9608,-24.3115],[-49.9497,-24.3702],[-49.8936,-24.3617],[-49.8477,-24.3891],[-49.8191,-24.4454],[-49.7981,-24.4608],[-49.739,-24.4452],[-49.6353,-24.4966],[-49.6202,-24.6048],[-49.5736,-24.6137],[-49.5392,-24.572],[-49.5107,-24.6142],[-49.5071,-24.5649],[-49.5274,-24.5314],[-49.5169,-24.4943],[-49.4874,-24.4721],[-49.4573,-24.3854],[-49.4627,-24.3674],[-49.6015,-24.3674],[-49.5802,-24.2459],[-49.6299,-24.1469],[-49.6323,-24.1141],[-49.6136,-24.0863],[-49.6344,-24.0707],[-49.6804,-24.0782],[-49.6975,-24.0654],[-49.7594,-24.0841],[-49.7669,-24.1145],[-49.7514,-24.1701],[-49.7865,-24.2353],[-49.9105,-24.1936],[-49.9328,-24.2004],[-49.9861,-24.2454]]]},"properties":{"code":"4112009","name":"Jaguariaíva","state":"PR"}},{"type":"Feature","geometry":{"type":"Polygon","coordinates":[[[-51.6106,-23.6875],[-51.602,-23.5816],[-51.6254,-23.5503],[-51.6448,-23.5759],[-51.7067,-23.5728],[-51.7561,-23.6001],[-51.7936,-23.607],[-51.7957,-23.6309],[-51.7659,-23.6576],[-51.696,-23.6804],[-51.695,-23.7043],[-51.6339,-23.6669],[-51.6106,-23.6875]]]},"properties":{"code":"4112108","name":"Jandaia do Sul","state":"PR"}},{"type":"Feature","geometry":{"type":"Polygon","coordinates":[[[-52.7019,-24.1395],[-52.7471,-24.0818],[-52.7667,-24.0291],[-52.7821,-24.0115],[-52.8725,-23.9923],[-52.8859,-24.0426],[-52.855,-24.1177],[-52.8626,-24.1385],[-52.869,-24.1398],[-52.8682,-24.2506],[-52.8694,-24.3163],[-52.814,-24.2877],[-52.8305,-24.2446],[-52.8055,-24.1868],[-52.7273,-24.1788],[-52.7019,-24.1395]]]},"properties":{"code":"4112207","name":"Janiópolis","state":"PR"}},{"type":"Feature","geometry":{"type":"Polygon","coordinates":[[[-50.241,-23.5822],[-50.2241,-23.6053],[-50.2364,-23.6348],[-50.2013,-23.6738],[-50.2086,-23.7214],[-50.1748,-23.8173],[-50.1203,-23.8559],[-50.0771,-23.8213],[-50.094,-23.7915],[-50.1333,-23.7163],[-50.1687,-23.6786],[-50.1861,-23.661],[-50.1822,-23.6154],[-50.1909,-23.5702],[-50.241,-23.5822]]]},"properties":{"code":"4112306","name":"Japira","state":"PR"}},{"type":"Feature","geometry":{"type":"Polygon","coordinates":[[[-52.6006,-23.4768],[-52.5694,-23.5085],[-52.519,-23.5051],[-52.4645,-23.4546],[-52.4746,-23.4071],[-52.5398,-23.3666],[-52.6163,-23.4148],[-52.6006,-23.4768]]]},"properties":{"code":"4112405","name":"Japurá","state":"PR"}},{"type":"Feature","geometry":{"type":"Polygon","coordinates":[[[-51.7652,-24.2442],[-51.7176,-24.2554],[-51.6883,-24.2093],[-51.6229,-24.211],[-51.5865,-24.1925],[-51.5588,-24.1572],[-51.5802,-24.1255],[-51.6565,-24.1492],[-51.687,-24.1377],[-51.7122,-24.0945],[-51.7343,-24.1147],[-51.8416,-24.1753],[-51.9581,-24.2409],[-51.9538,-24.2468],[-51.9329,-24.2642],[-51.9341,-24.3018],[-51.916,-24.3259],[-51.8543,-24.304],[-51.8264,-24.3068],[-51.8128,-24.2424],[-51.7652,-24.2442]]]},"properties":{"code":"4112504","name":"Jardim Alegre","state":"PR"}},{"type":"Feature","geometry":{"type":"Polygon","coordinates":[[[-52.004,-22.6151],[-52.0037,-22.5812],[-52.0284,-22.5395],[-52.0329,-22.5392],[-52.1092,-22.5163],[-52.1356,-22.5269],[-52.1523,-22.5692],[-52.0802,-22.6418],[-52.0695,-22.6142],[-52.004,-22.6151]]]},"properties":{"code":"4112603","name":"Jardim Olinda","state":"PR"}},{"type":"Feature","geometry":{"type":"Polygon","coordinates":[[[-50.9596,-23.1479],[-50.9508,-23.1724],[-50.969,-23.1968],[-50.967,-23.2373],[-50.9882,-23.254],[-50.9634,-23.3034],[-50.8976,-23.3499],[-50.8739,-23.3324],[-50.8456,-23.2829],[-50.9003,-23.2825],[-50.9033,-23.1473],[-50.9596,-23.1479]]]},"properties":{"code":"4112702","name":"Jataizinho","state":"PR"}},{"type":"Feature","geometry":{"type":"Polygon","coordinates":[[[-53.4442,-24.5394],[-53.3512,-24.5435],[-53.3515,-24.498],[-53.3801,-24.494],[-53.3894,-24.4094],[-53.3452,-24.3653],[-53.374,-24.2916],[-53.429,-24.3037],[-53.4612,-24.2851],[-53.4726,-24.3137],[-53.449,-24.3563],[-53.4703,-24.3939],[-53.4483,-24.408],[-53.4559,-24.4604],[-53.4442,-24.5394]]]},"properties":{"code":"4112751","name":"Jesuítas","state":"PR"}},{"type":"Feature","geometry":{"type":"Polygon","coordinates":[[[-50.0041,-23.5337],[-49.9731,-23.533],[-49.9235,-23.5564],[-49.8816,-23.5052],[-49.8503,-23.5714],[-49.8187,-23.5589],[-49.8266,-23.5313],[-49.8131,-23.5005],[-49.8654,-23.4585],[-49.8412,-23.4346],[-49.8648,-23.3524],[-49.8915,-23.335],[-49.9329,-23.3061],[-49.9359,-23.3732],[-49.9252,-23.3908],[-49.9492,-23.4318],[-50.0043,-23.4452],[-50.0186,-23.4802],[-49.9873,-23.5067],[-50.0041,-23.5337]]]},"properties":{"code":"4112801","name":"Joaquim Távora","state":"PR"}},{"type":"Feature","geometry":{"type":"Polygon","coordinates":[[[-50.171,-23.3973],[-50.2219,-23.3782],[-50.2348,-23.3567],[-50.2586,-23.3545],[-50.3042,-23.3824],[-50.2991,-23.3865],[-50.2981,-23.5883],[-50.241,-23.5822],[-50.1909,-23.5702],[-50.1406,-23.4897],[-50.1304,-23.464],[-50.1647,-23.438],[-50.171,-23.3973]]]},"properties":{"code":"4112900","name":"Jundiaí do Sul","state":"PR"}},{"type":"Feature","geometry":{"type":"Polygon","coordinates":[[[-52.975,-24.3468],[-52.9752,-24.4126],[-52.8853,-24.4232],[-52.873,-24.5112],[-52.8605,-24.4993],[-52.7671,-24.4947],[-52.7688,-24.4662],[-52.7334,-24.421],[-52.7373,-24.3875],[-52.7129,-24.3589],[-52.7015,-24.2988],[-52.7467,-24.2976],[-52.7999,-24.3468],[-52.8693,-24.3854],[-52.8694,-24.3163],[-52.9458,-24.3287],[-52.975,-24.3468]]]},"properties":{"code":"4112959","name":"Juranda","state":"PR"}},{"type":"Feature","geometry":{"type":"Polygon","coordinates":[[[-52.3278,-23.5525],[-52.3626,-23.5575],[-52.4022,-23.5357],[-52.4527,-23.5495],[-52.5117,-23.6603],[-52.5114,-23.6917],[-52.5449,-23.7471],[-52.5188,-23.7762],[-52.3278,-23.5525]]]},"properties":{"code":"4113007","name":"Jussara","state":"PR"}},{"type":"Feature","geometry":{"type":"Polygon","coordinates":[[[-51.5901,-23.8347],[-51.6291,-23.78],[-51.7321,-23.8137],[-51.7664,-23.8389],[-51.7345,-23.8416],[-51.7635,-23.8905],[-51.7959,-23.9201],[-51.731,-23.9389],[-51.6885,-23.9296],[-51.6793,-23.8843],[-51.6533,-23.8671],[-51.587,-23.8617],[-51.5901,-23.8347]]]},"properties":{"code":"4113106","name":"Kaloré","state":"PR"}},{"type":"Feature","geometry":{"type":"Polygon","coordinates":[[[-49.5194,-25.8071],[-49.6149,-25.7817],[-49.6025,-25.7569],[-49.6105,-25.6437],[-49.6015,-25.6076],[-49.6316,-25.5884],[-49.6837,-25.591],[-49.7079,-25.6048],[-49.7733,-25.5796],[-49.8094,-25.5538],[-49.877,-25.5444],[-49.8792,-25.5717],[-49.9385,-25.6069],[-49.986,-25.5997],[-50.0268,-25.6043],[-50.0653,-25.651],[-50.0952,-25.6354],[-50.1307,-25.6604],[-50.1356,-25.6956],[-50.1632,-25.7593],[-50.1898,-25.7647],[-50.2282,-25.8128],[-50.2102,-25.8163],[-50.1434,-25.8875],[-50.0832,-25.8994],[-50.0401,-25.879],[-50.0131,-25.8947],[-50.0112,-25.931],[-49.9733,-25.9591],[-49.9678,-26.0051],[-49.9934,-26.0114],[-49.9341,-26.0189],[-49.9259,-25.9898],[-49.8756,-25.9836],[-49.8587,-25.9593],[-49.7921,-25.9464],[-49.7036,-25.9283],[-49.6444,-25.8931],[-49.6361,-25.8678],[-49.5884,-25.8489],[-49.5422,-25.8427],[-49.5194,-25.8071]]]},"properties":{"code":"4113205","name":"Lapa","state":"PR"}},{"type":"Feature","geometry":{"type":"Polygon","coordinates":[[[-52.4117,-25.0186],[-52.3814,-24.961],[-52.3821,-24.8898],[-52.3995,-24.8319],[-52.4312,-24.7607],[-52.4531,-24.7463],[-52.4896,-24.7398],[-52.5409,-24.7698],[-52.5372,-24.8401],[-52.6017,-24.8786],[-52.6558,-24.9294],[-52.5919,-24.9645],[-52.5683,-24.9661],[-52.5553,-25.0351],[-52.5138,-25.0251],[-52.4564,-25.0276],[-52.4117,-25.0186]]]},"properties":{"code":"4113254","name":"Laranjal","state":"PR"}},{"type":"Feature","geometry":{"type":"Polygon","coordinates":[[[-52.3969,-25.1277],[-52.4146,-25.1458],[-52.4091,-25.1881],[-52.446,-25.2345],[-52.4104,-25.2528],[-52.4103,-25.2885],[-52.4305,-25.3302],[-52.498,-25.3204],[-52.5223,-25.3756],[-52.5646,-25.4277],[-52.5351,-25.4184],[-52.472,-25.4654],[-52.4344,-25.5052],[-52.3657,-25.485],[-52.2985,-25.484],[-52.2649,-25.473],[-52.2897,-25.3772],[-52.2872,-25.3384],[-52.2562,-25.3102],[-52.2586,-25.2562],[-52.2996,-25.2415],[-52.3027,-25.1982],[-52.3226,-25.195],[-52.3969,-25.1277]]]},"properties":{"code":"4113304","name":"Laranjeiras do Sul","state":"PR"}},{"type":"Feature","geometry":{"type":"Polygon","coordinates":[[[-50.7959,-22.9512],[-50.7708,-23.0087],[-50.7748,-23.0435],[-50.7972,-23.0797],[-50.8427,-23.1103],[-50.802,-23.1367],[-50.78,-23.1243],[-50.7345,-23.1375],[-50.6765,-23.1014],[-50.6374,-23.0609],[-50.6208,-23.0146],[-50.6097,-22.9728],[-50.6373,-22.9069],[-50.6821,-22.9062],[-50.7098,-22.9534],[-50.7959,-22.9512]]]},"properties":{"code":"4113403","name":"Leópolis","state":"PR"}},{"type":"Feature","geometry":{"type":"Polygon","coordinates":[[[-51.5503,-24.0936],[-51.619,-24.0255],[-51.6409,-24.0462],[-51.6753,-24.002],[-51.6838,-24.0642],[-51.7122,-24.0945],[-51.687,-24.1377],[-51.6565,-24.1492],[-51.5802,-24.1255],[-51.5503,-24.0936]]]},"properties":{"code":"4113429","name":"Lidianópolis","state":"PR"}},{"type":"Feature","geometry":{"type":"Polygon","coordinates":[[[-53.4804,-25.3421],[-53.4335,-25.2926],[-53.4256,-25.2409],[-53.4435,-25.2249],[-53.5321,-25.2171],[-53.5278,-25.1691],[-53.5874,-25.1683],[-53.655,-25.1465],[-53.6534,-25.1973],[-53.6378,-25.24],[-53.6588,-25.3517],[-53.6542,-25.3509],[-53.6251,-25.3464],[-53.5375,-25.333],[-53.4804,-25.3421]]]},"properties":{"code":"4113452","name":"Lindoeste","state":"PR"}},{"type":"Feature","geometry":{"type":"Polygon","coordinates":[[[-53.1298,-23.0429],[-53.0328,-23.1059],[-52.9762,-23.0553],[-52.9682,-23.0143],[-52.9461,-22.989],[-52.8961,-22.9597],[-52.8863,-22.9408],[-52.8768,-22.903],[-52.9169,-22.8511],[-52.9519,-22.8815],[-52.9973,-22.856],[-53.0342,-22.8552],[-53.0808,-22.8541],[-53.0991,-22.8361],[-53.2247,-22.8624],[-53.2558,-22.8995],[-53.2847,-22.9352],[-53.2293,-22.9731],[-53.1298,-23.0429]]]},"properties":{"code":"4113502","name":"Loanda","state":"PR"}},{"type":"Feature","geometry":{"type":"Polygon","coordinates":[[[-51.9055,-22.9496],[-51.9192,-22.9554],[-52.0172,-22.8983],[-52.0662,-22.8769],[-52.0752,-22.9176],[-52.0585,-22.9538],[-52.0425,-22.9493],[-52.0237,-23.0022],[-52.0369,-23.0221],[-52.0275,-23.0596],[-52.0118,-23.0771],[-51.9876,-23.0812],[-51.915,-23.0487],[-51.893,-23.0075],[-51.9055,-22.9496]]]},"properties":{"code":"4113601","name":"Lobato","state":"PR"}},{"type":"Feature","geometry":{"type":"Polygon","coordinates":[[[-51.2197,-23.5874],[-51.2083,-23.6448],[-51.2421,-23.736],[-51.1673,-23.7791],[-51.1459,-23.7664],[-51.1163,-23.7031],[-51.0031,-23.7585],[-50.9577,-23.746],[-50.8941,-23.7437],[-50.9154,-23.7144],[-50.8763,-23.6945],[-50.9203,-23.6646],[-50.9334,-23.6078],[-50.9304,-23.5653],[-50.9484,-23.5197],[-50.9535,-23.4162],[-50.9957,-23.3949],[-50.981,-23.3426],[-51.0465,-23.346],[-51.0723,-23.3374],[-51.095,-23.2932],[-51.1085,-23.2398],[-51.1711,-23.2204],[-51.1705,-23.1962],[-51.1704,-23.1715],[-51.2074,-23.1915],[-51.1856,-23.2404],[-51.2222,-23.2433],[-51.2474,-23.2679],[-51.2112,-23.307],[-51.2301,-23.3254],[-51.2674,-23.3964],[-51.3102,-23.3835],[-51.3211,-23.4331],[-51.3092,-23.4714],[-51.3013,-23.5477],[-51.2898,-23.5639],[-51.2364,-23.5545],[-51.2197,-23.5874]]]},"properties":{"code":"4113700","name":"Londrina","state":"PR"}},{"type":"Feature","geometry":{"type":"Polygon","coordinates":[[[-52.2221,-24.193],[-52.3272,-24.154],[-52.3458,-24.1601],[-52.3911,-24.2191],[-52.4194,-24.2842],[-52.443,-24.2981],[-52.4261,-24.3316],[-52.4835,-24.4267],[-52.5163,-24.4596],[-52.5086,-24.523],[-52.3933,-24.535],[-52.328,-24.4957],[-52.3139,-24.5022],[-52.2777,-24.4557],[-52.168,-24.3589],[-52.2415,-24.3142],[-52.1789,-24.2644],[-52.1324,-24.2538],[-52.1243,-24.2333],[-52.0832,-24.2229],[-52.1445,-24.2141],[-52.1488,-24.2015],[-52.2221,-24.193]]]},"properties":{"code":"4113734","name":"Luiziana","state":"PR"}},{"type":"Feature","geometry":{"type":"Polygon","coordinates":[[[-51.8416,-24.1753],[-51.7343,-24.1147],[-51.7122,-24.0945],[-51.6838,-24.0642],[-51.6753,-24.002],[-51.6838,-23.9764],[-51.8489,-24.0728],[-51.8174,-24.0954],[-51.896,-24.142],[-51.8382,-24.1566],[-51.8416,-24.1753]]]},"properties":{"code":"4113759","name":"Lunardelli","state":"PR"}},{"type":"Feature","geometry":{"type":"Polygon","coordinates":[[[-51.7251,-22.7011],[-51.6887,-22.7449],[-51.6969,-22.789],[-51.661,-22.7969],[-51.6404,-22.8312],[-51.6282,-22.8314],[-51.6305,-22.6579],[-51.7182,-22.669],[-51.7251,-22.7011]]]},"properties":{"code":"4113809","name":"Lupionópolis","state":"PR"}},{"type":"Feature","geometry":{"type":"Polygon","coordinates":[[[-50.677,-25.8736],[-50.7645,-25.8319],[-50.7918,-25.7943],[-50.8336,-25.7816],[-50.9564,-25.6866],[-50.943,-25.7399],[-50.9759,-25.7566],[-50.9824,-25.7844],[-51.0399,-25.8075],[-51.0059,-25.8665],[-51.0064,-25.9075],[-50.9722,-25.9329],[-50.9375,-25.9406],[-50.9528,-25.9766],[-50.9302,-26.0274],[-50.8975,-26.0572],[-50.8871,-26.0078],[-50.8543,-25.9949],[-50.7436,-25.9876],[-50.707,-25.9952],[-50.6706,-25.9688],[-50.657,-25.9173],[-50.677,-25.8736]]]},"properties":{"code":"4113908","name":"Mallet","state":"PR"}},{"type":"Feature","geometry":{"type":"Polygon","coordinates":[[[-52.5086,-24.523],[-52.5163,-24.4596],[-52.4835,-24.4267],[-52.4261,-24.3316],[-52.443,-24.2981],[-52.4732,-24.2347],[-52.5229,-24.224],[-52.5587,-24.2143],[-52.5845,-24.1713],[-52.6491,-24.2085],[-52.6276,-24.2417],[-52.6561,-24.2946],[-52.7015,-24.2988],[-52.7129,-24.3589],[-52.7373,-24.3875],[-52.7334,-24.421],[-52.7688,-24.4662],[-52.7671,-24.4947],[-52.7365,-24.473],[-52.6569,-24.4987],[-52.635,-24.4877],[-52.5777,-24.5129],[-52.5592,-24.4988],[-52.5303,-24.5276],[-52.5086,-24.523]]]},"properties":{"code":"4114005","name":"Mamborê","state":"PR"}},{"type":"Feature","geometry":{"type":"Polygon","coordinates":[[[-52.0708,-23.1897],[-52.0587,-23.2039],[-52.1045,-23.2841],[-52.1784,-23.3494],[-52.1502,-23.3706],[-52.1486,-23.4142],[-52.095,-23.4003],[-52.0651,-23.3391],[-51.9923,-23.3083],[-51.9657,-23.2539],[-51.9625,-23.1616],[-51.9734,-23.1556],[-52.0207,-23.1559],[-52.0708,-23.1897]]]},"properties":{"code":"4114104","name":"Mandaguaçu","state":"PR"}},{"type":"Feature","geometry":{"type":"Polygon","coordinates":[[[-51.6254,-23.5503],[-51.6288,-23.5102],[-51.6115,-23.4837],[-51.626,-23.4263],[-51.6276,-23.4087],[-51.6902,-23.3777],[-51.7279,-23.3518],[-51.7764,-23.3355],[-51.7691,-23.3584],[-51.7674,-23.4607],[-51.7539,-23.4937],[-51.7099,-23.5036],[-51.7688,-23.5511],[-51.8029,-23.6034],[-51.8358,-23.632],[-51.7957,-23.6309],[-51.7936,-23.607],[-51.7561,-23.6001],[-51.7067,-23.5728],[-51.6448,-23.5759],[-51.6254,-23.5503]]]},"properties":{"code":"4114203","name":"Mandaguari","state":"PR"}},{"type":"Feature","geometry":{"type":"Polygon","coordinates":[[[-49.3056,-25.9453],[-49.2939,-25.9236],[-49.2586,-25.9203],[-49.2576,-25.8951],[-49.2213,-25.8812],[-49.2078,-25.8251],[-49.2415,-25.7977],[-49.2455,-25.754],[-49.3287,-25.7183],[-49.3552,-25.6735],[-49.3697,-25.7889],[-49.3959,-25.8518],[-49.4343,-25.8813],[-49.4505,-25.9204],[-49.4317,-25.9396],[-49.3742,-25.9341],[-49.3608,-25.9521],[-49.3056,-25.9453]]]},"properties":{"code":"4114302","name":"Mandirituba","state":"PR"}},{"type":"Feature","geometry":{"type":"Polygon","coordinates":[[[-53.4905,-26.0534],[-53.4656,-26.089],[-53.433,-26.0791],[-53.4133,-26.1032],[-53.3726,-26.1085],[-53.3336,-26.1637],[-53.2988,-26.1875],[-53.2587,-26.1943],[-53.2445,-26.1402],[-53.2623,-26.0957],[-53.3289,-26.0237],[-53.3609,-26.0159],[-53.365,-26.0203],[-53.3932,-26.0342],[-53.4905,-26.0534]]]},"properties":{"code":"4114351","name":"Manfrinópolis","state":"PR"}},{"type":"Feature","geometry":{"type":"Polygon","coordinates":[[[-52.189,-26.3203],[-52.1643,-26.3021],[-52.1119,-26.2371],[-52.0923,-26.1985],[-52.109,-26.1485],[-52.1029,-26.1013],[-52.0817,-26.0302],[-52.0788,-25.9694],[-52.0868,-25.9377],[-52.1095,-25.8976],[-52.1434,-25.8908],[-52.1686,-25.833],[-52.1232,-25.7747],[-52.1698,-25.749],[-52.214,-25.7565],[-52.2631,-25.8597],[-52.3243,-25.9057],[-52.347,-25.9367],[-52.3826,-25.945],[-52.3847,-26.0023],[-52.3752,-26.0409],[-52.3052,-26.0769],[-52.2948,-26.1108],[-52.2629,-26.1075],[-52.2537,-26.1392],[-52.2138,-26.1378],[-52.2231,-26.2088],[-52.2839,-26.2374],[-52.3162,-26.2714],[-52.3094,-26.2878],[-52.2545,-26.2765],[-52.189,-26.3203]]]},"properties":{"code":"4114401","name":"Mangueirinha","state":"PR"}},{"type":"Feature","geometry":{"type":"Polygon","coordinates":[[[-51.4684,-24.555],[-51.4505,-24.5297],[-51.4529,-24.4823],[-51.4734,-24.4676],[-51.4804,-24.4285],[-51.601,-24.4482],[-51.6111,-24.3872],[-51.6595,-24.3941],[-51.7389,-24.4054],[-51.8457,-24.4195],[-51.8245,-24.4498],[-51.7571,-24.5294],[-51.7249,-24.5961],[-51.6621,-24.5846],[-51.6046,-24.5559],[-51.5602,-24.575],[-51.5337,-24.554],[-51.5022,-24.5748],[-51.4684,-24.555]]]},"properties":{"code":"4114500","name":"Manoel Ribas","state":"PR"}},{"type":"Feature","geometry":{"type":"Polygon","coordinates":[[[-54.0052,-24.6585],[-53.9963,-24.6046],[-54.0098,-24.5838],[-54.0133,-24.5127],[-53.9877,-24.485],[-54.0138,-24.4296],[-54.0312,-24.4164],[-54.0713,-24.4292],[-54.0984,-24.419],[-54.0981,-24.4759],[-54.1597,-24.4962],[-54.2066,-24.4965],[-54.2326,-24.4683],[-54.2956,-24.4276],[-54.3265,-24.4652],[-54.3361,-24.508],[-54.3185,-24.5907],[-54.276,-24.5806],[-54.2238,-24.587],[-54.1696,-24.6175],[-54.1846,-24.6371],[-54.1777,-24.6836],[-54.1522,-24.7249],[-54.0962,-24.7549],[-54.0632,-24.7633],[-54.0294,-24.7408],[-54.032,-24.6557],[-54.0052,-24.6585]]]},"properties":{"code":"4114609","name":"Marechal Cândido Rondon","state":"PR"}},{"type":"Feature","geometry":{"type":"Polygon","coordinates":[[[-53.1758,-23.7115],[-53.1417,-23.7281],[-53.1195,-23.5032],[-53.1164,-23.4712],[-53.1473,-23.4824],[-53.2163,-23.4539],[-53.2741,-23.4952],[-53.3085,-23.5035],[-53.3518,-23.4846],[-53.3514,-23.5107],[-53.3228,-23.5455],[-53.3107,-23.602],[-53.3435,-23.6369],[-53.3364,-23.6527],[-53.1758,-23.7115]]]},"properties":{"code":"4114708","name":"Maria Helena","state":"PR"}},{"type":"Feature","geometry":{"type":"Polygon","coordinates":[[[-51.8358,-23.632],[-51.8029,-23.6034],[-51.7688,-23.5511],[-51.7099,-23.5036],[-51.7539,-23.4937],[-51.7674,-23.4607],[-51.7691,-23.3584],[-51.7764,-23.3355],[-51.8116,-23.3225],[-51.8464,-23.3279],[-51.843,-23.3937],[-51.8005,-23.4124],[-51.8065,-23.4451],[-51.8535,-23.4579],[-51.853,-23.5108],[-51.9025,-23.5577],[-51.928,-23.5334],[-51.9094,-23.5099],[-51.9115,-23.4771],[-51.9486,-23.4851],[-51.9812,-23.5162],[-51.9998,-23.5566],[-52.0295,-23.5908],[-52.0347,-23.6227],[-52.0615,-23.6508],[-52.0042,-23.6192],[-51.9636,-23.616],[-51.9352,-23.6516],[-51.9399,-23.673],[-51.8882,-23.6451],[-51.8358,-23.632]]]},"properties":{"code":"4114807","name":"Marialva","state":"PR"}},{"type":"Feature","geometry":{"type":"Polygon","coordinates":[[[-51.2397,-23.6249],[-51.249,-23.6638],[-51.3015,-23.7155],[-51.3599,-23.716],[-51.429,-23.6992],[-51.4385,-23.7095],[-51.3731,-23.7426],[-51.3583,-23.8201],[-51.4233,-23.8631],[-51.365,-23.8577],[-51.3338,-23.8646],[-51.2942,-23.8992],[-51.2751,-23.889],[-51.2563,-23.8465],[-51.2129,-23.8593],[-51.1785,-23.8395],[-51.186,-23.8152],[-51.1459,-23.7664],[-51.1673,-23.7791],[-51.2421,-23.736],[-51.2083,-23.6448],[-51.2197,-23.5874],[-51.2397,-23.6249]]]},"properties":{"code":"4114906","name":"Marilândia do Sul","state":"PR"}},{"type":"Feature","geometry":{"type":"Polygon","coordinates":[[[-53.0342,-22.8552],[-53.0389,-22.8087],[-52.9947,-22.7086],[-53.0246,-22.6338],[-53.0385,-22.6184],[-53.0915,-22.6448],[-53.1052,-22.6219],[-53.1279,-22.6523],[-53.1097,-22.7152],[-53.1153,-22.7821],[-53.0991,-22.8361],[-53.0808,-22.8541],[-53.0342,-22.8552]]]},"properties":{"code":"4115002","name":"Marilena","state":"PR"}},{"type":"Feature","geometry":{"type":"Polygon","coordinates":[[[-53.1072,-23.9286],[-53.1639,-23.912],[-53.2074,-23.9203],[-53.2376,-23.9598],[-53.2933,-24.0363],[-53.321,-24.0916],[-53.326,-24.1295],[-53.3119,-24.1712],[-53.3208,-24.1984],[-53.2402,-24.1664],[-53.2036,-24.1365],[-53.138,-24.153],[-53.1316,-24.1029],[-53.1072,-23.9286]]]},"properties":{"code":"4115101","name":"Mariluz","state":"PR"}},{"type":"Feature","geometry":{"type":"Polygon","coordinates":[[[-51.8685,-23.288],[-51.8923,-23.3049],[-51.9394,-23.2639],[-51.9657,-23.2539],[-51.9923,-23.3083],[-52.0651,-23.3391],[-52.095,-23.4003],[-52.0479,-23.4227],[-52.0065,-23.4549],[-52.0705,-23.4842],[-52.1003,-23.5196],[-52.1003,-23.5197],[-51.9998,-23.5566],[-51.9812,-23.5162],[-51.9486,-23.4851],[-51.9115,-23.4771],[-51.8757,-23.4174],[-51.843,-23.3937],[-51.8464,-23.3279],[-51.8685,-23.288]]]},"properties":{"code":"4115200","name":"Maringá","state":"PR"}},{"type":"Feature","geometry":{"type":"Polygon","coordinates":[[[-52.5232,-26.3996],[-52.4972,-26.3273],[-52.4958,-26.2692],[-52.5331,-26.2357],[-52.5716,-26.2695],[-52.5868,-26.2994],[-52.6609,-26.3014],[-52.685,-26.3017],[-52.7006,-26.358],[-52.6802,-26.3527],[-52.645,-26.3809],[-52.5958,-26.4161],[-52.557,-26.4078],[-52.5232,-26.3996]]]},"properties":{"code":"4115309","name":"Mariópolis","state":"PR"}},{"type":"Feature","geometry":{"type":"Polygon","coordinates":[[[-53.8817,-24.4675],[-53.8455,-24.4551],[-53.8125,-24.4829],[-53.8057,-24.5077],[-53.7695,-24.5504],[-53.7154,-24.5751],[-53.7154,-24.4675],[-53.7149,-24.3695],[-53.9074,-24.3699],[-53.9064,-24.4567],[-53.8817,-24.4675]]]},"properties":{"code":"4115358","name":"Maripá","state":"PR"}},{"type":"Feature","geometry":{"type":"Polygon","coordinates":[[[-52.9932,-26.099],[-53.006,-26.1161],[-53.1002,-26.124],[-53.1335,-26.168],[-53.1651,-26.1804],[-53.1689,-26.2244],[-53.1893,-26.2456],[-53.1811,-26.3184],[-53.1693,-26.3481],[-53.1602,-26.3506],[-53.0932,-26.392],[-53.028,-26.3702],[-53.0222,-26.3194],[-53.0637,-26.2772],[-53.0682,-26.2359],[-53.0225,-26.2064],[-52.9853,-26.1595],[-52.9932,-26.099]]]},"properties":{"code":"4115408","name":"Marmeleiro","state":"PR"}},{"type":"Feature","geometry":{"type":"Polygon","coordinates":[[[-52.1883,-24.9816],[-52.2405,-24.9914],[-52.2471,-25.014],[-52.2956,-24.9919],[-52.3311,-25.025],[-52.3532,-25.0675],[-52.4056,-25.0564],[-52.3969,-25.1277],[-52.3226,-25.195],[-52.3027,-25.1982],[-52.2996,-25.2415],[-52.2586,-25.2562],[-52.2189,-25.2556],[-52.2396,-25.2494],[-52.2603,-25.1475],[-52.2265,-25.1553],[-52.0822,-25.1371],[-52.087,-25.1013],[-52.1114,-25.1009],[-52.1176,-25.0571],[-52.147,-25.0426],[-52.1883,-24.9816]]]},"properties":{"code":"4115457","name":"Marquinho","state":"PR"}},{"type":"Feature","geometry":{"type":"Polygon","coordinates":[[[-51.5901,-23.8347],[-51.5652,-23.7912],[-51.5746,-23.741],[-51.593,-23.7046],[-51.6106,-23.6875],[-51.6339,-23.6669],[-51.695,-23.7043],[-51.7514,-23.7525],[-51.7663,-23.7942],[-51.7664,-23.8389],[-51.7321,-23.8137],[-51.6291,-23.78],[-51.5901,-23.8347]]]},"properties":{"code":"4115507","name":"Marumbi","state":"PR"}},{"type":"Feature","geometry":{"type":"Polygon","coordinates":[[[-53.993,-25.3632],[-53.9617,-25.3823],[-53.9487,-25.4275],[-53.9052,-25.4849],[-53.8977,-25.5191],[-53.9165,-25.5829],[-53.8958,-25.595],[-53.8073,-25.54],[-53.791,-25.5086],[-53.813,-25.4847],[-53.8034,-25.4293],[-53.8154,-25.4069],[-53.7788,-25.327],[-53.9069,-25.2693],[-53.9005,-25.2009],[-53.9496,-25.1623],[-53.954,-25.1031],[-53.9655,-25.0765],[-53.9847,-25.0778],[-53.981,-25.1287],[-54.0213,-25.1752],[-54.0109,-25.1751],[-54.0086,-25.3326],[-53.993,-25.3632]]]},"properties":{"code":"4115606","name":"Matelândia","state":"PR"}},{"type":"Feature","geometry":{"type":"Polygon","coordinates":[[[-48.5496,-25.8523],[-48.4771,-25.7137],[-48.526,-25.6994],[-48.59,-25.7334],[-48.6345,-25.7045],[-48.6324,-25.7587],[-48.5994,-25.7686],[-48.5496,-25.8523]]]},"properties":{"code":"4115705","name":"Matinhos","state":"PR"}},{"type":"Feature","geometry":{"type":"Polygon","coordinates":[[[-52.3941,-24.7166],[-52.3766,-24.7553],[-52.2994,-24.7308],[-52.2844,-24.7791],[-52.2196,-24.7598],[-52.1844,-24.7685],[-52.1682,-24.797],[-52.12,-24.7791],[-52.0762,-24.6944],[-52.0925,-24.6754],[-52.0946,-24.5968],[-52.1341,-24.6253],[-52.2074,-24.6177],[-52.2732,-24.643],[-52.3259,-24.6807],[-52.3706,-24.6955],[-52.3941,-24.7166]]]},"properties":{"code":"4115739","name":"Mato Rico","state":"PR"}},{"type":"Feature","geometry":{"type":"Polygon","coordinates":[[[-51.2751,-23.889],[-51.2333,-23.916],[-51.1749,-23.9252],[-51.1646,-23.9634],[-51.1148,-23.993],[-51.0955,-23.988],[-51.1126,-23.9427],[-51.0819,-23.906],[-51.1239,-23.9264],[-51.1738,-23.924],[-51.184,-23.8714],[-51.1785,-23.8395],[-51.2129,-23.8593],[-51.2563,-23.8465],[-51.2751,-23.889]]]},"properties":{"code":"4115754","name":"Mauá da Serra","state":"PR"}},{"type":"Feature","geometry":{"type":"Polygon","coordinates":[[[-54.1936,-25.218],[-54.1715,-25.2964],[-54.1139,-25.3615],[-54.0853,-25.3612],[-54.0433,-25.3344],[-53.993,-25.3632],[-54.0086,-25.3326],[-54.0109,-25.1751],[-54.0213,-25.1752],[-54.0996,-25.1662],[-54.16,-25.192],[-54.2012,-25.1942],[-54.1936,-25.218]]]},"properties":{"code":"4115804","name":"Medianeira","state":"PR"}},{"type":"Feature","geometry":{"type":"Polygon","coordinates":[[[-54.1718,-24.3775],[-54.2363,-24.3872],[-54.2616,-24.375],[-54.2956,-24.4276],[-54.2326,-24.4683],[-54.2066,-24.4965],[-54.1597,-24.4962],[-54.0981,-24.4759],[-54.0984,-24.419],[-54.121,-24.3899],[-54.1718,-24.3775]]]},"properties":{"code":"4115853","name":"Mercedes","state":"PR"}},{"type":"Feature","geometry":{"type":"Polygon","coordinates":[[[-52.863,-23.2679],[-52.8459,-23.2781],[-52.7865,-23.2697],[-52.7637,-23.2959],[-52.7149,-23.276],[-52.7196,-23.2238],[-52.7014,-23.2113],[-52.6498,-23.1619],[-52.65,-23.1169],[-52.75,-23.1091],[-52.7725,-23.1798],[-52.8192,-23.222],[-52.8502,-23.2299],[-52.863,-23.2679]]]},"properties":{"code":"4115903","name":"Mirador","state":"PR"}},{"type":"Feature","geometry":{"type":"Polygon","coordinates":[[[-51.4565,-22.9781],[-51.437,-22.9166],[-51.4809,-22.9172],[-51.5319,-22.931],[-51.4921,-23.0667],[-51.4711,-23.0488],[-51.4565,-22.9781]]]},"properties":{"code":"4116000","name":"Miraselva","state":"PR"}},{"type":"Feature","geometry":{"type":"Polygon","coordinates":[[[-54.4015,-25.0339],[-54.4182,-25.0603],[-54.3657,-25.0768],[-54.3589,-25.096],[-54.3086,-25.1277],[-54.2241,-25.1608],[-54.2012,-25.1942],[-54.16,-25.192],[-54.0996,-25.1662],[-54.1007,-25.111],[-54.1944,-25.1127],[-54.1683,-25.0305],[-54.1644,-25.0177],[-54.2994,-25.0208],[-54.4015,-25.0339]]]},"properties":{"code":"4116059","name":"Missal","state":"PR"}},{"type":"Feature","geometry":{"type":"Polygon","coordinates":[[[-53.1316,-24.1029],[-53.0728,-24.0928],[-53.0376,-24.0614],[-52.855,-24.1177],[-52.8859,-24.0426],[-52.8725,-23.9923],[-52.9231,-23.988],[-52.9638,-23.9649],[-53.0516,-23.9374],[-53.1072,-23.9286],[-53.1316,-24.1029]]]},"properties":{"code":"4116109","name":"Moreira Sales","state":"PR"}},{"type":"Feature","geometry":{"type":"Polygon","coordinates":[[[-48.6883,-25.627],[-48.7041,-25.5682],[-48.6813,-25.5326],[-48.6838,-25.5025],[-48.7198,-25.4837],[-48.7965,-25.4708],[-48.819,-25.443],[-48.8496,-25.3683],[-48.8449,-25.31],[-48.8845,-25.2903],[-48.9064,-25.333],[-48.919,-25.3794],[-48.9425,-25.3866],[-48.9629,-25.4447],[-48.9435,-25.4772],[-48.9702,-25.5226],[-48.9727,-25.5759],[-48.9533,-25.6422],[-48.9695,-25.6643],[-48.9734,-25.7265],[-48.9237,-25.6997],[-48.9041,-25.6683],[-48.8719,-25.658],[-48.8473,-25.6103],[-48.7899,-25.6229],[-48.76,-25.5973],[-48.6883,-25.627]]]},"properties":{"code":"4116208","name":"Morretes","state":"PR"}},{"type":"Feature","geometry":{"type":"Polygon","coordinates":[[[-51.7957,-23.1744],[-51.7791,-23.2093],[-51.7319,-23.2225],[-51.7239,-23.1702],[-51.6942,-23.1569],[-51.6723,-23.0869],[-51.7494,-23.0392],[-51.7636,-23.123],[-51.7957,-23.1744]]]},"properties":{"code":"4116307","name":"Munhoz de Melo","state":"PR"}},{"type":"Feature","geometry":{"type":"Polygon","coordinates":[[[-51.8734,-22.9567],[-51.7947,-23.0058],[-51.7482,-22.9443],[-51.7173,-22.9308],[-51.7253,-22.8909],[-51.7637,-22.8491],[-51.8002,-22.831],[-51.8399,-22.8299],[-51.8443,-22.89],[-51.8734,-22.9567]]]},"properties":{"code":"4116406","name":"Nossa Senhora das Graças","state":"PR"}},{"type":"Feature","geometry":{"type":"Polygon","coordinates":[[[-52.65,-23.1169],[-52.6498,-23.1619],[-52.7014,-23.2113],[-52.6461,-23.2153],[-52.6127,-23.2318],[-52.5469,-23.1793],[-52.5469,-23.1309],[-52.602,-23.1092],[-52.65,-23.1169]]]},"properties":{"code":"4116505","name":"Nova Aliança do Ivaí","state":"PR"}},{"type":"Feature","geometry":{"type":"Polygon","coordinates":[[[-50.7673,-23.3474],[-50.7398,-23.3723],[-50.7206,-23.4156],[-50.663,-23.3923],[-50.6377,-23.4189],[-50.6571,-23.3636],[-50.6407,-23.3452],[-50.7348,-23.2734],[-50.7359,-23.2509],[-50.7608,-23.2875],[-50.7673,-23.3474]]]},"properties":{"code":"4116604","name":"Nova América da Colina","state":"PR"}},{"type":"Feature","geometry":{"type":"Polygon","coordinates":[[[-53.2434,-24.6247],[-53.2374,-24.589],[-53.2054,-24.5353],[-53.1792,-24.5206],[-53.1635,-24.4904],[-53.152,-24.4173],[-53.1593,-24.3947],[-53.1671,-24.3639],[-53.2472,-24.329],[-53.2748,-24.3377],[-53.2516,-24.393],[-53.2538,-24.4133],[-53.3175,-24.4285],[-53.3278,-24.4862],[-53.3515,-24.498],[-53.3512,-24.5435],[-53.4442,-24.5394],[-53.4382,-24.574],[-53.4265,-24.6417],[-53.3863,-24.6525],[-53.3583,-24.6023],[-53.3335,-24.5857],[-53.2924,-24.5858],[-53.2672,-24.6223],[-53.2434,-24.6247]]]},"properties":{"code":"4116703","name":"Nova Aurora","state":"PR"}},{"type":"Feature","geometry":{"type":"Polygon","coordinates":[[[-52.7039,-24.7475],[-52.6666,-24.7738],[-52.5672,-24.761],[-52.5409,-24.7698],[-52.4896,-24.7398],[-52.4531,-24.7463],[-52.4252,-24.7127],[-52.4237,-24.6421],[-52.4767,-24.5753],[-52.5175,-24.5484],[-52.5086,-24.523],[-52.5303,-24.5276],[-52.5592,-24.4988],[-52.5777,-24.5129],[-52.635,-24.4877],[-52.6569,-24.4987],[-52.6096,-24.5275],[-52.5961,-24.5756],[-52.6107,-24.6037],[-52.6647,-24.6386],[-52.6934,-24.683],[-52.686,-24.731],[-52.7039,-24.7475]]]},"properties":{"code":"4116802","name":"Nova Cantu","state":"PR"}},{"type":"Feature","geometry":{"type":"Polygon","coordinates":[[[-52.1536,-23.104],[-52.1862,-23.1072],[-52.1824,-23.0425],[-52.2478,-23.0263],[-52.2518,-23.0619],[-52.233,-23.1395],[-52.2554,-23.1679],[-52.3041,-23.1915],[-52.3828,-23.1993],[-52.4205,-23.2341],[-52.4208,-23.2508],[-52.3988,-23.2788],[-52.3439,-23.3001],[-52.244,-23.2682],[-52.2187,-23.248],[-52.1882,-23.2623],[-52.1444,-23.2121],[-52.1081,-23.1902],[-52.1536,-23.104]]]},"properties":{"code":"4116901","name":"Nova Esperança","state":"PR"}},{"type":"Feature","geometry":{"type":"Polygon","coordinates":[[[-53.195,-25.7817],[-53.2346,-25.8286],[-53.2385,-25.8486],[-53.3078,-25.876],[-53.3551,-25.8778],[-53.3469,-25.9268],[-53.3455,-25.9466],[-53.325,-25.9631],[-53.2319,-25.987],[-53.2405,-25.953],[-53.1881,-25.9037],[-53.1776,-25.87],[-53.1805,-25.8054],[-53.195,-25.7817]]]},"properties":{"code":"4116950","name":"Nova Esperança do Sudoeste","state":"PR"}},{"type":"Feature","geometry":{"type":"Polygon","coordinates":[[[-50.4828,-23.3256],[-50.5337,-23.3701],[-50.5803,-23.3665],[-50.5895,-23.3474],[-50.6407,-23.3452],[-50.6571,-23.3636],[-50.6377,-23.4189],[-50.6296,-23.4553],[-50.5997,-23.4942],[-50.566,-23.4827],[-50.4279,-23.4825],[-50.4121,-23.4638],[-50.4506,-23.4265],[-50.4492,-23.3754],[-50.4828,-23.3256]]]},"properties":{"code":"4117008","name":"Nova Fátima","state":"PR"}},{"type":"Feature","geometry":{"type":"Polygon","coordinates":[[[-52.5646,-25.4277],[-52.5223,-25.3756],[-52.498,-25.3204],[-52.4305,-25.3302],[-52.4103,-25.2885],[-52.4104,-25.2528],[-52.446,-25.2345],[-52.4091,-25.1881],[-52.4146,-25.1458],[-52.3969,-25.1277],[-52.4056,-25.0564],[-52.4117,-25.0186],[-52.4564,-25.0276],[-52.5138,-25.0251],[-52.5553,-25.0351],[-52.5683,-24.9661],[-52.5919,-24.9645],[-52.6202,-24.9806],[-52.6048,-25.0122],[-52.6151,-25.0378],[-52.6619,-25.0716],[-52.6631,-25.098],[-52.6689,-25.1445],[-52.6912,-25.1643],[-52.6609,-25.206],[-52.7217,-25.2125],[-52.7786,-25.2494],[-52.8307,-25.2523],[-52.84,-25.2735],[-52.6929,-25.2745],[-52.6642,-25.297],[-52.6984,-25.3257],[-52.715,-25.4007],[-52.7445,-25.4164],[-52.7618,-25.4557],[-52.6987,-25.4807],[-52.6893,-25.4615],[-52.6376,-25.4433],[-52.6223,-25.4644],[-52.5843,-25.4284],[-52.5646,-25.4277]]]},"properties":{"code":"4117057","name":"Nova Laranjeiras","state":"PR"}},{"type":"Feature","geometry":{"type":"Polygon","coordinates":[[[-53.0385,-22.6184],[-53.0246,-22.6338],[-52.9947,-22.7086],[-53.0389,-22.8087],[-53.0342,-22.8552],[-52.9973,-22.856],[-52.9519,-22.8815],[-52.9169,-22.8511],[-52.8768,-22.903],[-52.8558,-22.8803],[-52.8577,-22.821],[-52.8493,-22.7824],[-52.9499,-22.771],[-52.9645,-22.7313],[-52.9681,-22.6786],[-53.0117,-22.5988],[-53.0385,-22.6184]]]},"properties":{"code":"4117107","name":"Nova Londrina","state":"PR"}},{"type":"Feature","geometry":{"type":"Polygon","coordinates":[[[-53.1164,-23.4712],[-53.1195,-23.5032],[-53.0397,-23.4931],[-53.0236,-23.4763],[-53.0362,-23.3839],[-53.028,-23.3562],[-53.1038,-23.3441],[-53.1164,-23.4712]]]},"properties":{"code":"4117206","name":"Nova Olímpia","state":"PR"}},{"type":"Feature","geometry":{"type":"Polygon","coordinates":[[[-50.6973,-23.5566],[-50.7987,-23.5827],[-50.8577,-23.5843],[-50.8191,-23.611],[-50.751,-23.6065],[-50.658,-23.6226],[-50.6657,-23.5916],[-50.6972,-23.5568],[-50.6973,-23.5566]]]},"properties":{"code":"4117214","name":"Nova Santa Bárbara","state":"PR"}},{"type":"Feature","geometry":{"type":"Polygon","coordinates":[[[-53.9595,-24.5067],[-53.8924,-24.5275],[-53.8542,-24.5115],[-53.8817,-24.4675],[-53.9064,-24.4567],[-53.9074,-24.3699],[-53.9666,-24.3698],[-53.9673,-24.3898],[-54.121,-24.3899],[-54.0984,-24.419],[-54.0713,-24.4292],[-54.0312,-24.4164],[-54.0138,-24.4296],[-53.9877,-24.485],[-53.9595,-24.5067]]]},"properties":{"code":"4117222","name":"Nova Santa Rosa","state":"PR"}},{"type":"Feature","geometry":{"type":"Polygon","coordinates":[[[-53.344,-25.4798],[-53.3388,-25.5136],[-53.3701,-25.5315],[-53.3869,-25.5058],[-53.4377,-25.5049],[-53.4789,-25.5315],[-53.5,-25.5499],[-53.4792,-25.6411],[-53.4364,-25.6284],[-53.4047,-25.6532],[-53.3889,-25.6924],[-53.3407,-25.695],[-53.3023,-25.6706],[-53.2619,-25.5919],[-53.2799,-25.544],[-53.3289,-25.5391],[-53.3032,-25.4967],[-53.344,-25.4798]]]},"properties":{"code":"4117255","name":"Nova Prata do Iguaçu","state":"PR"}},{"type":"Feature","geometry":{"type":"Polygon","coordinates":[[[-51.916,-24.3259],[-51.9341,-24.3018],[-51.9329,-24.2642],[-51.9538,-24.2468],[-51.9974,-24.2861],[-51.9885,-24.3207],[-52.0065,-24.3442],[-52.0221,-24.4119],[-52.034,-24.4141],[-52.0166,-24.4718],[-52.0447,-24.5338],[-52.0475,-24.5667],[-52.0007,-24.5916],[-51.9817,-24.6171],[-51.944,-24.5991],[-51.8809,-24.5943],[-51.8776,-24.5513],[-51.839,-24.5327],[-51.8245,-24.4498],[-51.8457,-24.4195],[-51.8887,-24.4],[-51.916,-24.3259]]]},"properties":{"code":"4117271","name":"Nova Tebas","state":"PR"}},{"type":"Feature","geometry":{"type":"Polygon","coordinates":[[[-51.4807,-23.6995],[-51.593,-23.7046],[-51.5746,-23.741],[-51.5652,-23.7912],[-51.5901,-23.8347],[-51.587,-23.8617],[-51.5577,-23.8695],[-51.5065,-23.8573],[-51.4749,-23.7251],[-51.4807,-23.6995]]]},"properties":{"code":"4117297","name":"Novo Itacolomi","state":"PR"}},{"type":"Feature","geometry":{"type":"Polygon","coordinates":[[[-50.7233,-24.3139],[-50.7081,-24.2612],[-50.6789,-24.2299],[-50.7404,-24.1408],[-50.7198,-24.1102],[-50.6929,-24.0366],[-50.7028,-24.0249],[-50.7218,-24.0279],[-50.7545,-23.9773],[-50.732,-23.9477],[-50.7871,-23.9056],[-50.8049,-23.8764],[-50.8437,-23.8944],[-50.8574,-23.8684],[-50.8958,-23.8402],[-50.8991,-23.7956],[-50.9609,-23.867],[-50.9515,-23.8839],[-51.0165,-23.9187],[-51.0819,-23.906],[-51.1126,-23.9427],[-51.0955,-23.988],[-51.0854,-24.0744],[-51.1332,-24.0696],[-51.178,-24.1004],[-51.2111,-24.1057],[-51.2344,-24.0865],[-51.2805,-24.0982],[-51.3129,-24.1295],[-51.3725,-24.1426],[-51.3338,-24.1589],[-51.2598,-24.2124],[-51.2073,-24.223],[-51.2039,-24.2459],[-51.1316,-24.2681],[-51.0983,-24.2996],[-51.098,-24.3258],[-51.0553,-24.3438],[-50.9973,-24.3427],[-50.9614,-24.3552],[-50.9523,-24.3884],[-50.8846,-24.4114],[-50.8291,-24.3997],[-50.7804,-24.3788],[-50.7582,-24.3425],[-50.7233,-24.3139]]]},"properties":{"code":"4117305","name":"Ortigueira","state":"PR"}},{"type":"Feature","geometry":{"type":"Polygon","coordinates":[[[-52.1486,-23.4142],[-52.1502,-23.3706],[-52.1784,-23.3494],[-52.179,-23.35],[-52.2754,-23.4401],[-52.2947,-23.5213],[-52.3247,-23.554],[-52.3048,-23.573],[-52.2242,-23.523],[-52.2133,-23.4807],[-52.1486,-23.4142]]]},"properties":{"code":"4117404","name":"Ourizona","state":"PR"}},{"type":"Feature","geometry":{"type":"Polygon","coordinates":[[[-54.0357,-24.7893],[-54.0013,-24.7826],[-53.988,-24.8264],[-53.9242,-24.8531],[-53.9128,-24.8788],[-53.8491,-24.8764],[-53.787,-24.8279],[-53.8081,-24.7695],[-53.8541,-24.743],[-53.9243,-24.7175],[-54.0294,-24.7408],[-54.0632,-24.7633],[-54.0357,-24.7893]]]},"properties":{"code":"4117453","name":"Ouro Verde do Oeste","state":"PR"}},{"type":"Feature","geometry":{"type":"Polygon","coordinates":[[[-52.1003,-23.5196],[-52.0705,-23.4842],[-52.0065,-23.4549],[-52.0479,-23.4227],[-52.095,-23.4003],[-52.1486,-23.4142],[-52.2133,-23.4807],[-52.2242,-23.523],[-52.2057,-23.5115],[-52.1003,-23.5196]]]},"properties":{"code":"4117503","name":"Paiçandu","state":"PR"}},{"type":"Feature","geometry":{"type":"Polygon","coordinates":[[[-52.0291,-26.5469],[-52.0088,-26.5666],[-51.9003,-26.5793],[-51.8779,-26.5976],[-51.824,-26.5819],[-51.7839,-26.5881],[-51.7376,-26.573],[-51.6927,-26.5805],[-51.6585,-26.5654],[-51.6325,-26.5872],[-51.5356,-26.5918],[-51.5121,-26.5817],[-51.5291,-26.5132],[-51.5164,-26.4755],[-51.5332,-26.4386],[-51.5727,-26.389],[-51.5638,-26.3669],[-51.5913,-26.328],[-51.5778,-26.2934],[-51.629,-26.2902],[-51.6936,-26.2461],[-51.7254,-26.2589],[-51.7279,-26.3052],[-51.7475,-26.3318],[-51.8127,-26.3574],[-51.8509,-26.4028],[-51.9098,-26.4096],[-51.9394,-26.387],[-52.0006,-26.3771],[-52.0445,-26.355],[-52.0524,-26.3184],[-52.0772,-26.3105],[-52.1377,-26.342],[-52.1759,-26.3429],[-52.1508,-26.3575],[-52.1669,-26.4161],[-52.1588,-26.4662],[-52.1116,-26.475],[-52.0814,-26.5251],[-52.0291,-26.5469]]]},"properties":{"code":"4117602","name":"Palmas","state":"PR"}},{"type":"Feature","geometry":{"type":"Polygon","coordinates":[[[-49.986,-25.5997],[-49.99,-25.5624],[-49.9613,-25.5073],[-49.9327,-25.5035],[-49.9101,-25.4489],[-49.8607,-25.4966],[-49.8465,-25.4761],[-49.7672,-25.4667],[-49.7412,-25.4084],[-49.7566,-25.3606],[-49.8197,-25.2701],[-49.8625,-25.2836],[-49.9384,-25.321],[-49.9833,-25.3214],[-50.0333,-25.3021],[-50.0556,-25.2626],[-50.0919,-25.2801],[-50.0877,-25.3157],[-50.1512,-25.3472],[-50.1632,-25.3751],[-50.235,-25.3859],[-50.2498,-25.3532],[-50.2457,-25.3105],[-50.2761,-25.2886],[-50.2874,-25.3189],[-50.277,-25.377],[-50.3052,-25.3804],[-50.3415,-25.454],[-50.3584,-25.5277],[-50.3585,-25.5278],[-50.3209,-25.5463],[-50.2737,-25.5438],[-50.2471,-25.5801],[-50.1714,-25.5838],[-50.1568,-25.6034],[-50.0952,-25.6354],[-50.0653,-25.651],[-50.0268,-25.6043],[-49.986,-25.5997]]]},"properties":{"code":"4117701","name":"Palmeira","state":"PR"}},{"type":"Feature","geometry":{"type":"Polygon","coordinates":[[[-52.1499,-24.9682],[-52.1397,-24.9226],[-52.0979,-24.887],[-52.0399,-24.8748],[-52.0579,-24.8491],[-52.0531,-24.8211],[-52.099,-24.8062],[-52.1068,-24.7836],[-52.12,-24.7791],[-52.1682,-24.797],[-52.1844,-24.7685],[-52.2196,-24.7598],[-52.2844,-24.7791],[-52.2994,-24.7308],[-52.3766,-24.7553],[-52.3941,-24.7166],[-52.4252,-24.7127],[-52.4531,-24.7463],[-52.4312,-24.7607],[-52.3995,-24.8319],[-52.3821,-24.8898],[-52.3814,-24.961],[-52.4117,-25.0186],[-52.4056,-25.0564],[-52.3532,-25.0675],[-52.3311,-25.025],[-52.2956,-24.9919],[-52.2471,-25.014],[-52.2405,-24.9914],[-52.1883,-24.9816],[-52.1499,-24.9682]]]},"properties":{"code":"4117800","name":"Palmital","state":"PR"}},{"type":"Feature","geometry":{"type":"Polygon","coordinates":[[[-53.9074,-24.3699],[-53.7149,-24.3695],[-53.7154,-24.4675],[-53.6916,-24.4402],[-53.6676,-24.3879],[-53.7041,-24.328],[-53.6927,-24.2842],[-53.6717,-24.2587],[-53.6976,-24.2387],[-53.6924,-24.2023],[-53.709,-24.1791],[-53.7657,-24.1599],[-53.8355,-24.1679],[-53.8592,-24.1912],[-53.9015,-24.1786],[-53.9104,-24.1382],[-53.9586,-24.1204],[-53.9666,-24.3698],[-53.9074,-24.3699]]]},"properties":{"code":"4117909","name":"Palotina","state":"PR"}},{"type":"Feature","geometry":{"type":"Polygon","coordinates":[[[-52.5469,-23.1793],[-52.6127,-23.2318],[-52.6461,-23.2153],[-52.7014,-23.2113],[-52.7196,-23.2238],[-52.7149,-23.276],[-52.7637,-23.2959],[-52.7234,-23.3111],[-52.6901,-23.3112],[-52.638,-23.3317],[-52.6006,-23.3171],[-52.5735,-23.332],[-52.5566,-23.3187],[-52.5469,-23.2678],[-52.5469,-23.1793]]]},"properties":{"code":"4118006","name":"Paraíso do Norte","state":"PR"}},{"type":"Feature","geometry":{"type":"Polygon","coordinates":[[[-52.2565,-22.8978],[-52.2109,-22.9399],[-52.1621,-22.9541],[-52.0585,-22.9538],[-52.0752,-22.9176],[-52.0662,-22.8769],[-52.0777,-22.8667],[-52.0692,-22.8097],[-52.0886,-22.7697],[-52.0538,-22.7535],[-52.056,-22.7293],[-52.0746,-22.7177],[-52.1641,-22.712],[-52.1633,-22.7641],[-52.1766,-22.805],[-52.2384,-22.8162],[-52.2311,-22.852],[-52.2565,-22.8978]]]},"properties":{"code":"4118105","name":"Paranacity","state":"PR"}},{"type":"Feature","geometry":{"type":"Polygon","coordinates":[[[-48.59,-25.7334],[-48.5725,-25.7012],[-48.5845,-25.6539],[-48.5337,-25.641],[-48.4969,-25.6493],[-48.4906,-25.6006],[-48.4604,-25.5457],[-48.4236,-25.5572],[-48.3725,-25.5449],[-48.3583,-25.5859],[-48.3199,-25.5866],[-48.2769,-25.5141],[-48.3097,-25.4933],[-48.4278,-25.3937],[-48.5542,-25.3902],[-48.6154,-25.4515],[-48.6838,-25.5025],[-48.6813,-25.5326],[-48.7041,-25.5682],[-48.6883,-25.627],[-48.6278,-25.6669],[-48.6345,-25.7045],[-48.59,-25.7334]]]},"properties":{"code":"4118204","name":"Paranaguá","state":"PR"}},{"type":"Feature","geometry":{"type":"Polygon","coordinates":[[[-52.004,-22.6151],[-52.0695,-22.6142],[-52.0802,-22.6418],[-52.1523,-22.5692],[-52.1567,-22.6447],[-52.1828,-22.6554],[-52.1641,-22.712],[-52.0746,-22.7177],[-52.056,-22.7293],[-52.0579,-22.695],[-52.0334,-22.6773],[-52.0106,-22.6488],[-52.004,-22.6151]]]},"properties":{"code":"4118303","name":"Paranapoema","state":"PR"}},{"type":"Feature","geometry":{"type":"Polygon","coordinates":[[[-52.5469,-23.1309],[-52.4211,-23.131],[-52.4209,-23.1411],[-52.3808,-23.0779],[-52.3571,-23.0633],[-52.3734,-22.9851],[-52.3712,-22.9297],[-52.4229,-22.9003],[-52.4215,-22.7629],[-52.4214,-22.6106],[-52.4457,-22.6083],[-52.4988,-22.6342],[-52.5378,-22.616],[-52.5696,-22.6708],[-52.559,-22.7664],[-52.5948,-22.8727],[-52.6026,-22.9084],[-52.5944,-22.9558],[-52.6211,-22.9763],[-52.6466,-23.0205],[-52.6889,-23.0161],[-52.7152,-23.0587],[-52.75,-23.1091],[-52.65,-23.1169],[-52.602,-23.1092],[-52.5469,-23.1309]]]},"properties":{"code":"4118402","name":"Paranavaí","state":"PR"}},{"type":"Feature","geometry":{"type":"Polygon","coordinates":[[[-54.1777,-24.6836],[-54.1846,-24.6371],[-54.1696,-24.6175],[-54.2238,-24.587],[-54.276,-24.5806],[-54.3185,-24.5907],[-54.3269,-24.6595],[-54.193,-24.6911],[-54.1777,-24.6836]]]},"properties":{"code":"4118451","name":"Pato Bragado","state":"PR"}},{"type":"Feature","geometry":{"type":"Polygon","coordinates":[[[-52.7993,-26.1635],[-52.7769,-26.2298],[-52.73,-26.2748],[-52.6874,-26.269],[-52.6609,-26.3014],[-52.5868,-26.2994],[-52.5716,-26.2695],[-52.5331,-26.2357],[-52.5345,-26.1713],[-52.562,-26.1497],[-52.5753,-26.1144],[-52.5898,-26.0767],[-52.6262,-26.0637],[-52.7013,-25.9975],[-52.7346,-26.0103],[-52.7531,-26.0358],[-52.7328,-26.0721],[-52.7431,-26.1097],[-52.7193,-26.1442],[-52.7993,-26.1635]]]},"properties":{"code":"4118501","name":"Pato Branco","state":"PR"}},{"type":"Feature","geometry":{"type":"Polygon","coordinates":[[[-50.6975,-26.1818],[-50.7454,-26.1645],[-50.7903,-26.0806],[-50.8198,-26.0687],[-50.8612,-26.1078],[-50.8984,-26.0926],[-50.8975,-26.0572],[-50.9787,-26.1563],[-50.9934,-26.1874],[-50.9915,-26.235],[-50.9713,-26.2613],[-50.9436,-26.2438],[-50.9095,-26.2494],[-50.8997,-26.2893],[-50.8469,-26.2664],[-50.7999,-26.2313],[-50.7627,-26.222],[-50.7459,-26.2468],[-50.7156,-26.2446],[-50.7299,-26.2034],[-50.7033,-26.188],[-50.6975,-26.1818]]]},"properties":{"code":"4118600","name":"Paula Freitas","state":"PR"}},{"type":"Feature","geometry":{"type":"Polygon","coordinates":[[[-50.6975,-26.1818],[-50.6828,-26.1536],[-50.6502,-26.1325],[-50.6562,-26.1008],[-50.6285,-26.0628],[-50.6268,-26.0344],[-50.6551,-26.0127],[-50.6706,-25.9688],[-50.707,-25.9952],[-50.7436,-25.9876],[-50.8543,-25.9949],[-50.8871,-26.0078],[-50.8975,-26.0572],[-50.8984,-26.0926],[-50.8612,-26.1078],[-50.8198,-26.0687],[-50.7903,-26.0806],[-50.7454,-26.1645],[-50.6975,-26.1818]]]},"properties":{"code":"4118709","name":"Paulo Frontin","state":"PR"}},{"type":"Feature","geometry":{"type":"Polygon","coordinates":[[[-52.4621,-23.955],[-52.4585,-23.9812],[-52.4237,-24.0073],[-52.3709,-23.9898],[-52.2505,-23.9952],[-52.2313,-24.0317],[-52.1882,-24.0532],[-52.1865,-24.0523],[-52.1753,-24.0037],[-52.118,-23.9563],[-52.1459,-23.9416],[-52.2649,-23.8891],[-52.3517,-23.8431],[-52.3934,-23.8516],[-52.4445,-23.807],[-52.483,-23.8381],[-52.5071,-23.8596],[-52.418,-23.9326],[-52.4621,-23.955]]]},"properties":{"code":"4118808","name":"Peabiru","state":"PR"}},{"type":"Feature","geometry":{"type":"Polygon","coordinates":[[[-53.4578,-23.9799],[-53.4128,-23.9295],[-53.353,-23.9785],[-53.338,-24.0089],[-53.3403,-24.0506],[-53.321,-24.0916],[-53.2933,-24.0363],[-53.2376,-23.9598],[-53.2369,-23.9345],[-53.2792,-23.8709],[-53.3158,-23.8332],[-53.3658,-23.8393],[-53.3979,-23.825],[-53.4628,-23.8575],[-53.4996,-23.839],[-53.5315,-23.8652],[-53.4578,-23.9799]]]},"properties":{"code":"4118857","name":"Perobal","state":"PR"}},{"type":"Feature","geometry":{"type":"Polygon","coordinates":[[[-53.6185,-23.848],[-53.6366,-23.801],[-53.6747,-23.7498],[-53.7059,-23.737],[-53.7238,-23.7097],[-53.7526,-23.7818],[-53.7753,-23.7857],[-53.7689,-23.8177],[-53.7899,-23.8268],[-53.7505,-23.892],[-53.7388,-23.9509],[-53.6804,-23.911],[-53.6185,-23.848]]]},"properties":{"code":"4118907","name":"Pérola","state":"PR"}},{"type":"Feature","geometry":{"type":"Polygon","coordinates":[[[-53.8189,-25.9123],[-53.7498,-25.9273],[-53.6971,-25.9018],[-53.6866,-25.8528],[-53.6934,-25.8263],[-53.6355,-25.8303],[-53.6032,-25.8134],[-53.5965,-25.8019],[-53.6633,-25.8084],[-53.6878,-25.8223],[-53.7484,-25.7795],[-53.8107,-25.7941],[-53.8427,-25.7707],[-53.8219,-25.7993],[-53.8492,-25.8351],[-53.8336,-25.8954],[-53.8189,-25.9123]]]},"properties":{"code":"4119004","name":"Pérola d'Oeste","state":"PR"}},{"type":"Feature","geometry":{"type":"Polygon","coordinates":[[[-49.3608,-26.1374],[-49.3473,-26.0724],[-49.3755,-26.0597],[-49.4073,-26.0334],[-49.434,-26.0465],[-49.4845,-26.0091],[-49.5132,-26.013],[-49.5407,-25.9483],[-49.5465,-26.0251],[-49.5399,-26.0704],[-49.5177,-26.0993],[-49.5033,-26.1777],[-49.486,-26.1852],[-49.4292,-26.17],[-49.3807,-26.1567],[-49.3608,-26.1374]]]},"properties":{"code":"4119103","name":"Piên","state":"PR"}},{"type":"Feature","geometry":{"type":"Polygon","coordinates":[[[-49.1199,-25.3784],[-49.1935,-25.3903],[-49.2033,-25.4356],[-49.1852,-25.4715],[-49.1756,-25.4626],[-49.1159,-25.4401],[-49.104,-25.3942],[-49.1199,-25.3784]]]},"properties":{"code":"4119152","name":"Pinhais","state":"PR"}},{"type":"Feature","geometry":{"type":"Polygon","coordinates":[[[-50.1617,-23.9421],[-50.1183,-23.9621],[-50.0815,-23.9611],[-50.0421,-23.9897],[-49.9934,-23.9762],[-49.9704,-23.9564],[-49.9731,-23.9021],[-50.0593,-23.8911],[-50.02,-23.7381],[-50.034,-23.7719],[-50.094,-23.7915],[-50.0771,-23.8213],[-50.1203,-23.8559],[-50.1153,-23.884],[-50.1617,-23.9421]]]},"properties":{"code":"4119202","name":"Pinhalão","state":"PR"}},{"type":"Feature","geometry":{"type":"Polygon","coordinates":[[[-53.365,-26.0203],[-53.4185,-25.994],[-53.484,-25.9942],[-53.5164,-25.964],[-53.5388,-25.9709],[-53.5372,-26.0453],[-53.5202,-26.0539],[-53.4905,-26.0534],[-53.3932,-26.0342],[-53.365,-26.0203]]]},"properties":{"code":"4119251","name":"Pinhal de São Bento","state":"PR"}},{"type":"Feature","geometry":{"type":"Polygon","coordinates":[[[-51.4048,-25.6439],[-51.4657,-25.6601],[-51.517,-25.6134],[-51.5488,-25.6194],[-51.5902,-25.6483],[-51.6079,-25.6129],[-51.6993,-25.5931],[-51.761,-25.6143],[-51.7973,-25.5959],[-51.8385,-25.617],[-51.8694,-25.6067],[-51.8913,-25.6388],[-51.9291,-25.6302],[-51.9415,-25.6526],[-51.9747,-25.6505],[-51.9709,-25.6693],[-52.0235,-25.7167],[-52.0259,-25.7346],[-52.0017,-25.7605],[-51.9293,-25.7313],[-51.8639,-25.7446],[-51.8384,-25.7679],[-51.8387,-25.7969],[-51.8039,-25.8422],[-51.819,-25.9648],[-51.7955,-25.9994],[-51.7685,-26.0114],[-51.7395,-25.9946],[-51.743,-25.9707],[-51.7142,-25.9217],[-51.6808,-25.9328],[-51.7096,-25.9781],[-51.6677,-26.0103],[-51.6192,-26.0037],[-51.5505,-25.9869],[-51.5029,-25.9427],[-51.4492,-25.9514],[-51.4127,-25.9247],[-51.3815,-25.9341],[-51.3806,-25.8945],[-51.303,-25.8331],[-51.3234,-25.7865],[-51.3491,-25.7735],[-51.3668,-25.7343],[-51.3458,-25.6869],[-51.4048,-25.6439]]]},"properties":{"code":"4119301","name":"Pinhão","state":"PR"}},{"type":"Feature","geometry":{"type":"Polygon","coordinates":[[[-50.1348,-24.5411],[-50.0834,-24.6008],[-49.9928,-24.6459],[-49.9588,-24.6104],[-49.9414,-24.627],[-49.9108,-24.5842],[-49.7332,-24.6106],[-49.6737,-24.6036],[-49.6415,-24.642],[-49.5917,-24.6363],[-49.5736,-24.6137],[-49.6202,-24.6048],[-49.6353,-24.4966],[-49.739,-24.4452],[-49.7981,-24.4608],[-49.8191,-24.4454],[-49.8477,-24.3891],[-49.8936,-24.3617],[-49.9497,-24.3702],[-49.9608,-24.3115],[-49.9861,-24.2454],[-50.0431,-24.2643],[-50.1237,-24.3014],[-50.1694,-24.29],[-50.1473,-24.3072],[-50.152,-24.3596],[-50.1411,-24.4005],[-50.1742,-24.4244],[-50.21,-24.4262],[-50.1801,-24.4499],[-50.1029,-24.4905],[-50.0986,-24.5206],[-50.1348,-24.5411]]]},"properties":{"code":"4119400","name":"Piraí do Sul","state":"PR"}},{"type":"Feature","geometry":{"type":"Polygon","coordinates":[[[-49.1756,-25.4626],[-49.1456,-25.4727],[-49.1076,-25.5157],[-49.071,-25.5397],[-49.0244,-25.5506],[-48.9702,-25.5226],[-48.9435,-25.4772],[-48.9629,-25.4447],[-49.01,-25.4406],[-49.0358,-25.4097],[-49.0765,-25.3893],[-49.104,-25.3942],[-49.1159,-25.4401],[-49.1756,-25.4626]]]},"properties":{"code":"4119509","name":"Piraquara","state":"PR"}},{"type":"Feature","geometry":{"type":"Polygon","coordinates":[[[-52.1068,-24.7836],[-52.0793,-24.7735],[-52.0523,-24.7884],[-52.0305,-24.7626],[-52.004,-24.7766],[-51.9271,-24.753],[-51.8687,-24.7896],[-51.8675,-24.8131],[-51.8344,-24.8443],[-51.7805,-24.8778],[-51.6915,-24.8961],[-51.6403,-24.8669],[-51.6142,-24.8249],[-51.5465,-24.7844],[-51.5119,-24.6571],[-51.4719,-24.6475],[-51.4891,-24.6259],[-51.4549,-24.5811],[-51.4684,-24.555],[-51.5022,-24.5748],[-51.5337,-24.554],[-51.5602,-24.575],[-51.6046,-24.5559],[-51.6621,-24.5846],[-51.7249,-24.5961],[-51.7571,-24.5294],[-51.8245,-24.4498],[-51.839,-24.5327],[-51.8776,-24.5513],[-51.8809,-24.5943],[-51.944,-24.5991],[-51.9817,-24.6171],[-52.0007,-24.5916],[-52.0475,-24.5667],[-52.0946,-24.5968],[-52.0925,-24.6754],[-52.0762,-24.6944],[-52.12,-24.7791],[-52.1068,-24.7836]]]},"properties":{"code":"4119608","name":"Pitanga","state":"PR"}},{"type":"Feature","geometry":{"type":"Polygon","coordinates":[[[-51.5916,-23.283],[-51.5382,-23.2633],[-51.5203,-23.1962],[-51.5547,-23.1372],[-51.593,-23.1306],[-51.6094,-23.1518],[-51.6223,-23.2289],[-51.5916,-23.283]]]},"properties":{"code":"4119657","name":"Pitangueiras","state":"PR"}},{"type":"Feature","geometry":{"type":"Polygon","coordinates":[[[-52.8863,-22.9408],[-52.8961,-22.9597],[-52.9461,-22.989],[-52.9682,-23.0143],[-52.9762,-23.0553],[-53.0328,-23.1059],[-53.0267,-23.1954],[-53.0335,-23.2139],[-52.9982,-23.2361],[-52.9556,-23.2286],[-52.9305,-23.2404],[-52.9093,-23.2257],[-52.9042,-23.1791],[-52.9187,-23.0831],[-52.8846,-23.023],[-52.8259,-23.0581],[-52.7889,-23.0055],[-52.8159,-22.9678],[-52.8354,-22.9839],[-52.8863,-22.9408]]]},"properties":{"code":"4119707","name":"Planaltina do Paraná","state":"PR"}},{"type":"Feature","geometry":{"type":"Polygon","coordinates":[[[-53.8427,-25.7707],[-53.8107,-25.7941],[-53.7484,-25.7795],[-53.6878,-25.8223],[-53.6633,-25.8084],[-53.5965,-25.8019],[-53.5768,-25.7994],[-53.5731,-25.7826],[-53.6134,-25.7178],[-53.622,-25.6482],[-53.6678,-25.6483],[-53.7089,-25.6742],[-53.7309,-25.6662],[-53.7795,-25.7057],[-53.8209,-25.7092],[-53.8498,-25.6908],[-53.8785,-25.7069],[-53.8488,-25.7412],[-53.8427,-25.7707]]]},"properties":{"code":"4119806","name":"Planalto","state":"PR"}},{"type":"Feature","geometry":{"type":"Polygon","coordinates":[[[-49.8197,-25.2701],[-49.8492,-25.2339],[-49.8159,-25.2253],[-49.773,-25.1954],[-49.7308,-25.2244],[-49.6929,-25.1945],[-49.6827,-25.1653],[-49.7316,-25.1272],[-49.7428,-25.0792],[-49.7049,-25.0291],[-49.8313,-25.0498],[-49.8751,-25.0361],[-49.9382,-25.0724],[-49.9727,-25.0646],[-49.9787,-25.021],[-50.0567,-24.9896],[-50.125,-25.0108],[-50.1589,-24.9962],[-50.1776,-24.9634],[-50.2467,-24.9558],[-50.3016,-24.9237],[-50.3233,-24.8924],[-50.3619,-24.9131],[-50.3912,-24.9795],[-50.4303,-25.0043],[-50.394,-25.0797],[-50.3706,-25.097],[-50.3221,-25.1352],[-50.2735,-25.1465],[-50.2805,-25.2118],[-50.2668,-25.2369],[-50.2761,-25.2886],[-50.2457,-25.3105],[-50.2498,-25.3532],[-50.235,-25.3859],[-50.1632,-25.3751],[-50.1512,-25.3472],[-50.0877,-25.3157],[-50.0919,-25.2801],[-50.0556,-25.2626],[-50.0333,-25.3021],[-49.9833,-25.3214],[-49.9384,-25.321],[-49.8625,-25.2836],[-49.8197,-25.2701]]]},"properties":{"code":"4119905","name":"Ponta Grossa","state":"PR"}},{"type":"Feature","geometry":{"type":"Polygon","coordinates":[[[-48.4771,-25.7137],[-48.4362,-25.6494],[-48.4042,-25.614],[-48.3583,-25.5859],[-48.3725,-25.5449],[-48.4236,-25.5572],[-48.4604,-25.5457],[-48.4906,-25.6006],[-48.4969,-25.6493],[-48.5337,-25.641],[-48.5845,-25.6539],[-48.5725,-25.7012],[-48.59,-25.7334],[-48.526,-25.6994],[-48.4771,-25.7137]]]},"properties":{"code":"4119954","name":"Pontal do Paraná","state":"PR"}},{"type":"Feature","geometry":{"type":"Polygon","coordinates":[[[-51.3331,-22.6671],[-51.3736,-22.6581],[-51.402,-22.6679],[-51.4464,-22.653],[-51.475,-22.6792],[-51.5172,-22.69],[-51.5126,-22.729],[-51.4826,-22.7588],[-51.4843,-22.7981],[-51.4559,-22.8],[-51.4475,-22.8282],[-51.4084,-22.8191],[-51.379,-22.8288],[-51.3623,-22.8073],[-51.3178,-22.8301],[-51.3118,-22.7851],[-51.344,-22.7336],[-51.3331,-22.6671]]]},"properties":{"code":"4120002","name":"Porecatu","state":"PR"}},{"type":"Feature","geometry":{"type":"Polygon","coordinates":[[[-49.7672,-25.4667],[-49.8465,-25.4761],[-49.8607,-25.4966],[-49.9101,-25.4489],[-49.9327,-25.5035],[-49.9613,-25.5073],[-49.99,-25.5624],[-49.986,-25.5997],[-49.9385,-25.6069],[-49.8792,-25.5717],[-49.877,-25.5444],[-49.8094,-25.5538],[-49.799,-25.4974],[-49.7672,-25.4667]]]},"properties":{"code":"4120101","name":"Porto Amazonas","state":"PR"}},{"type":"Feature","geometry":{"type":"Polygon","coordinates":[[[-52.2985,-25.484],[-52.3657,-25.485],[-52.4344,-25.5052],[-52.4437,-25.5618],[-52.47,-25.5994],[-52.5176,-25.617],[-52.5306,-25.646],[-52.4671,-25.6787],[-52.4312,-25.6791],[-52.3953,-25.7003],[-52.3772,-25.6638],[-52.3429,-25.6418],[-52.3047,-25.6483],[-52.2748,-25.5767],[-52.2691,-25.4992],[-52.2985,-25.484]]]},"properties":{"code":"4120150","name":"Porto Barreiro","state":"PR"}},{"type":"Feature","geometry":{"type":"Polygon","coordinates":[[[-53.2558,-22.8995],[-53.2481,-22.868],[-53.2658,-22.8334],[-53.2632,-22.7952],[-53.2386,-22.7947],[-53.24,-22.7335],[-53.3274,-22.7646],[-53.3798,-22.8044],[-53.4104,-22.8139],[-53.3701,-22.8523],[-53.3725,-22.8951],[-53.3366,-22.92],[-53.3165,-22.9125],[-53.2847,-22.9352],[-53.2558,-22.8995]]]},"properties":{"code":"4120200","name":"Porto Rico","state":"PR"}},{"type":"Feature","geometry":{"type":"Polygon","coordinates":[[[-51.2029,-26.2982],[-51.1553,-26.2368],[-51.1239,-26.2119],[-51.1295,-26.1917],[-51.1736,-26.1852],[-51.1807,-26.1679],[-51.2635,-26.1305],[-51.2813,-26.1412],[-51.2867,-26.2445],[-51.2684,-26.2772],[-51.268,-26.347],[-51.2522,-26.3515],[-51.2029,-26.2982]]]},"properties":{"code":"4120309","name":"Porto Vitória","state":"PR"}},{"type":"Feature","geometry":{"type":"Polygon","coordinates":[[[-51.3442,-22.9617],[-51.4033,-22.9772],[-51.4565,-22.9781],[-51.4711,-23.0488],[-51.4921,-23.0667],[-51.3983,-23.0903],[-51.3436,-23.0268],[-51.3204,-23.0128],[-51.3442,-22.9617]]]},"properties":{"code":"4120333","name":"Prado Ferreira","state":"PR"}},{"type":"Feature","geometry":{"type":"Polygon","coordinates":[[[-53.5745,-25.9296],[-53.6096,-25.9516],[-53.6835,-25.9238],[-53.6971,-25.9018],[-53.7498,-25.9273],[-53.8189,-25.9123],[-53.8422,-25.9322],[-53.819,-25.9764],[-53.7716,-26.0315],[-53.7342,-26.0428],[-53.6497,-25.9864],[-53.5661,-25.9573],[-53.5745,-25.9296]]]},"properties":{"code":"4120358","name":"Pranchita","state":"PR"}},{"type":"Feature","geometry":{"type":"Polygon","coordinates":[[[-52.1081,-23.1902],[-52.1444,-23.2121],[-52.1882,-23.2623],[-52.2187,-23.248],[-52.244,-23.2682],[-52.2189,-23.2887],[-52.2385,-23.3143],[-52.1886,-23.3335],[-52.179,-23.35],[-52.1784,-23.3494],[-52.1045,-23.2841],[-52.0587,-23.2039],[-52.0708,-23.1897],[-52.1081,-23.1902]]]},"properties":{"code":"4120408","name":"Presidente Castelo Branco","state":"PR"}},{"type":"Feature","geometry":{"type":"Polygon","coordinates":[[[-50.9795,-22.9371],[-50.9333,-22.9089],[-50.9368,-22.8741],[-51.0044,-22.7937],[-51.0576,-22.7661],[-51.1279,-22.76],[-51.176,-22.7388],[-51.1841,-22.7715],[-51.1546,-22.855],[-51.1775,-22.9],[-51.1695,-22.9671],[-51.1037,-22.9451],[-51.0339,-22.9338],[-50.9795,-22.9371]]]},"properties":{"code":"4120507","name":"Primeiro de Maio","state":"PR"}},{"type":"Feature","geometry":{"type":"Polygon","coordinates":[[[-50.9382,-25.0728],[-50.9528,-25.0715],[-50.9705,-25.0055],[-51.0005,-25.0038],[-51.0176,-24.9691],[-51.0569,-24.9385],[-51.0866,-24.9368],[-51.1188,-24.901],[-51.1168,-24.8665],[-51.1564,-24.808],[-51.1943,-24.7982],[-51.2227,-24.7727],[-51.2824,-24.7746],[-51.3328,-24.7596],[-51.3162,-24.782],[-51.3657,-24.8089],[-51.3715,-24.8741],[-51.3996,-24.9095],[-51.3279,-24.948],[-51.3294,-25.0166],[-51.2977,-25.0655],[-51.2568,-25.0485],[-51.2256,-25.0824],[-51.2454,-25.1041],[-51.2016,-25.1718],[-51.1897,-25.243],[-51.2098,-25.3051],[-51.1394,-25.3397],[-51.1349,-25.3683],[-51.1548,-25.3996],[-51.1344,-25.4225],[-51.0959,-25.4304],[-51.1024,-25.4618],[-51.1453,-25.4836],[-51.1331,-25.5008],[-51.0809,-25.5006],[-51.0695,-25.4829],[-51.0224,-25.4642],[-50.9221,-25.3905],[-50.8902,-25.378],[-50.7867,-25.3817],[-50.8129,-25.3526],[-50.8045,-25.2737],[-50.8148,-25.2311],[-50.8902,-25.202],[-50.9434,-25.1476],[-50.9274,-25.1034],[-50.9382,-25.0728]]]},"properties":{"code":"4120606","name":"Prudentópolis","state":"PR"}},{"type":"Feature","geometry":{"type":"Polygon","coordinates":[[[-53.1593,-24.3947],[-53.12,-24.4056],[-53.0783,-24.3989],[-53.0746,-24.3122],[-53.0088,-24.2815],[-53.0371,-24.2734],[-53.0601,-24.2377],[-53.0901,-24.2273],[-53.1853,-24.2394],[-53.2171,-24.2554],[-53.2574,-24.2325],[-53.2784,-24.2536],[-53.2897,-24.3063],[-53.2748,-24.3377],[-53.2472,-24.329],[-53.1671,-24.3639],[-53.1593,-24.3947]]]},"properties":{"code":"4120655","name":"Quarto Centenário","state":"PR"}},{"type":"Feature","geometry":{"type":"Polygon","coordinates":[[[-50.0384,-23.5487],[-50.0243,-23.5667],[-49.9537,-23.5994],[-49.9027,-23.6005],[-49.8776,-23.6073],[-49.8503,-23.5714],[-49.8816,-23.5052],[-49.9235,-23.5564],[-49.9731,-23.533],[-50.0041,-23.5337],[-50.0384,-23.5487]]]},"properties":{"code":"4120705","name":"Quatiguá","state":"PR"}},{"type":"Feature","geometry":{"type":"Polygon","coordinates":[[[-49.104,-25.3942],[-49.0765,-25.3893],[-49.0358,-25.4097],[-49.01,-25.4406],[-48.9629,-25.4447],[-48.9425,-25.3866],[-48.919,-25.3794],[-48.9064,-25.333],[-48.964,-25.3028],[-49.0165,-25.3125],[-49.0449,-25.3456],[-49.1239,-25.3706],[-49.1199,-25.3784],[-49.104,-25.3942]]]},"properties":{"code":"4120804","name":"Quatro Barras","state":"PR"}},{"type":"Feature","geometry":{"type":"Polygon","coordinates":[[[-53.9877,-24.485],[-54.0133,-24.5127],[-54.0098,-24.5838],[-53.9963,-24.6046],[-54.0052,-24.6585],[-53.9609,-24.6502],[-53.9605,-24.6294],[-53.9176,-24.5755],[-53.9595,-24.5067],[-53.9877,-24.485]]]},"properties":{"code":"4120853","name":"Quatro Pontes","state":"PR"}},{"type":"Feature","geometry":{"type":"Polygon","coordinates":[[[-53.0689,-25.5666],[-53.0008,-25.5345],[-52.9862,-25.5687],[-52.9547,-25.5548],[-52.9074,-25.5643],[-52.8798,-25.6092],[-52.857,-25.6029],[-52.8001,-25.5956],[-52.7851,-25.567],[-52.7651,-25.5132],[-52.7811,-25.4962],[-52.8148,-25.4454],[-52.8594,-25.437],[-52.8632,-25.4057],[-52.8419,-25.3747],[-52.8706,-25.3319],[-52.9105,-25.3041],[-52.9163,-25.2794],[-52.9966,-25.3226],[-53.0325,-25.329],[-53.0826,-25.3537],[-53.1057,-25.3879],[-53.1154,-25.4796],[-53.1435,-25.5137],[-53.1348,-25.558],[-53.0775,-25.5394],[-53.0689,-25.5666]]]},"properties":{"code":"4120903","name":"Quedas do Iguaçu","state":"PR"}},{"type":"Feature","geometry":{"type":"Polygon","coordinates":[[[-53.4104,-22.8139],[-53.4848,-22.8639],[-53.5468,-22.8901],[-53.5708,-22.9285],[-53.6074,-22.9513],[-53.634,-23.0034],[-53.6366,-23.125],[-53.6993,-23.2349],[-53.7149,-23.2834],[-53.6987,-23.3058],[-53.629,-23.2699],[-53.6354,-23.2414],[-53.6154,-23.211],[-53.582,-23.2262],[-53.5574,-23.216],[-53.5157,-23.1975],[-53.4678,-23.1773],[-53.4488,-23.0968],[-53.3754,-22.9885],[-53.3165,-22.9125],[-53.3366,-22.92],[-53.3725,-22.8951],[-53.3701,-22.8523],[-53.4104,-22.8139]]]},"properties":{"code":"4121000","name":"Querência do Norte","state":"PR"}},{"type":"Feature","geometry":{"type":"Polygon","coordinates":[[[-52.1459,-23.9416],[-52.0927,-23.8744],[-52.05,-23.8313],[-52.0438,-23.811],[-52.0339,-23.7724],[-52.0611,-23.731],[-52.1115,-23.7055],[-52.1692,-23.7607],[-52.1873,-23.7991],[-52.2527,-23.8559],[-52.2649,-23.8891],[-52.1459,-23.9416]]]},"properties":{"code":"4121109","name":"Quinta do Sol","state":"PR"}},{"type":"Feature","geometry":{"type":"Polygon","coordinates":[[[-49.5407,-25.9483],[-49.5132,-26.013],[-49.4845,-26.0091],[-49.434,-26.0465],[-49.4073,-26.0334],[-49.3755,-26.0597],[-49.3743,-25.9699],[-49.3608,-25.9521],[-49.3742,-25.9341],[-49.4317,-25.9396],[-49.4505,-25.9204],[-49.4343,-25.8813],[-49.3959,-25.8518],[-49.3697,-25.7889],[-49.3851,-25.7836],[-49.4483,-25.7989],[-49.5194,-25.8071],[-49.5422,-25.8427],[-49.5884,-25.8489],[-49.6361,-25.8678],[-49.6444,-25.8931],[-49.6056,-25.8963],[-49.6015,-25.9205],[-49.5407,-25.9483]]]},"properties":{"code":"4121208","name":"Quitandinha","state":"PR"}},{"type":"Feature","geometry":{"type":"Polygon","coordinates":[[[-54.1683,-25.0305],[-54.1944,-25.1127],[-54.1007,-25.111],[-54.0996,-25.1662],[-54.0213,-25.1752],[-53.981,-25.1287],[-53.9847,-25.0778],[-54.0127,-25.0296],[-54.0699,-25.0376],[-54.1683,-25.0305]]]},"properties":{"code":"4121257","name":"Ramilândia","state":"PR"}},{"type":"Feature","geometry":{"type":"Polygon","coordinates":[[[-50.9464,-22.9819],[-50.9413,-23.0314],[-50.9887,-23.0476],[-50.9772,-23.0948],[-50.9484,-23.1064],[-50.9596,-23.1479],[-50.9033,-23.1473],[-50.8714,-23.1468],[-50.8551,-23.1115],[-50.855,-23.0682],[-50.8964,-23.0091],[-50.9464,-22.9819]]]},"properties":{"code":"4121307","name":"Rancho Alegre","state":"PR"}},{"type":"Feature","geometry":{"type":"Polygon","coordinates":[[[-52.8626,-24.1385],[-52.8692,-24.1351],[-52.8836,-24.1432],[-52.8985,-24.158],[-52.8954,-24.189],[-52.9563,-24.2589],[-53.0088,-24.2815],[-53.0746,-24.3122],[-53.0783,-24.3989],[-52.975,-24.3468],[-52.9458,-24.3287],[-52.8694,-24.3163],[-52.8682,-24.2506],[-52.869,-24.1398],[-52.8626,-24.1385]]]},"properties":{"code":"4121356","name":"Rancho Alegre D'Oeste","state":"PR"}},{"type":"Feature","geometry":{"type":"Polygon","coordinates":[[[-53.5768,-25.7994],[-53.5333,-25.8322],[-53.5031,-25.8111],[-53.468,-25.7578],[-53.4848,-25.7265],[-53.4792,-25.6411],[-53.5,-25.5499],[-53.5367,-25.5462],[-53.5503,-25.5096],[-53.5793,-25.5257],[-53.5763,-25.562],[-53.6042,-25.5618],[-53.6189,-25.5852],[-53.622,-25.6482],[-53.6134,-25.7178],[-53.5731,-25.7826],[-53.5768,-25.7994]]]},"properties":{"code":"4121406","name":"Realeza","state":"PR"}},{"type":"Feature","geometry":{"type":"Polygon","coordinates":[[[-50.7876,-25.5999],[-50.7772,-25.6557],[-50.67,-25.6992],[-50.6808,-25.7329],[-50.6348,-25.7765],[-50.6008,-25.7842],[-50.5932,-25.7598],[-50.5385,-25.7581],[-50.49,-25.7346],[-50.4561,-25.6833],[-50.4751,-25.6556],[-50.5135,-25.6292],[-50.5252,-25.5945],[-50.5483,-25.5774],[-50.6219,-25.5843],[-50.7194,-25.5537],[-50.761,-25.5668],[-50.7876,-25.5999]]]},"properties":{"code":"4121505","name":"Rebouças","state":"PR"}},{"type":"Feature","geometry":{"type":"Polygon","coordinates":[[[-52.9083,-26.3594],[-52.8979,-26.3057],[-52.9279,-26.2585],[-52.8788,-26.2419],[-52.849,-26.2022],[-52.8496,-26.1713],[-52.82,-26.1467],[-52.9331,-26.0888],[-52.93,-26.0709],[-52.9932,-26.099],[-52.9853,-26.1595],[-53.0225,-26.2064],[-53.0682,-26.2359],[-53.0637,-26.2772],[-53.0222,-26.3194],[-53.028,-26.3702],[-52.9935,-26.3477],[-52.9377,-26.3622],[-52.9083,-26.3594]]]},"properties":{"code":"4121604","name":"Renascença","state":"PR"}},{"type":"Feature","geometry":{"type":"Polygon","coordinates":[[[-50.7199,-24.5599],[-50.798,-24.5133],[-50.8123,-24.4707],[-50.8377,-24.4409],[-50.8846,-24.4114],[-50.9523,-24.3884],[-50.9614,-24.3552],[-50.9973,-24.3427],[-51.0553,-24.3438],[-51.098,-24.3258],[-51.0779,-24.3523],[-51.1044,-24.4147],[-51.1436,-24.4406],[-51.139,-24.4681],[-51.1661,-24.4885],[-51.1592,-24.5682],[-51.1315,-24.5808],[-51.1319,-24.6161],[-51.0795,-24.6443],[-51.064,-24.6914],[-51.0669,-24.8159],[-51.0288,-24.8551],[-51.0018,-24.8628],[-50.9453,-24.8427],[-50.8759,-24.8319],[-50.8631,-24.7943],[-50.8355,-24.7824],[-50.8108,-24.747],[-50.7862,-24.7532],[-50.7691,-24.7091],[-50.783,-24.6875],[-50.7606,-24.6403],[-50.7368,-24.621],[-50.7502,-24.589],[-50.7199,-24.5599]]]},"properties":{"code":"4121703","name":"Reserva","state":"PR"}},{"type":"Feature","geometry":{"type":"Polygon","coordinates":[[[-51.7955,-25.9994],[-51.819,-25.9648],[-51.8039,-25.8422],[-51.8387,-25.7969],[-51.8384,-25.7679],[-51.8639,-25.7446],[-51.9293,-25.7313],[-52.0017,-25.7605],[-52.0259,-25.7346],[-52.0681,-25.7358],[-52.0952,-25.7739],[-52.1232,-25.7747],[-52.1686,-25.833],[-52.1434,-25.8908],[-52.1095,-25.8976],[-52.0868,-25.9377],[-52.049,-25.938],[-52.0134,-25.9791],[-52.0084,-26.0107],[-51.9661,-25.9883],[-51.916,-25.9974],[-51.8654,-26.0262],[-51.7955,-25.9994]]]},"properties":{"code":"4121752","name":"Reserva do Iguaçu","state":"PR"}},{"type":"Feature","geometry":{"type":"Polygon","coordinates":[[[-49.6271,-23.2818],[-49.6538,-23.212],[-49.6777,-23.1749],[-49.7165,-23.1484],[-49.7256,-23.1094],[-49.7892,-23.1033],[-49.8095,-23.0892],[-49.809,-23.1155],[-49.8624,-23.1736],[-49.8607,-23.2162],[-49.8915,-23.2454],[-49.8792,-23.2716],[-49.845,-23.2863],[-49.8345,-23.327],[-49.8915,-23.335],[-49.8648,-23.3524],[-49.8412,-23.4346],[-49.7919,-23.3903],[-49.7481,-23.3906],[-49.6945,-23.3608],[-49.6379,-23.3495],[-49.6217,-23.3319],[-49.6271,-23.2818]]]},"properties":{"code":"4121802","name":"Ribeirão Claro","state":"PR"}},{"type":"Feature","geometry":{"type":"Polygon","coordinates":[[[-50.4279,-23.4825],[-50.4016,-23.5408],[-50.3876,-23.5979],[-50.2981,-23.5883],[-50.2991,-23.3865],[-50.3042,-23.3824],[-50.3171,-23.3559],[-50.3791,-23.3598],[-50.4137,-23.3246],[-50.4601,-23.3082],[-50.468,-23.2603],[-50.4828,-23.3256],[-50.4492,-23.3754],[-50.4506,-23.4265],[-50.4121,-23.4638],[-50.4279,-23.4825]]]},"properties":{"code":"4121901","name":"Ribeirão do Pinhal","state":"PR"}},{"type":"Feature","geometry":{"type":"Polygon","coordinates":[[[-50.9564,-25.6866],[-50.8336,-25.7816],[-50.7918,-25.7943],[-50.7645,-25.8319],[-50.677,-25.8736],[-50.6266,-25.8483],[-50.6008,-25.7842],[-50.6348,-25.7765],[-50.6808,-25.7329],[-50.67,-25.6992],[-50.7772,-25.6557],[-50.7876,-25.5999],[-50.8282,-25.616],[-50.8454,-25.5975],[-50.9014,-25.5957],[-50.9445,-25.6056],[-50.9977,-25.5885],[-50.9818,-25.6194],[-50.9895,-25.6449],[-50.9634,-25.6826],[-50.9564,-25.6866]]]},"properties":{"code":"4122008","name":"Rio Azul","state":"PR"}},{"type":"Feature","geometry":{"type":"Polygon","coordinates":[[[-51.4233,-23.8631],[-51.3583,-23.8201],[-51.3731,-23.7426],[-51.4385,-23.7095],[-51.4749,-23.7251],[-51.5065,-23.8573],[-51.4573,-23.8802],[-51.4233,-23.8631]]]},"properties":{"code":"4122107","name":"Rio Bom","state":"PR"}},{"type":"Feature","geometry":{"type":"Polygon","coordinates":[[[-52.5306,-25.646],[-52.5176,-25.617],[-52.47,-25.5994],[-52.4437,-25.5618],[-52.4344,-25.5052],[-52.472,-25.4654],[-52.5351,-25.4184],[-52.5646,-25.4277],[-52.5843,-25.4284],[-52.6223,-25.4644],[-52.6376,-25.4433],[-52.6893,-25.4615],[-52.6987,-25.4807],[-52.7618,-25.4557],[-52.7811,-25.4962],[-52.7651,-25.5132],[-52.7851,-25.567],[-52.7832,-25.57],[-52.767,-25.6107],[-52.7221,-25.6267],[-52.7153,-25.6649],[-52.6768,-25.6557],[-52.6278,-25.655],[-52.6193,-25.6296],[-52.5753,-25.6487],[-52.5442,-25.6962],[-52.5217,-25.6804],[-52.5306,-25.646]]]},"properties":{"code":"4122156","name":"Rio Bonito do Iguaçu","state":"PR"}},{"type":"Feature","geometry":{"type":"Polygon","coordinates":[[[-51.2386,-24.4352],[-51.2581,-24.4034],[-51.1691,-24.3822],[-51.2137,-24.3327],[-51.3028,-24.2765],[-51.3331,-24.2507],[-51.398,-24.2728],[-51.4346,-24.2703],[-51.4862,-24.3016],[-51.4878,-24.3293],[-51.4558,-24.3187],[-51.4332,-24.3586],[-51.4264,-24.4038],[-51.385,-24.4383],[-51.3007,-24.4145],[-51.2386,-24.4352]]]},"properties":{"code":"4122172","name":"Rio Branco do Ivaí","state":"PR"}},{"type":"Feature","geometry":{"type":"Polygon","coordinates":[[[-49.3211,-25.2311],[-49.2537,-25.2339],[-49.222,-25.2305],[-49.2211,-25.2098],[-49.1778,-25.198],[-49.1783,-25.1644],[-49.1284,-25.1341],[-49.0761,-25.1213],[-49.0939,-25.0741],[-49.1428,-25.0978],[-49.2064,-25.0731],[-49.2401,-25.0747],[-49.3035,-25.0399],[-49.3933,-24.9754],[-49.3809,-24.932],[-49.3897,-24.8951],[-49.4511,-24.9157],[-49.4988,-24.9053],[-49.5395,-24.9165],[-49.5749,-24.9594],[-49.5027,-25.0082],[-49.5089,-25.0318],[-49.4826,-25.0826],[-49.4302,-25.1251],[-49.4576,-25.1647],[-49.4026,-25.1746],[-49.3379,-25.1981],[-49.3211,-25.2311]]]},"properties":{"code":"4122206","name":"Rio Branco do Sul","state":"PR"}},{"type":"Feature","geometry":{"type":"Polygon","coordinates":[[[-49.9341,-26.0189],[-49.8694,-26.0335],[-49.8638,-26.0547],[-49.8242,-26.0939],[-49.7486,-26.1246],[-49.6728,-26.1898],[-49.654,-26.1869],[-49.6031,-26.2267],[-49.5498,-26.2334],[-49.5017,-26.2199],[-49.4872,-26.1942],[-49.486,-26.1852],[-49.5033,-26.1777],[-49.5177,-26.0993],[-49.5399,-26.0704],[-49.5935,-26.0261],[-49.6218,-26.0464],[-49.6801,-26.0265],[-49.7734,-26.0282],[-49.7914,-26.0005],[-49.7921,-25.9464],[-49.8587,-25.9593],[-49.8756,-25.9836],[-49.9259,-25.9898],[-49.9341,-26.0189]]]},"properties":{"code":"4122305","name":"Rio Negro","state":"PR"}},{"type":"Feature","geometry":{"type":"Polygon","coordinates":[[[-51.5004,-23.3424],[-51.4546,-23.3822],[-51.4423,-23.3631],[-51.3964,-23.3601],[-51.3496,-23.3899],[-51.3102,-23.3834],[-51.29,-23.3315],[-51.3343,-23.2889],[-51.2991,-23.198],[-51.3062,-23.1719],[-51.418,-23.1688],[-51.4736,-23.1672],[-51.4838,-23.1905],[-51.5203,-23.1962],[-51.5382,-23.2633],[-51.5191,-23.285],[-51.5004,-23.3424]]]},"properties":{"code":"4122404","name":"Rolândia","state":"PR"}},{"type":"Feature","geometry":{"type":"Polygon","coordinates":[[[-52.3941,-24.7166],[-52.3706,-24.6955],[-52.3259,-24.6807],[-52.2732,-24.643],[-52.2074,-24.6177],[-52.1341,-24.6253],[-52.0946,-24.5968],[-52.0475,-24.5667],[-52.0447,-24.5338],[-52.0166,-24.4718],[-52.034,-24.4141],[-52.0702,-24.448],[-52.1469,-24.4715],[-52.1831,-24.506],[-52.2111,-24.5142],[-52.2777,-24.4557],[-52.3139,-24.5022],[-52.328,-24.4957],[-52.3933,-24.535],[-52.5086,-24.523],[-52.5175,-24.5484],[-52.4767,-24.5753],[-52.4237,-24.6421],[-52.4252,-24.7127],[-52.3941,-24.7166]]]},"properties":{"code":"4122503","name":"Roncador","state":"PR"}},{"type":"Feature","geometry":{"type":"Polygon","coordinates":[[[-52.7479,-23.5552],[-52.6693,-23.398],[-52.638,-23.3317],[-52.6901,-23.3112],[-52.7234,-23.3111],[-52.7305,-23.344],[-52.8089,-23.4035],[-52.8599,-23.3884],[-52.8456,-23.4279],[-52.8926,-23.4262],[-52.8903,-23.4527],[-52.9368,-23.4826],[-52.9383,-23.5329],[-52.985,-23.5408],[-52.9715,-23.5673],[-52.9191,-23.5871],[-52.9035,-23.6088],[-52.8249,-23.6162],[-52.7479,-23.5552]]]},"properties":{"code":"4122602","name":"Rondon","state":"PR"}},{"type":"Feature","geometry":{"type":"Polygon","coordinates":[[[-51.3331,-24.2507],[-51.3028,-24.2765],[-51.2137,-24.3327],[-51.1691,-24.3822],[-51.2581,-24.4034],[-51.2386,-24.4352],[-51.139,-24.4681],[-51.1436,-24.4406],[-51.1044,-24.4147],[-51.0779,-24.3523],[-51.098,-24.3258],[-51.0983,-24.2996],[-51.1316,-24.2681],[-51.2039,-24.2459],[-51.2073,-24.223],[-51.2598,-24.2124],[-51.3338,-24.1589],[-51.35,-24.2275],[-51.3331,-24.2507]]]},"properties":{"code":"4122651","name":"Rosário do Ivaí","state":"PR"}},{"type":"Feature","geometry":{"type":"Polygon","coordinates":[[[-51.5004,-23.3424],[-51.5191,-23.285],[-51.5382,-23.2633],[-51.5916,-23.283],[-51.6767,-23.3739],[-51.6902,-23.3777],[-51.6276,-23.4087],[-51.626,-23.4263],[-51.5907,-23.4262],[-51.5004,-23.3424]]]},"properties":{"code":"4122701","name":"Sabáudia","state":"PR"}},{"type":"Feature","geometry":{"type":"Polygon","coordinates":[[[-53.4619,-26.1649],[-53.3835,-26.2135],[-53.3334,-26.2095],[-53.2988,-26.1875],[-53.3336,-26.1637],[-53.3726,-26.1085],[-53.4133,-26.1032],[-53.433,-26.0791],[-53.4656,-26.089],[-53.4905,-26.0534],[-53.5202,-26.0539],[-53.5362,-26.0929],[-53.482,-26.1236],[-53.4619,-26.1649]]]},"properties":{"code":"4122800","name":"Salgado Filho","state":"PR"}},{"type":"Feature","geometry":{"type":"Polygon","coordinates":[[[-49.6021,-23.6521],[-49.621,-23.6111],[-49.6028,-23.584],[-49.6002,-23.5356],[-49.6242,-23.5233],[-49.6524,-23.5467],[-49.673,-23.6001],[-49.7806,-23.6121],[-49.7845,-23.6296],[-49.7479,-23.658],[-49.7381,-23.7141],[-49.6511,-23.6887],[-49.6021,-23.6521]]]},"properties":{"code":"4122909","name":"Salto do Itararé","state":"PR"}},{"type":"Feature","geometry":{"type":"Polygon","coordinates":[[[-53.3551,-25.8778],[-53.3078,-25.876],[-53.2385,-25.8486],[-53.2346,-25.8286],[-53.195,-25.7817],[-53.1491,-25.7769],[-53.1533,-25.7521],[-53.2598,-25.6998],[-53.3023,-25.6706],[-53.3407,-25.695],[-53.3889,-25.6924],[-53.3513,-25.7816],[-53.3761,-25.8038],[-53.374,-25.8541],[-53.3551,-25.8778]]]},"properties":{"code":"4123006","name":"Salto do Lontra","state":"PR"}},{"type":"Feature","geometry":{"type":"Polygon","coordinates":[[[-50.4669,-23.2602],[-50.4397,-23.2812],[-50.3589,-23.2854],[-50.346,-23.2999],[-50.3042,-23.2592],[-50.33,-23.2755],[-50.3584,-23.2472],[-50.3933,-23.2479],[-50.4496,-23.2096],[-50.4685,-23.2087],[-50.4669,-23.2602]]]},"properties":{"code":"4123105","name":"Santa Amélia","state":"PR"}},{"type":"Feature","geometry":{"type":"Polygon","coordinates":[[[-50.6973,-23.5566],[-50.796,-23.4925],[-50.8112,-23.4881],[-50.8544,-23.5294],[-50.883,-23.5436],[-50.8577,-23.5843],[-50.7987,-23.5827],[-50.6973,-23.5566]]]},"properties":{"code":"4123204","name":"Santa Cecília do Pavão","state":"PR"}},{"type":"Feature","geometry":{"type":"Polygon","coordinates":[[[-53.2847,-22.9352],[-53.3165,-22.9125],[-53.3754,-22.9885],[-53.4488,-23.0968],[-53.4678,-23.1773],[-53.5157,-23.1975],[-53.4768,-23.2277],[-53.4142,-23.1913],[-53.3781,-23.2409],[-53.3763,-23.2398],[-53.3478,-23.2335],[-53.3501,-23.2067],[-53.3205,-23.1061],[-53.3061,-23.0782],[-53.2599,-23.0406],[-53.2495,-22.996],[-53.2293,-22.9731],[-53.2847,-22.9352]]]},"properties":{"code":"4123303","name":"Santa Cruz de Monte Castelo","state":"PR"}},{"type":"Feature","geometry":{"type":"Polygon","coordinates":[[[-51.8657,-23.1329],[-51.7957,-23.1744],[-51.7636,-23.123],[-51.7494,-23.0392],[-51.7504,-23.0281],[-51.7947,-23.0058],[-51.8734,-22.9567],[-51.9055,-22.9496],[-51.893,-23.0075],[-51.915,-23.0487],[-51.9145,-23.1369],[-51.8657,-23.1329]]]},"properties":{"code":"4123402","name":"Santa Fé","state":"PR"}},{"type":"Feature","geometry":{"type":"Polygon","coordinates":[[[-54.1654,-24.7556],[-54.2365,-24.7563],[-54.2513,-24.7233],[-54.3323,-24.6945],[-54.3899,-24.7773],[-54.395,-24.8113],[-54.437,-24.9414],[-54.4572,-25.0393],[-54.4015,-25.0339],[-54.2994,-25.0208],[-54.1644,-25.0177],[-54.1451,-24.9839],[-54.2012,-24.9313],[-54.2199,-24.8986],[-54.2087,-24.8683],[-54.2038,-24.8079],[-54.1654,-24.7556]]]},"properties":{"code":"4123501","name":"Santa Helena","state":"PR"}},{"type":"Feature","geometry":{"type":"Polygon","coordinates":[[[-51.8671,-22.8301],[-51.8665,-22.6877],[-51.8558,-22.6317],[-51.8902,-22.6132],[-51.9015,-22.6019],[-51.959,-22.6451],[-51.9203,-22.6849],[-51.9205,-22.8033],[-51.9058,-22.8362],[-51.8671,-22.8301]]]},"properties":{"code":"4123600","name":"Santa Inês","state":"PR"}},{"type":"Feature","geometry":{"type":"Polygon","coordinates":[[[-53.1298,-23.0429],[-53.2293,-22.9731],[-53.2495,-22.996],[-53.2599,-23.0406],[-53.3061,-23.0782],[-53.3205,-23.1061],[-53.3501,-23.2067],[-53.3478,-23.2335],[-53.2985,-23.1986],[-53.2534,-23.2308],[-53.2018,-23.2417],[-53.2252,-23.2094],[-53.2036,-23.1949],[-53.1857,-23.1318],[-53.1577,-23.1032],[-53.1298,-23.0429]]]},"properties":{"code":"4123709","name":"Santa Isabel do Ivaí","state":"PR"}},{"type":"Feature","geometry":{"type":"Polygon","coordinates":[[[-53.5031,-25.8111],[-53.479,-25.8643],[-53.4323,-25.9],[-53.3469,-25.9268],[-53.3551,-25.8778],[-53.374,-25.8541],[-53.3761,-25.8038],[-53.3513,-25.7816],[-53.3889,-25.6924],[-53.4047,-25.6532],[-53.4364,-25.6284],[-53.4792,-25.6411],[-53.4848,-25.7265],[-53.468,-25.7578],[-53.5031,-25.8111]]]},"properties":{"code":"4123808","name":"Santa Izabel do Oeste","state":"PR"}},{"type":"Feature","geometry":{"type":"Polygon","coordinates":[[[-53.6265,-25.3466],[-53.6083,-25.4194],[-53.5953,-25.4335],[-53.5148,-25.441],[-53.511,-25.3951],[-53.4804,-25.3421],[-53.5375,-25.333],[-53.6251,-25.3464],[-53.6265,-25.3466]]]},"properties":{"code":"4123824","name":"Santa Lúcia","state":"PR"}},{"type":"Feature","geometry":{"type":"Polygon","coordinates":[[[-51.8948,-25.0159],[-51.8337,-24.9975],[-51.8072,-25.019],[-51.7729,-25.0237],[-51.7495,-25.0422],[-51.6965,-25.0455],[-51.6591,-25.0135],[-51.7087,-25.0122],[-51.7575,-24.9821],[-51.7356,-24.9373],[-51.7805,-24.8778],[-51.8344,-24.8443],[-51.8675,-24.8131],[-51.8687,-24.7896],[-51.9271,-24.753],[-52.004,-24.7766],[-52.0305,-24.7626],[-52.0523,-24.7884],[-52.0793,-24.7735],[-52.1068,-24.7836],[-52.099,-24.8062],[-52.0531,-24.8211],[-52.0579,-24.8491],[-52.0399,-24.8748],[-52.0979,-24.887],[-52.1397,-24.9226],[-52.1499,-24.9682],[-52.1058,-24.9654],[-52.0777,-24.9974],[-52.0269,-24.9886],[-51.9785,-25.0215],[-51.9467,-25.006],[-51.8948,-25.0159]]]},"properties":{"code":"4123857","name":"Santa Maria do Oeste","state":"PR"}},{"type":"Feature","geometry":{"type":"Polygon","coordinates":[[[-50.4478,-23.0313],[-50.4995,-22.9774],[-50.5284,-22.9611],[-50.5268,-22.9348],[-50.53,-22.9191],[-50.5772,-22.904],[-50.6038,-22.9232],[-50.6373,-22.9069],[-50.6097,-22.9728],[-50.6208,-23.0146],[-50.6061,-23.0564],[-50.6283,-23.0923],[-50.5913,-23.1435],[-50.5412,-23.1977],[-50.5132,-23.2082],[-50.4652,-23.1944],[-50.4543,-23.1453],[-50.4478,-23.0313]]]},"properties":{"code":"4123907","name":"Santa Mariana","state":"PR"}},{"type":"Feature","geometry":{"type":"Polygon","coordinates":[[[-53.2036,-23.1949],[-53.2076,-23.2114],[-53.1294,-23.2208],[-53.093,-23.2435],[-53.0474,-23.2311],[-53.0267,-23.1954],[-53.0328,-23.1059],[-53.1298,-23.0429],[-53.1577,-23.1032],[-53.1857,-23.1318],[-53.2036,-23.1949]]]},"properties":{"code":"4123956","name":"Santa Mônica","state":"PR"}},{"type":"Feature","geometry":{"type":"Polygon","coordinates":[[[-49.678,-23.8263],[-49.608,-23.8394],[-49.5727,-23.827],[-49.5597,-23.7936],[-49.5673,-23.7368],[-49.5492,-23.704],[-49.5747,-23.676],[-49.6021,-23.6521],[-49.6511,-23.6887],[-49.7381,-23.7141],[-49.7624,-23.7371],[-49.6965,-23.7427],[-49.678,-23.8263]]]},"properties":{"code":"4124004","name":"Santana do Itararé","state":"PR"}},{"type":"Feature","geometry":{"type":"Polygon","coordinates":[[[-53.655,-25.1465],[-53.5874,-25.1683],[-53.5278,-25.1691],[-53.5418,-25.101],[-53.5184,-25.0525],[-53.5606,-25.0238],[-53.5715,-24.9857],[-53.5506,-24.9492],[-53.5946,-24.9268],[-53.625,-24.8709],[-53.6366,-24.9339],[-53.6844,-24.9398],[-53.6744,-24.9578],[-53.7325,-24.9996],[-53.6669,-25.0179],[-53.6323,-25.0542],[-53.6243,-25.0803],[-53.655,-25.1465]]]},"properties":{"code":"4124020","name":"Santa Tereza do Oeste","state":"PR"}},{"type":"Feature","geometry":{"type":"Polygon","coordinates":[[[-54.3269,-25.5333],[-54.3642,-25.4891],[-54.3434,-25.4545],[-54.3868,-25.4215],[-54.3991,-25.3771],[-54.4669,-25.3247],[-54.5038,-25.3586],[-54.4859,-25.4039],[-54.4864,-25.5524],[-54.3269,-25.5333]]]},"properties":{"code":"4124053","name":"Santa Terezinha de Itaipu","state":"PR"}},{"type":"Feature","geometry":{"type":"Polygon","coordinates":[[[-50.171,-23.3973],[-50.1062,-23.3932],[-50.0464,-23.413],[-50.0043,-23.4452],[-49.9492,-23.4318],[-49.9252,-23.3908],[-49.9359,-23.3732],[-49.9329,-23.3061],[-49.9706,-23.2379],[-50.0378,-23.2057],[-50.0497,-23.1888],[-50.118,-23.1693],[-50.1342,-23.1448],[-50.1673,-23.1347],[-50.2406,-23.1355],[-50.2094,-23.1876],[-50.2249,-23.2244],[-50.2023,-23.2481],[-50.1944,-23.2858],[-50.2348,-23.3567],[-50.2219,-23.3782],[-50.171,-23.3973]]]},"properties":{"code":"4124103","name":"Santo Antônio da Platina","state":"PR"}},{"type":"Feature","geometry":{"type":"Polygon","coordinates":[[[-52.4215,-22.7629],[-52.3971,-22.7744],[-52.3191,-22.7763],[-52.2753,-22.73],[-52.29,-22.6282],[-52.3004,-22.6354],[-52.3805,-22.6265],[-52.4214,-22.6106],[-52.4215,-22.7629]]]},"properties":{"code":"4124202","name":"Santo Antônio do Caiuá","state":"PR"}},{"type":"Feature","geometry":{"type":"Polygon","coordinates":[[[-50.6972,-23.5568],[-50.6657,-23.5916],[-50.658,-23.6226],[-50.6389,-23.643],[-50.6291,-23.6882],[-50.5809,-23.712],[-50.5632,-23.6953],[-50.5824,-23.6388],[-50.6249,-23.6154],[-50.6054,-23.5921],[-50.6088,-23.528],[-50.5997,-23.4942],[-50.6296,-23.4553],[-50.646,-23.4886],[-50.6876,-23.5116],[-50.6972,-23.5568]]]},"properties":{"code":"4124301","name":"Santo Antônio do Paraíso","state":"PR"}},{"type":"Feature","geometry":{"type":"Polygon","coordinates":[[[-53.7342,-26.0428],[-53.7406,-26.1178],[-53.7103,-26.1306],[-53.6721,-26.1762],[-53.6446,-26.1721],[-53.5851,-26.1263],[-53.568,-26.0968],[-53.5362,-26.0929],[-53.5202,-26.0539],[-53.5372,-26.0453],[-53.5388,-25.9709],[-53.5661,-25.9573],[-53.6497,-25.9864],[-53.7342,-26.0428]]]},"properties":{"code":"4124400","name":"Santo Antônio do Sudoeste","state":"PR"}},{"type":"Feature","geometry":{"type":"Polygon","coordinates":[[[-51.8558,-22.6317],[-51.8665,-22.6877],[-51.8671,-22.8301],[-51.8399,-22.8299],[-51.8002,-22.831],[-51.7592,-22.8305],[-51.7704,-22.7776],[-51.7595,-22.7393],[-51.7251,-22.7011],[-51.7182,-22.669],[-51.733,-22.6286],[-51.7716,-22.6141],[-51.8558,-22.6317]]]},"properties":{"code":"4124509","name":"Santo Inácio","state":"PR"}},{"type":"Feature","geometry":{"type":"Polygon","coordinates":[[[-52.5398,-23.3666],[-52.4746,-23.4071],[-52.4645,-23.4546],[-52.422,-23.4697],[-52.4212,-23.4133],[-52.4212,-23.2661],[-52.5469,-23.2678],[-52.5566,-23.3187],[-52.5735,-23.332],[-52.5398,-23.3666]]]},"properties":{"code":"4124608","name":"São Carlos do Ivaí","state":"PR"}},{"type":"Feature","geometry":{"type":"Polygon","coordinates":[[[-50.658,-23.6226],[-50.751,-23.6065],[-50.8191,-23.611],[-50.8577,-23.5843],[-50.883,-23.5436],[-50.9484,-23.5197],[-50.9304,-23.5653],[-50.9334,-23.6078],[-50.9203,-23.6646],[-50.8763,-23.6945],[-50.9154,-23.7144],[-50.8941,-23.7437],[-50.8756,-23.767],[-50.8991,-23.7956],[-50.8958,-23.8402],[-50.8574,-23.8684],[-50.8437,-23.8944],[-50.8049,-23.8764],[-50.7735,-23.8712],[-50.7331,-23.8233],[-50.6766,-23.8145],[-50.6457,-23.8209],[-50.6259,-23.7998],[-50.6008,-23.7428],[-50.5586,-23.7481],[-50.5809,-23.712],[-50.6291,-23.6882],[-50.6389,-23.643],[-50.658,-23.6226]]]},"properties":{"code":"4124707","name":"São Jerônimo da Serra","state":"PR"}},{"type":"Feature","geometry":{"type":"Polygon","coordinates":[[[-52.704,-25.7512],[-52.7815,-25.7374],[-52.7832,-25.57],[-52.7851,-25.567],[-52.8001,-25.5956],[-52.857,-25.6029],[-52.84,-25.6334],[-52.8551,-25.6586],[-52.8484,-25.7037],[-52.8116,-25.7403],[-52.867,-25.7686],[-52.9444,-25.7825],[-52.9051,-25.8051],[-52.8957,-25.8307],[-52.8538,-25.8313],[-52.867,-25.8658],[-52.821,-25.8756],[-52.8084,-25.9067],[-52.77,-25.9015],[-52.7225,-25.8717],[-52.6745,-25.8522],[-52.6998,-25.7881],[-52.704,-25.7512]]]},"properties":{"code":"4124806","name":"São João","state":"PR"}},{"type":"Feature","geometry":{"type":"Polygon","coordinates":[[[-52.2753,-22.73],[-52.3191,-22.7763],[-52.3971,-22.7744],[-52.4215,-22.7629],[-52.4229,-22.9003],[-52.3712,-22.9297],[-52.3205,-22.9098],[-52.2702,-22.914],[-52.2565,-22.8978],[-52.2311,-22.852],[-52.2384,-22.8162],[-52.2753,-22.73]]]},"properties":{"code":"4124905","name":"São João do Caiuá","state":"PR"}},{"type":"Feature","geometry":{"type":"Polygon","coordinates":[[[-51.8489,-24.0728],[-51.6838,-23.9764],[-51.731,-23.9389],[-51.7959,-23.9201],[-51.8407,-23.9329],[-51.8789,-23.9236],[-51.8926,-23.9008],[-51.9395,-23.9082],[-51.968,-23.9493],[-51.9461,-23.9742],[-51.9463,-24.0418],[-51.9178,-24.1038],[-51.8489,-24.0728]]]},"properties":{"code":"4125001","name":"São João do Ivaí","state":"PR"}},{"type":"Feature","geometry":{"type":"Polygon","coordinates":[[[-50.49,-25.7346],[-50.4158,-25.72],[-50.3981,-25.7498],[-50.3615,-25.7294],[-50.3102,-25.7596],[-50.2686,-25.8051],[-50.2635,-25.8396],[-50.2282,-25.8128],[-50.1898,-25.7647],[-50.1632,-25.7593],[-50.1356,-25.6956],[-50.1307,-25.6604],[-50.0952,-25.6354],[-50.1568,-25.6034],[-50.1714,-25.5838],[-50.2471,-25.5801],[-50.2737,-25.5438],[-50.3209,-25.5463],[-50.3585,-25.5278],[-50.4243,-25.5919],[-50.4252,-25.6321],[-50.4751,-25.6556],[-50.4561,-25.6833],[-50.49,-25.7346]]]},"properties":{"code":"4125100","name":"São João do Triunfo","state":"PR"}},{"type":"Feature","geometry":{"type":"Polygon","coordinates":[[[-52.9444,-25.7825],[-52.867,-25.7686],[-52.8116,-25.7403],[-52.8484,-25.7037],[-52.8551,-25.6586],[-52.84,-25.6334],[-52.857,-25.6029],[-52.8798,-25.6092],[-52.9074,-25.5643],[-52.9547,-25.5548],[-52.9862,-25.5687],[-53.0008,-25.5345],[-53.0689,-25.5666],[-53.064,-25.6166],[-53.0372,-25.6236],[-52.9797,-25.6953],[-52.952,-25.7132],[-52.9818,-25.7504],[-52.9787,-25.7817],[-52.9444,-25.7825]]]},"properties":{"code":"4125209","name":"São Jorge d'Oeste","state":"PR"}},{"type":"Feature","geometry":{"type":"Polygon","coordinates":[[[-52.2385,-23.3143],[-52.2742,-23.3215],[-52.2996,-23.3442],[-52.3118,-23.379],[-52.3583,-23.4048],[-52.4212,-23.4133],[-52.422,-23.4697],[-52.4022,-23.5357],[-52.3626,-23.5575],[-52.3278,-23.5525],[-52.3247,-23.554],[-52.2947,-23.5213],[-52.2754,-23.4401],[-52.179,-23.35],[-52.1886,-23.3335],[-52.2385,-23.3143]]]},"properties":{"code":"4125308","name":"São Jorge do Ivaí","state":"PR"}},{"type":"Feature","geometry":{"type":"Polygon","coordinates":[[[-54.0836,-23.8055],[-53.9827,-23.8169],[-53.919,-23.7935],[-53.8362,-23.8116],[-53.7689,-23.8177],[-53.7753,-23.7857],[-53.8107,-23.7504],[-53.844,-23.7465],[-53.8804,-23.6642],[-54.0306,-23.6282],[-54.0511,-23.6872],[-54.0519,-23.7211],[-54.0757,-23.7645],[-54.0836,-23.8055]]]},"properties":{"code":"4125357","name":"São Jorge do Patrocínio","state":"PR"}},{"type":"Feature","geometry":{"type":"Polygon","coordinates":[[[-49.6344,-24.0707],[-49.6238,-24.0019],[-49.5358,-23.9282],[-49.587,-23.8889],[-49.608,-23.8394],[-49.678,-23.8263],[-49.6726,-23.8459],[-49.7066,-23.8738],[-49.7388,-23.8832],[-49.7678,-23.917],[-49.7192,-23.9673],[-49.7717,-24.0037],[-49.793,-24.0038],[-49.7553,-24.0656],[-49.7594,-24.0841],[-49.6975,-24.0654],[-49.6804,-24.0782],[-49.6344,-24.0707]]]},"properties":{"code":"4125407","name":"São José da Boa Vista","state":"PR"}},{"type":"Feature","geometry":{"type":"Polygon","coordinates":[[[-54.1654,-24.7556],[-54.2038,-24.8079],[-54.2087,-24.8683],[-54.1434,-24.8593],[-54.0954,-24.8787],[-54.0655,-24.8727],[-54.0334,-24.8299],[-54.0357,-24.7893],[-54.0632,-24.7633],[-54.0962,-24.7549],[-54.1654,-24.7556]]]},"properties":{"code":"4125456","name":"São José das Palmeiras","state":"PR"}},{"type":"Feature","geometry":{"type":"Polygon","coordinates":[[[-49.2078,-25.8251],[-49.1629,-25.8055],[-49.147,-25.7525],[-49.0877,-25.7444],[-49.07,-25.797],[-49.0028,-25.7955],[-48.9628,-25.8309],[-48.9097,-25.8121],[-48.8911,-25.8193],[-48.8522,-25.7968],[-48.8755,-25.7602],[-48.9111,-25.757],[-48.9734,-25.7265],[-48.9695,-25.6643],[-48.9533,-25.6422],[-48.9727,-25.5759],[-48.9702,-25.5226],[-49.0244,-25.5506],[-49.071,-25.5397],[-49.1076,-25.5157],[-49.1456,-25.4727],[-49.1756,-25.4626],[-49.1852,-25.4715],[-49.226,-25.5387],[-49.2233,-25.562],[-49.271,-25.6122],[-49.2455,-25.754],[-49.2415,-25.7977],[-49.2078,-25.8251]]]},"properties":{"code":"4125506","name":"São José dos Pinhais","state":"PR"}},{"type":"Feature","geometry":{"type":"Polygon","coordinates":[[[-52.6693,-23.398],[-52.6507,-23.4403],[-52.6163,-23.4148],[-52.5398,-23.3666],[-52.5735,-23.332],[-52.6006,-23.3171],[-52.638,-23.3317],[-52.6693,-23.398]]]},"properties":{"code":"4125555","name":"São Manoel do Paraná","state":"PR"}},{"type":"Feature","geometry":{"type":"Polygon","coordinates":[[[-50.6285,-26.0628],[-50.5948,-26.0704],[-50.5535,-26.0594],[-50.5509,-26.0383],[-50.5133,-26.0261],[-50.4609,-26.0263],[-50.4295,-26.063],[-50.3717,-26.0792],[-50.3657,-26.1121],[-50.3217,-26.1339],[-50.332,-26.0854],[-50.2685,-26.0428],[-50.2201,-25.941],[-50.2342,-25.8604],[-50.2635,-25.8396],[-50.2686,-25.8051],[-50.3102,-25.7596],[-50.3615,-25.7294],[-50.3981,-25.7498],[-50.4158,-25.72],[-50.49,-25.7346],[-50.5385,-25.7581],[-50.5932,-25.7598],[-50.6008,-25.7842],[-50.6266,-25.8483],[-50.677,-25.8736],[-50.657,-25.9173],[-50.6706,-25.9688],[-50.6551,-26.0127],[-50.6268,-26.0344],[-50.6285,-26.0628]]]},"properties":{"code":"4125605","name":"São Mateus do Sul","state":"PR"}},{"type":"Feature","geometry":{"type":"Polygon","coordinates":[[[-54.3269,-25.5333],[-54.2963,-25.5576],[-54.2579,-25.5936],[-54.2031,-25.5805],[-54.1971,-25.5351],[-54.1631,-25.5426],[-54.144,-25.521],[-54.1522,-25.5039],[-54.1263,-25.4516],[-54.141,-25.4084],[-54.107,-25.3833],[-54.1139,-25.3615],[-54.1715,-25.2964],[-54.1936,-25.218],[-54.2305,-25.2296],[-54.2997,-25.1999],[-54.3171,-25.2211],[-54.3915,-25.2357],[-54.3876,-25.3134],[-54.3991,-25.3771],[-54.3868,-25.4215],[-54.3434,-25.4545],[-54.3642,-25.4891],[-54.3269,-25.5333]]]},"properties":{"code":"4125704","name":"São Miguel do Iguaçu","state":"PR"}},{"type":"Feature","geometry":{"type":"Polygon","coordinates":[[[-53.8113,-24.9766],[-53.7721,-24.9689],[-53.7325,-24.9996],[-53.6744,-24.9578],[-53.6844,-24.9398],[-53.7418,-24.9346],[-53.7785,-24.9069],[-53.8192,-24.9146],[-53.8491,-24.8764],[-53.9128,-24.8788],[-53.9242,-24.8531],[-53.988,-24.8264],[-54.0013,-24.7826],[-54.0357,-24.7893],[-54.0334,-24.8299],[-54.0655,-24.8727],[-54.0446,-24.8907],[-53.9982,-24.9081],[-53.9104,-24.9085],[-53.9216,-24.9469],[-53.8961,-24.9842],[-53.8467,-24.9715],[-53.8113,-24.9766]]]},"properties":{"code":"4125753","name":"São Pedro do Iguaçu","state":"PR"}},{"type":"Feature","geometry":{"type":"Polygon","coordinates":[[[-51.9395,-23.9082],[-51.8926,-23.9008],[-51.8789,-23.9236],[-51.8407,-23.9329],[-51.7959,-23.9201],[-51.7635,-23.8905],[-51.7345,-23.8416],[-51.7664,-23.8389],[-51.7663,-23.7942],[-51.7946,-23.7816],[-51.8835,-23.8067],[-51.9192,-23.726],[-51.9485,-23.774],[-51.9963,-23.7906],[-52.0051,-23.8226],[-51.9587,-23.8573],[-51.9395,-23.9082]]]},"properties":{"code":"4125803","name":"São Pedro do Ivaí","state":"PR"}},{"type":"Feature","geometry":{"type":"Polygon","coordinates":[[[-53.0991,-22.8361],[-53.1153,-22.7821],[-53.1097,-22.7152],[-53.1279,-22.6523],[-53.1854,-22.7187],[-53.24,-22.7335],[-53.2386,-22.7947],[-53.2632,-22.7952],[-53.2658,-22.8334],[-53.2481,-22.868],[-53.2558,-22.8995],[-53.2247,-22.8624],[-53.0991,-22.8361]]]},"properties":{"code":"4125902","name":"São Pedro do Paraná","state":"PR"}},{"type":"Feature","geometry":{"type":"Polygon","coordinates":[[[-50.7673,-23.3474],[-50.7787,-23.3849],[-50.7997,-23.3884],[-50.8059,-23.4269],[-50.7836,-23.4506],[-50.796,-23.4925],[-50.6973,-23.5566],[-50.6972,-23.5568],[-50.6876,-23.5116],[-50.646,-23.4886],[-50.6296,-23.4553],[-50.6377,-23.4189],[-50.663,-23.3923],[-50.7206,-23.4156],[-50.7398,-23.3723],[-50.7673,-23.3474]]]},"properties":{"code":"4126009","name":"São Sebastião da Amoreira","state":"PR"}},{"type":"Feature","geometry":{"type":"Polygon","coordinates":[[[-52.6709,-23.5375],[-52.6396,-23.5767],[-52.5863,-23.5895],[-52.5458,-23.5856],[-52.4894,-23.5201],[-52.4527,-23.5495],[-52.4022,-23.5357],[-52.422,-23.4697],[-52.4645,-23.4546],[-52.519,-23.5051],[-52.5694,-23.5085],[-52.6006,-23.4768],[-52.6536,-23.5056],[-52.6709,-23.5375]]]},"properties":{"code":"4126108","name":"São Tomé","state":"PR"}},{"type":"Feature","geometry":{"type":"Polygon","coordinates":[[[-50.5586,-23.7481],[-50.6008,-23.7428],[-50.6259,-23.7998],[-50.6457,-23.8209],[-50.6766,-23.8145],[-50.7331,-23.8233],[-50.7735,-23.8712],[-50.8049,-23.8764],[-50.7871,-23.9056],[-50.732,-23.9477],[-50.7545,-23.9773],[-50.7218,-24.0279],[-50.7028,-24.0249],[-50.6886,-24.0029],[-50.649,-23.9888],[-50.59,-23.9904],[-50.5473,-23.9606],[-50.5342,-23.9327],[-50.4833,-23.9515],[-50.4793,-23.8799],[-50.4686,-23.855],[-50.4323,-23.8441],[-50.4187,-23.7844],[-50.4498,-23.7561],[-50.4752,-23.7503],[-50.5193,-23.7661],[-50.5586,-23.7481]]]},"properties":{"code":"4126207","name":"Sapopema","state":"PR"}},{"type":"Feature","geometry":{"type":"Polygon","coordinates":[[[-51.9115,-23.4771],[-51.9094,-23.5099],[-51.928,-23.5334],[-51.9025,-23.5577],[-51.853,-23.5108],[-51.8535,-23.4579],[-51.8065,-23.4451],[-51.8005,-23.4124],[-51.843,-23.3937],[-51.8757,-23.4174],[-51.9115,-23.4771]]]},"properties":{"code":"4126256","name":"Sarandi","state":"PR"}},{"type":"Feature","geometry":{"type":"Polygon","coordinates":[[[-52.5442,-25.6962],[-52.5753,-25.6487],[-52.6193,-25.6296],[-52.6278,-25.655],[-52.6768,-25.6557],[-52.6453,-25.7044],[-52.6434,-25.7364],[-52.6624,-25.7585],[-52.643,-25.7893],[-52.5546,-25.7531],[-52.5442,-25.6962]]]},"properties":{"code":"4126272","name":"Saudade do Iguaçu","state":"PR"}},{"type":"Feature","geometry":{"type":"Polygon","coordinates":[[[-49.6344,-24.0707],[-49.6136,-24.0863],[-49.6323,-24.1141],[-49.6299,-24.1469],[-49.5802,-24.2459],[-49.6015,-24.3674],[-49.4627,-24.3674],[-49.4573,-24.3854],[-49.4874,-24.4721],[-49.5169,-24.4943],[-49.5274,-24.5314],[-49.5071,-24.5649],[-49.5107,-24.6142],[-49.4912,-24.5518],[-49.3592,-24.4777],[-49.3468,-24.4585],[-49.2757,-24.4169],[-49.2524,-24.4339],[-49.2535,-24.405],[-49.2011,-24.3451],[-49.2542,-24.3179],[-49.2869,-24.3026],[-49.3054,-24.2514],[-49.3507,-24.2208],[-49.3366,-24.1376],[-49.4087,-24.1069],[-49.4298,-24.0687],[-49.4575,-24.0495],[-49.4923,-23.9934],[-49.5223,-23.9166],[-49.5358,-23.9282],[-49.6238,-24.0019],[-49.6344,-24.0707]]]},"properties":{"code":"4126306","name":"Sengés","state":"PR"}},{"type":"Feature","geometry":{"type":"Polygon","coordinates":[[[-54.1139,-25.3615],[-54.107,-25.3833],[-54.141,-25.4084],[-54.1263,-25.4516],[-54.1522,-25.5039],[-54.144,-25.521],[-54.1157,-25.4985],[-54.0966,-25.5214],[-54.1198,-25.5533],[-54.0453,-25.5852],[-54.0108,-25.5665],[-53.9912,-25.5861],[-53.94,-25.5716],[-53.9165,-25.5829],[-53.8977,-25.5191],[-53.9052,-25.4849],[-53.9487,-25.4275],[-53.9617,-25.3823],[-53.993,-25.3632],[-54.0433,-25.3344],[-54.0853,-25.3612],[-54.1139,-25.3615]]]},"properties":{"code":"4126355","name":"Serranópolis do Iguaçu","state":"PR"}},{"type":"Feature","geometry":{"type":"Polygon","coordinates":[[[-50.9464,-22.9819],[-50.8964,-23.0091],[-50.855,-23.0682],[-50.8551,-23.1115],[-50.8427,-23.1103],[-50.7972,-23.0797],[-50.7748,-23.0435],[-50.7708,-23.0087],[-50.7959,-22.9512],[-50.7931,-22.9051],[-50.8236,-22.8661],[-50.8424,-22.8314],[-50.8953,-22.7943],[-50.9277,-22.7977],[-50.9787,-22.7826],[-51.0044,-22.7937],[-50.9368,-22.8741],[-50.9333,-22.9089],[-50.9795,-22.9371],[-50.9784,-22.9633],[-50.9464,-22.9819]]]},"properties":{"code":"4126405","name":"Sertaneja","state":"PR"}},{"type":"Feature","geometry":{"type":"Polygon","coordinates":[[[-50.9484,-23.1064],[-50.9772,-23.0948],[-50.9887,-23.0476],[-50.9413,-23.0314],[-50.9464,-22.9819],[-50.9784,-22.9633],[-50.9795,-22.9371],[-51.0339,-22.9338],[-51.1037,-22.9451],[-51.1695,-22.9671],[-51.1702,-23.1179],[-51.1704,-23.1715],[-51.1705,-23.1962],[-51.1317,-23.198],[-51.0369,-23.1578],[-51.0007,-23.1246],[-50.9484,-23.1064]]]},"properties":{"code":"4126504","name":"Sertanópolis","state":"PR"}},{"type":"Feature","geometry":{"type":"Polygon","coordinates":[[[-49.9027,-23.6005],[-49.8734,-23.6373],[-49.8504,-23.6926],[-49.8602,-23.7167],[-49.8256,-23.7656],[-49.7624,-23.7371],[-49.7381,-23.7141],[-49.7479,-23.658],[-49.7845,-23.6296],[-49.7806,-23.6121],[-49.673,-23.6001],[-49.6524,-23.5467],[-49.7371,-23.5603],[-49.8187,-23.5589],[-49.8503,-23.5714],[-49.8776,-23.6073],[-49.9027,-23.6005]]]},"properties":{"code":"4126603","name":"Siqueira Campos","state":"PR"}},{"type":"Feature","geometry":{"type":"Polygon","coordinates":[[[-52.7832,-25.57],[-52.7815,-25.7374],[-52.704,-25.7512],[-52.6624,-25.7585],[-52.6434,-25.7364],[-52.6453,-25.7044],[-52.6768,-25.6557],[-52.7153,-25.6649],[-52.7221,-25.6267],[-52.767,-25.6107],[-52.7832,-25.57]]]},"properties":{"code":"4126652","name":"Sulina","state":"PR"}},{"type":"Feature","geometry":{"type":"Polygon","coordinates":[[[-50.8941,-23.7437],[-50.9577,-23.746],[-51.0031,-23.7585],[-51.1163,-23.7031],[-51.1459,-23.7664],[-51.186,-23.8152],[-51.1785,-23.8395],[-51.184,-23.8714],[-51.1738,-23.924],[-51.1239,-23.9264],[-51.0819,-23.906],[-51.0165,-23.9187],[-50.9515,-23.8839],[-50.9609,-23.867],[-50.8991,-23.7956],[-50.8756,-23.767],[-50.8941,-23.7437]]]},"properties":{"code":"4126678","name":"Tamarana","state":"PR"}},{"type":"Feature","geometry":{"type":"Polygon","coordinates":[[[-52.4209,-23.1411],[-52.4211,-23.131],[-52.5469,-23.1309],[-52.5469,-23.1793],[-52.5469,-23.2678],[-52.4212,-23.2661],[-52.4208,-23.2508],[-52.4205,-23.2341],[-52.4209,-23.1411]]]},"properties":{"code":"4126702","name":"Tamboara","state":"PR"}},{"type":"Feature","geometry":{"type":"Polygon","coordinates":[[[-52.7479,-23.5552],[-52.8249,-23.6162],[-52.9035,-23.6088],[-52.9191,-23.5871],[-52.9715,-23.5673],[-52.985,-23.5408],[-53.0236,-23.4763],[-53.0397,-23.4931],[-53.0476,-23.547],[-53.0168,-23.6115],[-53.0201,-23.6775],[-52.9992,-23.7076],[-52.9708,-23.7089],[-52.9582,-23.7428],[-52.9596,-23.7855],[-52.9152,-23.8014],[-52.8362,-23.7789],[-52.8013,-23.7454],[-52.7706,-23.6985],[-52.7418,-23.6892],[-52.7378,-23.6447],[-52.696,-23.5667],[-52.7479,-23.5552]]]},"properties":{"code":"4126801","name":"Tapejara","state":"PR"}},{"type":"Feature","geometry":{"type":"Polygon","coordinates":[[[-53.1164,-23.4712],[-53.1038,-23.3441],[-53.028,-23.3562],[-53.0255,-23.2911],[-52.9982,-23.2361],[-53.0335,-23.2139],[-53.0267,-23.1954],[-53.0474,-23.2311],[-53.093,-23.2435],[-53.1294,-23.2208],[-53.2076,-23.2114],[-53.2036,-23.1949],[-53.2252,-23.2094],[-53.2018,-23.2417],[-53.1954,-23.2863],[-53.2297,-23.3334],[-53.2195,-23.3712],[-53.2341,-23.3927],[-53.2163,-23.4539],[-53.1473,-23.4824],[-53.1164,-23.4712]]]},"properties":{"code":"4126900","name":"Tapira","state":"PR"}},{"type":"Feature","geometry":{"type":"Polygon","coordinates":[[[-50.5641,-25.3091],[-50.5469,-25.3342],[-50.5532,-25.3767],[-50.5412,-25.4112],[-50.5093,-25.4358],[-50.5311,-25.4656],[-50.4296,-25.4763],[-50.4085,-25.5258],[-50.3584,-25.5277],[-50.3415,-25.454],[-50.3052,-25.3804],[-50.277,-25.377],[-50.2874,-25.3189],[-50.2761,-25.2886],[-50.2668,-25.2369],[-50.2805,-25.2118],[-50.2735,-25.1465],[-50.3221,-25.1352],[-50.3706,-25.097],[-50.3941,-25.119],[-50.3872,-25.151],[-50.41,-25.169],[-50.431,-25.2143],[-50.4485,-25.215],[-50.4919,-25.2072],[-50.5431,-25.2147],[-50.5755,-25.2436],[-50.5641,-25.3091]]]},"properties":{"code":"4127007","name":"Teixeira Soares","state":"PR"}},{"type":"Feature","geometry":{"type":"Polygon","coordinates":[[[-50.6049,-24.3947],[-50.5827,-24.4195],[-50.5495,-24.41],[-50.4813,-24.4705],[-50.4294,-24.4199],[-50.372,-24.3992],[-50.3592,-24.3758],[-50.2688,-24.2937],[-50.3002,-24.2657],[-50.351,-24.2463],[-50.3332,-24.2165],[-50.3599,-24.1688],[-50.3306,-24.1226],[-50.3835,-24.1045],[-50.4819,-24.1037],[-50.5395,-24.0683],[-50.6606,-24.0719],[-50.6929,-24.0366],[-50.7198,-24.1102],[-50.7404,-24.1408],[-50.6789,-24.2299],[-50.7081,-24.2612],[-50.7233,-24.3139],[-50.6828,-24.3877],[-50.6049,-24.3947]]]},"properties":{"code":"4127106","name":"Telêmaco Borba","state":"PR"}},{"type":"Feature","geometry":{"type":"Polygon","coordinates":[[[-52.3278,-23.5525],[-52.5188,-23.7762],[-52.483,-23.8381],[-52.4445,-23.807],[-52.2823,-23.6761],[-52.2641,-23.6428],[-52.2698,-23.6253],[-52.2942,-23.6185],[-52.3048,-23.573],[-52.3247,-23.554],[-52.3278,-23.5525]]]},"properties":{"code":"4127205","name":"Terra Boa","state":"PR"}},{"type":"Feature","geometry":{"type":"Polygon","coordinates":[[[-52.8493,-22.7824],[-52.812,-22.8026],[-52.7804,-22.8453],[-52.7372,-22.8578],[-52.6586,-22.8588],[-52.5948,-22.8727],[-52.559,-22.7664],[-52.5696,-22.6708],[-52.5378,-22.616],[-52.5893,-22.5661],[-52.6971,-22.627],[-52.7643,-22.6086],[-52.7829,-22.6021],[-52.7784,-22.6623],[-52.8157,-22.7094],[-52.8437,-22.7514],[-52.8493,-22.7824]]]},"properties":{"code":"4127304","name":"Terra Rica","state":"PR"}},{"type":"Feature","geometry":{"type":"Polygon","coordinates":[[[-53.9666,-24.3698],[-53.9586,-24.1204],[-53.9886,-24.1267],[-53.9896,-24.0654],[-53.9681,-24.0236],[-53.9662,-24.0024],[-53.9984,-23.9857],[-54.0172,-24.0153],[-54.0558,-24.0365],[-54.0985,-24.025],[-54.168,-24.061],[-54.1634,-24.2474],[-54.179,-24.2762],[-54.1414,-24.2946],[-54.1745,-24.3403],[-54.1718,-24.3775],[-54.121,-24.3899],[-53.9673,-24.3898],[-53.9666,-24.3698]]]},"properties":{"code":"4127403","name":"Terra Roxa","state":"PR"}},{"type":"Feature","geometry":{"type":"Polygon","coordinates":[[[-50.8498,-24.8564],[-50.8206,-24.8459],[-50.7783,-24.8531],[-50.7497,-24.8314],[-50.7141,-24.855],[-50.6516,-24.8503],[-50.6173,-24.8849],[-50.4737,-24.8072],[-50.5272,-24.9379],[-50.4694,-24.9946],[-50.4303,-25.0043],[-50.3912,-24.9795],[-50.3619,-24.9131],[-50.3233,-24.8924],[-50.3266,-24.8454],[-50.2955,-24.8195],[-50.3049,-24.7836],[-50.2463,-24.7652],[-50.1943,-24.7287],[-50.1584,-24.6914],[-50.19,-24.6533],[-50.1562,-24.6299],[-50.1676,-24.6109],[-50.1672,-24.5526],[-50.1348,-24.5411],[-50.0986,-24.5206],[-50.1029,-24.4905],[-50.1801,-24.4499],[-50.21,-24.4262],[-50.2462,-24.4197],[-50.3115,-24.3622],[-50.3592,-24.3758],[-50.372,-24.3992],[-50.4294,-24.4199],[-50.4813,-24.4705],[-50.5495,-24.41],[-50.5827,-24.4195],[-50.6049,-24.3947],[-50.6167,-24.416],[-50.6559,-24.4274],[-50.6551,-24.4531],[-50.6824,-24.5134],[-50.7199,-24.5599],[-50.7502,-24.589],[-50.7368,-24.621],[-50.7606,-24.6403],[-50.783,-24.6875],[-50.7691,-24.7091],[-50.7862,-24.7532],[-50.8108,-24.747],[-50.8355,-24.7824],[-50.8631,-24.7943],[-50.8759,-24.8319],[-50.8498,-24.8564]]]},"properties":{"code":"4127502","name":"Tibagi","state":"PR"}},{"type":"Feature","geometry":{"type":"Polygon","coordinates":[[[-48.9628,-25.8309],[-49.0028,-25.7955],[-49.07,-25.797],[-49.0877,-25.7444],[-49.147,-25.7525],[-49.1629,-25.8055],[-49.2078,-25.8251],[-49.2213,-25.8812],[-49.2576,-25.8951],[-49.2586,-25.9203],[-49.2939,-25.9236],[-49.3056,-25.9453],[-49.2932,-25.9682],[-49.2369,-25.9788],[-49.2345,-26.0307],[-49.1675,-26.0007],[-49.0738,-26.0011],[-49.043,-26.0045],[-49.0295,-26.0046],[-49.0202,-26.0157],[-48.9683,-25.9867],[-48.9545,-25.9654],[-48.9925,-25.9217],[-48.9749,-25.8897],[-48.9628,-25.8309]]]},"properties":{"code":"4127601","name":"Tijucas do Sul","state":"PR"}},{"type":"Feature","geometry":{"type":"Polygon","coordinates":[[[-53.7154,-24.5751],[-53.7695,-24.5504],[-53.8057,-24.5077],[-53.8125,-24.4829],[-53.8455,-24.4551],[-53.8817,-24.4675],[-53.8542,-24.5115],[-53.8924,-24.5275],[-53.9595,-24.5067],[-53.9176,-24.5755],[-53.9605,-24.6294],[-53.9609,-24.6502],[-54.0052,-24.6585],[-54.032,-24.6557],[-54.0294,-24.7408],[-53.9243,-24.7175],[-53.8541,-24.743],[-53.8081,-24.7695],[-53.787,-24.8279],[-53.8491,-24.8764],[-53.8192,-24.9146],[-53.7785,-24.9069],[-53.7418,-24.9346],[-53.6844,-24.9398],[-53.6366,-24.9339],[-53.625,-24.8709],[-53.6546,-24.8678],[-53.691,-24.8132],[-53.6842,-24.7799],[-53.5744,-24.8032],[-53.5371,-24.7468],[-53.596,-24.6895],[-53.7154,-24.5751]]]},"properties":{"code":"4127700","name":"Toledo","state":"PR"}},{"type":"Feature","geometry":{"type":"Polygon","coordinates":[[[-49.9027,-23.6005],[-49.9537,-23.5994],[-50.0243,-23.5667],[-50.0384,-23.5487],[-50.0828,-23.5371],[-50.0943,-23.5624],[-50.0872,-23.602],[-50.0492,-23.6513],[-50.0382,-23.6926],[-50.0069,-23.7195],[-50.02,-23.7381],[-50.0593,-23.8911],[-49.9731,-23.9021],[-49.9648,-23.8697],[-49.9235,-23.8438],[-49.8815,-23.8332],[-49.8256,-23.7656],[-49.8602,-23.7167],[-49.8504,-23.6926],[-49.8734,-23.6373],[-49.9027,-23.6005]]]},"properties":{"code":"4127809","name":"Tomazina","state":"PR"}},{"type":"Feature","geometry":{"type":"Polygon","coordinates":[[[-53.0826,-25.3537],[-53.1274,-25.3271],[-53.1821,-25.329],[-53.21,-25.3164],[-53.2412,-25.3306],[-53.27,-25.3741],[-53.312,-25.3671],[-53.332,-25.3637],[-53.3341,-25.3923],[-53.3647,-25.4522],[-53.344,-25.4798],[-53.3032,-25.4967],[-53.3289,-25.5391],[-53.2799,-25.544],[-53.2619,-25.5919],[-53.195,-25.5635],[-53.1888,-25.5157],[-53.1435,-25.5137],[-53.1154,-25.4796],[-53.1057,-25.3879],[-53.0826,-25.3537]]]},"properties":{"code":"4127858","name":"Três Barras do Paraná","state":"PR"}},{"type":"Feature","geometry":{"type":"Polygon","coordinates":[[[-49.1054,-24.8923],[-49.1233,-24.8975],[-49.0944,-25.0101],[-49.0929,-25.0382],[-49.054,-25.0509],[-49.0123,-25.037],[-48.9343,-25.0477],[-48.9269,-25.0343],[-48.826,-25.0307],[-48.7968,-25.0048],[-48.7601,-25.0011],[-48.7187,-24.9703],[-48.6847,-24.9681],[-48.6503,-24.944],[-48.6759,-24.9212],[-48.7121,-24.9164],[-48.7308,-24.8683],[-48.8325,-24.863],[-48.8516,-24.8273],[-48.9949,-24.9239],[-49.1054,-24.8923]]]},"properties":{"code":"4127882","name":"Tunas do Paraná","state":"PR"}},{"type":"Feature","geometry":{"type":"Polygon","coordinates":[[[-52.9638,-23.9649],[-52.9231,-23.988],[-52.8725,-23.9923],[-52.7821,-24.0115],[-52.7667,-24.0291],[-52.7522,-24.0242],[-52.7386,-23.9945],[-52.6954,-23.9512],[-52.7056,-23.9278],[-52.7423,-23.852],[-52.7244,-23.8257],[-52.7418,-23.6892],[-52.7706,-23.6985],[-52.8013,-23.7454],[-52.8362,-23.7789],[-52.9152,-23.8014],[-52.9596,-23.7855],[-53.0264,-23.8637],[-52.9638,-23.9649]]]},"properties":{"code":"4127908","name":"Tuneiras do Oeste","state":"PR"}},{"type":"Feature","geometry":{"type":"Polygon","coordinates":[[[-53.4382,-24.574],[-53.5481,-24.5326],[-53.5949,-24.6367],[-53.596,-24.6895],[-53.5371,-24.7468],[-53.457,-24.7437],[-53.4482,-24.6894],[-53.4265,-24.6417],[-53.4382,-24.574]]]},"properties":{"code":"4127957","name":"Tupãssi","state":"PR"}},{"type":"Feature","geometry":{"type":"Polygon","coordinates":[[[-51.2977,-25.0655],[-51.3294,-25.0166],[-51.3279,-24.948],[-51.3996,-24.9095],[-51.3715,-24.8741],[-51.3657,-24.8089],[-51.3162,-24.782],[-51.3328,-24.7596],[-51.3742,-24.7733],[-51.4101,-24.7563],[-51.4597,-24.837],[-51.4454,-24.8584],[-51.5191,-24.9435],[-51.5688,-24.9637],[-51.617,-24.9987],[-51.6591,-25.0135],[-51.6965,-25.0455],[-51.7495,-25.0422],[-51.7729,-25.0237],[-51.7747,-25.0544],[-51.7304,-25.08],[-51.7029,-25.0713],[-51.671,-25.094],[-51.651,-25.0927],[-51.6063,-25.1249],[-51.6213,-25.1591],[-51.559,-25.177],[-51.4536,-25.1421],[-51.4198,-25.1507],[-51.3864,-25.1133],[-51.2944,-25.1077],[-51.2977,-25.0655]]]},"properties":{"code":"4127965","name":"Turvo","state":"PR"}},{"type":"Feature","geometry":{"type":"Polygon","coordinates":[[[-52.873,-24.5112],[-52.8853,-24.4232],[-52.9752,-24.4126],[-52.975,-24.3468],[-53.0783,-24.3989],[-53.12,-24.4056],[-53.1593,-24.3947],[-53.152,-24.4173],[-53.1635,-24.4904],[-53.1792,-24.5206],[-53.1364,-24.5374],[-53.1071,-24.5696],[-53.0854,-24.6111],[-53.0438,-24.6103],[-53.0444,-24.6504],[-53.0248,-24.667],[-52.979,-24.6699],[-52.9446,-24.6317],[-52.9205,-24.5631],[-52.873,-24.5112]]]},"properties":{"code":"4128005","name":"Ubiratã","state":"PR"}},{"type":"Feature","geometry":{"type":"Polygon","coordinates":[[[-53.4996,-23.839],[-53.4628,-23.8575],[-53.3979,-23.825],[-53.3658,-23.8393],[-53.3158,-23.8332],[-53.2792,-23.8709],[-53.2369,-23.9345],[-53.2376,-23.9598],[-53.2074,-23.9203],[-53.2224,-23.8338],[-53.1863,-23.7777],[-53.1664,-23.7703],[-53.1855,-23.7255],[-53.1758,-23.7115],[-53.3364,-23.6527],[-53.3435,-23.6369],[-53.3107,-23.602],[-53.3228,-23.5455],[-53.3514,-23.5107],[-53.3518,-23.4846],[-53.3627,-23.4488],[-53.3833,-23.4557],[-53.3642,-23.5054],[-53.3672,-23.5504],[-53.4091,-23.5648],[-53.4139,-23.5171],[-53.4428,-23.5161],[-53.4547,-23.4723],[-53.5034,-23.4869],[-53.5319,-23.5358],[-53.664,-23.4556],[-53.6542,-23.4726],[-53.6637,-23.585],[-53.6512,-23.6189],[-53.657,-23.654],[-53.6342,-23.6514],[-53.5817,-23.6744],[-53.5391,-23.6819],[-53.4898,-23.6742],[-53.4609,-23.7146],[-53.4573,-23.7472],[-53.4965,-23.7707],[-53.536,-23.8196],[-53.4996,-23.839]]]},"properties":{"code":"4128104","name":"Umuarama","state":"PR"}},{"type":"Feature","geometry":{"type":"Polygon","coordinates":[[[-50.9375,-25.9406],[-50.957,-25.9551],[-51.0284,-25.9627],[-51.0426,-26.0021],[-51.0864,-26.0031],[-51.1227,-26.0307],[-51.1602,-26.0282],[-51.2199,-26.0435],[-51.2457,-26.098],[-51.2616,-26.1011],[-51.2813,-26.1412],[-51.2635,-26.1305],[-51.1807,-26.1679],[-51.1736,-26.1852],[-51.1295,-26.1917],[-51.1239,-26.2119],[-51.1553,-26.2368],[-51.2029,-26.2982],[-51.1484,-26.2788],[-51.1018,-26.2727],[-51.0774,-26.2312],[-51.0568,-26.2439],[-50.9915,-26.235],[-50.9934,-26.1874],[-50.9787,-26.1563],[-50.8975,-26.0572],[-50.9302,-26.0274],[-50.9528,-25.9766],[-50.9375,-25.9406]]]},"properties":{"code":"4128203","name":"União da Vitória","state":"PR"}},{"type":"Feature","geometry":{"type":"Polygon","coordinates":[[[-52.0369,-23.0221],[-52.0568,-23.0217],[-52.1629,-23.0664],[-52.1824,-23.0425],[-52.1862,-23.1072],[-52.1536,-23.104],[-52.0828,-23.0905],[-52.0275,-23.0596],[-52.0369,-23.0221]]]},"properties":{"code":"4128302","name":"Uniflor","state":"PR"}},{"type":"Feature","geometry":{"type":"Polygon","coordinates":[[[-50.9033,-23.1473],[-50.9003,-23.2825],[-50.8456,-23.2829],[-50.802,-23.3052],[-50.7608,-23.2875],[-50.7359,-23.2509],[-50.802,-23.1367],[-50.8427,-23.1103],[-50.8551,-23.1115],[-50.8714,-23.1468],[-50.9033,-23.1473]]]},"properties":{"code":"4128401","name":"Uraí","state":"PR"}},{"type":"Feature","geometry":{"type":"Polygon","coordinates":[[[-49.9235,-23.8438],[-49.8303,-23.9363],[-49.8293,-23.9789],[-49.793,-24.0038],[-49.7717,-24.0037],[-49.7192,-23.9673],[-49.7678,-23.917],[-49.7388,-23.8832],[-49.7066,-23.8738],[-49.6726,-23.8459],[-49.678,-23.8263],[-49.6965,-23.7427],[-49.7624,-23.7371],[-49.8256,-23.7656],[-49.8815,-23.8332],[-49.9235,-23.8438]]]},"properties":{"code":"4128500","name":"Wenceslau Braz","state":"PR"}},{"type":"Feature","geometry":{"type":"Polygon","coordinates":[[[-50.3592,-24.3758],[-50.3115,-24.3622],[-50.2462,-24.4197],[-50.21,-24.4262],[-50.1742,-24.4244],[-50.1411,-24.4005],[-50.152,-24.3596],[-50.1473,-24.3072],[-50.1694,-24.29],[-50.206,-24.2443],[-50.1847,-24.1728],[-50.1208,-24.143],[-50.0967,-24.1197],[-50.1075,-24.0769],[-50.1319,-24.0477],[-50.1818,-24.0289],[-50.2208,-23.9975],[-50.2325,-23.9713],[-50.2903,-23.959],[-50.289,-23.9882],[-50.31,-24.022],[-50.3363,-24.025],[-50.3444,-24.0668],[-50.3306,-24.1226],[-50.3599,-24.1688],[-50.3332,-24.2165],[-50.351,-24.2463],[-50.3002,-24.2657],[-50.2688,-24.2937],[-50.3592,-24.3758]]]},"properties":{"code":"4128534","name":"Ventania","state":"PR"}},{"type":"Feature","geometry":{"type":"Polygon","coordinates":[[[-53.954,-25.1031],[-53.8137,-25.0967],[-53.8113,-24.9766],[-53.8467,-24.9715],[-53.8961,-24.9842],[-53.9216,-24.9469],[-53.9104,-24.9085],[-53.9982,-24.9081],[-54.0446,-24.8907],[-54.0344,-24.9299],[-53.9655,-25.0765],[-53.954,-25.1031]]]},"properties":{"code":"4128559","name":"Vera Cruz do Oeste","state":"PR"}},{"type":"Feature","geometry":{"type":"Polygon","coordinates":[[[-52.9181,-25.9425],[-52.8872,-25.9497],[-52.8428,-25.9115],[-52.867,-25.8658],[-52.8538,-25.8313],[-52.8957,-25.8307],[-52.9051,-25.8051],[-52.9444,-25.7825],[-52.9787,-25.7817],[-52.9902,-25.8136],[-53.0262,-25.8581],[-53.0798,-25.8771],[-53.0721,-25.915],[-53.0955,-25.9498],[-53.0277,-25.9374],[-52.9961,-25.9489],[-52.9181,-25.9425]]]},"properties":{"code":"4128609","name":"Verê","state":"PR"}},{"type":"Feature","geometry":{"type":"Polygon","coordinates":[[[-54.0306,-23.6282],[-53.8804,-23.6642],[-53.8565,-23.6606],[-53.75,-23.6712],[-53.7179,-23.6744],[-53.657,-23.654],[-53.6512,-23.6189],[-53.6637,-23.585],[-53.6542,-23.4726],[-53.664,-23.4556],[-53.7622,-23.3593],[-53.9321,-23.4459],[-53.9602,-23.4434],[-53.9874,-23.4666],[-54.0306,-23.6282]]]},"properties":{"code":"4128625","name":"Alto Paraíso","state":"PR"}},{"type":"Feature","geometry":{"type":"Polygon","coordinates":[[[-49.5298,-24.7156],[-49.3941,-24.7294],[-49.3822,-24.7439],[-49.3173,-24.7648],[-49.2922,-24.783],[-49.2035,-24.7795],[-49.221,-24.7386],[-49.2079,-24.7009],[-49.2781,-24.693],[-49.312,-24.6635],[-49.3036,-24.5969],[-49.316,-24.5555],[-49.2799,-24.5359],[-49.2957,-24.5003],[-49.2453,-24.4651],[-49.2505,-24.4454],[-49.2524,-24.4339],[-49.2757,-24.4169],[-49.3468,-24.4585],[-49.3592,-24.4777],[-49.4912,-24.5518],[-49.5107,-24.6142],[-49.5392,-24.572],[-49.5736,-24.6137],[-49.5917,-24.6363],[-49.6415,-24.642],[-49.6204,-24.6827],[-49.5735,-24.668],[-49.5298,-24.7156]]]},"properties":{"code":"4128633","name":"Doutor Ulysses","state":"PR"}},{"type":"Feature","geometry":{"type":"Polygon","coordinates":[[[-52.1928,-25.4781],[-52.2053,-25.4562],[-52.1761,-25.4291],[-52.1723,-25.3652],[-52.2052,-25.3305],[-52.2201,-25.293],[-52.2189,-25.2556],[-52.2586,-25.2562],[-52.2562,-25.3102],[-52.2872,-25.3384],[-52.2897,-25.3772],[-52.2649,-25.473],[-52.2985,-25.484],[-52.2691,-25.4992],[-52.2748,-25.5767],[-52.2423,-25.5654],[-52.2174,-25.4849],[-52.1928,-25.4781]]]},"properties":{"code":"4128658","name":"Virmond","state":"PR"}},{"type":"Feature","geometry":{"type":"Polygon","coordinates":[[[-52.6609,-26.3014],[-52.6874,-26.269],[-52.73,-26.2748],[-52.7769,-26.2298],[-52.7993,-26.1635],[-52.82,-26.1467],[-52.8496,-26.1713],[-52.849,-26.2022],[-52.8788,-26.2419],[-52.9279,-26.2585],[-52.8979,-26.3057],[-52.9083,-26.3594],[-52.8469,-26.3444],[-52.7628,-26.3536],[-52.7378,-26.3422],[-52.7006,-26.358],[-52.685,-26.3017],[-52.6609,-26.3014]]]},"properties":{"code":"4128708","name":"Vitorino","state":"PR"}},{"type":"Feature","geometry":{"type":"Polygon","coordinates":[[[-53.536,-23.8196],[-53.4965,-23.7707],[-53.4573,-23.7472],[-53.4609,-23.7146],[-53.4898,-23.6742],[-53.5391,-23.6819],[-53.5817,-23.6744],[-53.6342,-23.6514],[-53.657,-23.654],[-53.7179,-23.6744],[-53.75,-23.6712],[-53.7238,-23.7097],[-53.7059,-23.737],[-53.6747,-23.7498],[-53.6366,-23.801],[-53.6185,-23.848],[-53.536,-23.8196]]]},"properties":{"code":"4128807","name":"Xambrê","state":"PR"}},{"type":"Feature","geometry":{"type":"Polygon","coordinates":[[[-51.1791,-27.5947],[-51.081,-27.6551],[-51.0475,-27.6402],[-50.9589,-27.6457],[-50.9916,-27.6192],[-50.9349,-27.5796],[-50.9601,-27.5552],[-50.9855,-27.5308],[-51.0189,-27.5301],[-51.0418,-27.5043],[-51.0729,-27.5113],[-51.1216,-27.5287],[-51.1435,-27.5777],[-51.1791,-27.5947]]]},"properties":{"code":"4200051","name":"Abdon Batista","state":"SC"}},{"type":"Feature","geometry":{"type":"Polygon","coordinates":[[[-52.3702,-26.6697],[-52.2813,-26.6438],[-52.2539,-26.6758],[-52.1862,-26.6694],[-52.1853,-26.7129],[-52.1231,-26.7248],[-52.1445,-26.6906],[-52.0672,-26.678],[-52.0291,-26.5469],[-52.0814,-26.5251],[-52.1116,-26.475],[-52.1588,-26.4662],[-52.1863,-26.4451],[-52.2298,-26.467],[-52.277,-26.4612],[-52.3044,-26.4407],[-52.3796,-26.4386],[-52.4031,-26.4282],[-52.4426,-26.4381],[-52.4787,-26.4627],[-52.48,-26.5336],[-52.4646,-26.5699],[-52.4181,-26.5873],[-52.3929,-26.6365],[-52.4109,-26.6652],[-52.3932,-26.6836],[-52.3702,-26.6697]]]},"properties":{"code":"4200101","name":"Abelardo Luz","state":"SC"}},{"type":"Feature","geometry":{"type":"Polygon","coordinates":[[[-49.9074,-27.4321],[-49.8937,-27.4902],[-49.8511,-27.5052],[-49.8284,-27.5442],[-49.7633,-27.581],[-49.7564,-27.5174],[-49.7866,-27.4981],[-49.7619,-27.4684],[-49.8168,-27.4746],[-49.792,-27.4242],[-49.7505,-27.396],[-49.7673,-27.3753],[-49.8414,-27.3491],[-49.8646,-27.3783],[-49.8754,-27.4101],[-49.9074,-27.4321]]]},"properties":{"code":"4200200","name":"Agrolândia","state":"SC"}},{"type":"Feature","geometry":{"type":"Polygon","coordinates":[[[-49.6595,-27.3884],[-49.6817,-27.2913],[-49.6908,-27.2449],[-49.7372,-27.2628],[-49.7783,-27.252],[-49.758,-27.2697],[-49.7673,-27.3753],[-49.7505,-27.396],[-49.6935,-27.3907],[-49.6595,-27.3884]]]},"properties":{"code":"4200309","name":"Agronômica","state":"SC"}},{"type":"Feature","geometry":{"type":"Polygon","coordinates":[[[-51.6002,-27.0516],[-51.5182,-27.0458],[-51.4567,-27.0698],[-51.4622,-27.0277],[-51.5071,-26.9614],[-51.5403,-26.9398],[-51.5299,-26.8795],[-51.5104,-26.8386],[-51.4365,-26.8558],[-51.4323,-26.8244],[-51.4697,-26.8025],[-51.4117,-26.7209],[-51.4115,-26.7171],[-51.4549,-26.6407],[-51.4954,-26.5874],[-51.5121,-26.5817],[-51.5356,-26.5918],[-51.6325,-26.5872],[-51.6585,-26.5654],[-51.6927,-26.5805],[-51.7376,-26.573],[-51.7839,-26.5881],[-51.824,-26.5819],[-51.8549,-26.673],[-51.8425,-26.7002],[-51.7815,-26.7071],[-51.7645,-26.7382],[-51.7836,-26.7595],[-51.7315,-26.7901],[-51.702,-26.792],[-51.7246,-26.8465],[-51.6958,-26.8511],[-51.6891,-26.9297],[-51.6332,-26.9432],[-51.6166,-26.9932],[-51.6186,-27.0409],[-51.6002,-27.0516]]]},"properties":{"code":"4200408","name":"Água Doce","state":"SC"}},{"type":"Feature","geometry":{"type":"Polygon","coordinates":[[[-52.9652,-26.9632],[-52.9512,-27.0029],[-52.982,-27.0361],[-52.9927,-27.0986],[-53.0178,-27.0931],[-53.0414,-27.1249],[-53.0262,-27.1586],[-52.9925,-27.14],[-52.9564,-27.1006],[-52.8984,-27.0862],[-52.9052,-26.9736],[-52.9343,-26.9483],[-52.9652,-26.9632]]]},"properties":{"code":"4200507","name":"Águas de Chapecó","state":"SC"}},{"type":"Feature","geometry":{"type":"Polygon","coordinates":[[[-52.9059,-26.8621],[-52.8453,-26.8929],[-52.7861,-26.8856],[-52.8048,-26.8307],[-52.8341,-26.8356],[-52.8719,-26.7978],[-52.919,-26.8464],[-52.9059,-26.8621]]]},"properties":{"code":"4200556","name":"Águas Frias","state":"SC"}},{"type":"Feature","geometry":{"type":"Polygon","coordinates":[[[-48.8824,-27.8151],[-48.8826,-27.7827],[-48.8594,-27.7554],[-48.8676,-27.7157],[-48.8254,-27.7164],[-48.8631,-27.6599],[-48.8445,-27.6252],[-48.9501,-27.6266],[-48.9699,-27.6345],[-48.9605,-27.6577],[-49.0068,-27.7013],[-49.031,-27.7738],[-49.0354,-27.8244],[-49.0165,-27.8665],[-48.9467,-27.8162],[-48.8824,-27.8151]]]},"properties":{"code":"4200606","name":"Águas Mornas","state":"SC"}},{"type":"Feature","geometry":{"type":"Polygon","coordinates":[[[-49.5066,-27.6007],[-49.5042,-27.6539],[-49.4581,-27.7107],[-49.4593,-27.7573],[-49.3775,-27.8145],[-49.3139,-27.8317],[-49.2807,-27.8734],[-49.1948,-27.8141],[-49.1936,-27.7867],[-49.1577,-27.7445],[-49.147,-27.6877],[-49.1649,-27.6622],[-49.2016,-27.6452],[-49.2557,-27.6547],[-49.3021,-27.6141],[-49.3006,-27.5844],[-49.3227,-27.5888],[-49.3545,-27.5627],[-49.4039,-27.5609],[-49.4294,-27.5837],[-49.4729,-27.5658],[-49.5066,-27.6007]]]},"properties":{"code":"4200705","name":"Alfredo Wagner","state":"SC"}},{"type":"Feature","geometry":{"type":"Polygon","coordinates":[[[-51.9834,-27.3751],[-51.9688,-27.4107],[-51.9358,-27.4287],[-51.9025,-27.4914],[-51.8582,-27.4751],[-51.87,-27.4496],[-51.8821,-27.4259],[-51.9154,-27.3897],[-51.9394,-27.3356],[-51.9834,-27.3751]]]},"properties":{"code":"4200754","name":"Alto Bela Vista","state":"SC"}},{"type":"Feature","geometry":{"type":"Polygon","coordinates":[[[-53.3915,-26.621],[-53.3448,-26.5853],[-53.2539,-26.5704],[-53.2387,-26.5433],[-53.2414,-26.4498],[-53.2834,-26.452],[-53.3606,-26.4879],[-53.3771,-26.5154],[-53.4072,-26.5184],[-53.4588,-26.5483],[-53.4245,-26.6035],[-53.3915,-26.621]]]},"properties":{"code":"4200804","name":"Anchieta","state":"SC"}},{"type":"Feature","geometry":{"type":"Polygon","coordinates":[[[-48.9195,-27.4616],[-48.9645,-27.4497],[-49.0134,-27.4771],[-49.0679,-27.4467],[-49.1218,-27.5004],[-49.1517,-27.4911],[-49.1821,-27.5032],[-49.2247,-27.4913],[-49.2459,-27.51],[-49.2628,-27.5719],[-49.2092,-27.6293],[-49.1824,-27.5909],[-49.0892,-27.5853],[-49.0647,-27.6489],[-49.0103,-27.6223],[-48.9699,-27.6345],[-48.9501,-27.6266],[-48.9206,-27.557],[-48.8977,-27.4781],[-48.9195,-27.4616]]]},"properties":{"code":"4200903","name":"Angelina","state":"SC"}},{"type":"Feature","geometry":{"type":"Polygon","coordinates":[[[-51.2733,-27.7355],[-51.272,-27.7517],[-51.1878,-27.7777],[-51.1346,-27.8037],[-51.0534,-27.8689],[-50.9889,-27.8191],[-50.9344,-27.8174],[-50.9602,-27.7566],[-50.9197,-27.7316],[-50.9102,-27.6808],[-50.9589,-27.6457],[-51.0475,-27.6402],[-51.081,-27.6551],[-51.1791,-27.5947],[-51.2152,-27.6187],[-51.1928,-27.6546],[-51.2226,-27.7232],[-51.2733,-27.7355]]]},"properties":{"code":"4201000","name":"Anita Garibaldi","state":"SC"}},{"type":"Feature","geometry":{"type":"Polygon","coordinates":[[[-49.3078,-27.941],[-49.1711,-27.9773],[-49.1035,-28.0065],[-49.052,-27.99],[-49.0159,-27.9092],[-49.0165,-27.8665],[-49.0354,-27.8244],[-49.031,-27.7738],[-49.0908,-27.751],[-49.1577,-27.7445],[-49.1936,-27.7867],[-49.1948,-27.8141],[-49.2807,-27.8734],[-49.2994,-27.9017],[-49.3078,-27.941]]]},"properties":{"code":"4201109","name":"Anitápolis","state":"SC"}},{"type":"Feature","geometry":{"type":"Polygon","coordinates":[[[-48.7231,-27.5371],[-48.7533,-27.4981],[-48.7451,-27.4779],[-48.8008,-27.4453],[-48.7997,-27.4028],[-48.8352,-27.3965],[-48.8839,-27.4326],[-48.9195,-27.4616],[-48.8977,-27.4781],[-48.9206,-27.557],[-48.8532,-27.5755],[-48.795,-27.5453],[-48.7275,-27.5535],[-48.7231,-27.5371]]]},"properties":{"code":"4201208","name":"Antônio Carlos","state":"SC"}},{"type":"Feature","geometry":{"type":"Polygon","coordinates":[[[-49.2205,-27.1635],[-49.2473,-27.1286],[-49.2644,-27.0628],[-49.2974,-27.0564],[-49.3176,-27.0218],[-49.3725,-26.988],[-49.3775,-27.0116],[-49.469,-27.0051],[-49.4731,-27.0885],[-49.4956,-27.0788],[-49.4674,-27.1051],[-49.4563,-27.1529],[-49.4616,-27.2312],[-49.4471,-27.2554],[-49.374,-27.2277],[-49.3434,-27.2386],[-49.3096,-27.2143],[-49.2482,-27.1982],[-49.2205,-27.1635]]]},"properties":{"code":"4201257","name":"Apiúna","state":"SC"}},{"type":"Feature","geometry":{"type":"Polygon","coordinates":[[[-52.0924,-27.1565],[-52.138,-27.1054],[-52.2007,-27.0942],[-52.2278,-27.0682],[-52.2526,-27.1316],[-52.2333,-27.1812],[-52.1927,-27.1996],[-52.1167,-27.1839],[-52.0924,-27.1565]]]},"properties":{"code":"4201273","name":"Arabutã","state":"SC"}},{"type":"Feature","geometry":{"type":"Polygon","coordinates":[[[-48.7412,-26.5598],[-48.7234,-26.5982],[-48.689,-26.5718],[-48.6648,-26.5809],[-48.6507,-26.5473],[-48.7096,-26.4309],[-48.6695,-26.4133],[-48.6625,-26.3608],[-48.7265,-26.3221],[-48.7399,-26.2864],[-48.7572,-26.2939],[-48.7237,-26.3429],[-48.765,-26.352],[-48.8074,-26.3758],[-48.8391,-26.4407],[-48.8762,-26.4515],[-48.906,-26.4965],[-48.8735,-26.5352],[-48.832,-26.5307],[-48.8071,-26.513],[-48.7515,-26.54],[-48.7412,-26.5598]]]},"properties":{"code":"4201307","name":"Araquari","state":"SC"}},{"type":"Feature","geometry":{"type":"Polygon","coordinates":[[[-49.5657,-29.059],[-49.5365,-29.0294],[-49.482,-28.9966],[-49.4094,-28.9418],[-49.3764,-28.9561],[-49.2901,-28.8832],[-49.3296,-28.8649],[-49.3515,-28.8552],[-49.3979,-28.8336],[-49.4327,-28.9093],[-49.4743,-28.8847],[-49.5136,-28.8918],[-49.5339,-28.9173],[-49.6056,-28.952],[-49.5803,-28.984],[-49.6234,-29.018],[-49.5657,-29.059]]]},"properties":{"code":"4201406","name":"Araranguá","state":"SC"}},{"type":"Feature","geometry":{"type":"Polygon","coordinates":[[[-49.0787,-28.2738],[-49.0364,-28.3042],[-48.9942,-28.301],[-48.9549,-28.3188],[-48.9558,-28.2691],[-48.9216,-28.235],[-48.9656,-28.237],[-48.973,-28.1854],[-49.0311,-28.1509],[-49.0773,-28.1901],[-49.0694,-28.2319],[-49.0787,-28.2738]]]},"properties":{"code":"4201505","name":"Armazém","state":"SC"}},{"type":"Feature","geometry":{"type":"Polygon","coordinates":[[[-51.3681,-26.8692],[-51.3635,-26.9399],[-51.4061,-26.9431],[-51.3943,-26.9702],[-51.3516,-26.9812],[-51.2829,-26.9235],[-51.2818,-26.8782],[-51.3249,-26.8659],[-51.3681,-26.8692]]]},"properties":{"code":"4201604","name":"Arroio Trinta","state":"SC"}},{"type":"Feature","geometry":{"type":"Polygon","coordinates":[[[-52.4893,-27.1142],[-52.4678,-27.1303],[-52.4327,-27.1141],[-52.4048,-27.119],[-52.3909,-27.0905],[-52.419,-27.0064],[-52.4527,-26.9951],[-52.4896,-27.091],[-52.5088,-27.0938],[-52.4893,-27.1142]]]},"properties":{"code":"4201653","name":"Arvoredo","state":"SC"}},{"type":"Feature","geometry":{"type":"Polygon","coordinates":[[[-49.469,-27.0051],[-49.3775,-27.0116],[-49.3725,-26.988],[-49.3176,-27.0218],[-49.3004,-26.9971],[-49.3158,-26.9593],[-49.3382,-26.9665],[-49.3904,-26.9308],[-49.4298,-26.9153],[-49.4653,-26.9401],[-49.469,-27.0051]]]},"properties":{"code":"4201703","name":"Ascurra","state":"SC"}},{"type":"Feature","geometry":{"type":"Polygon","coordinates":[[[-49.7505,-27.396],[-49.792,-27.4242],[-49.8168,-27.4746],[-49.7619,-27.4684],[-49.7473,-27.4766],[-49.6747,-27.4589],[-49.6935,-27.3907],[-49.7505,-27.396]]]},"properties":{"code":"4201802","name":"Atalanta","state":"SC"}},{"type":"Feature","geometry":{"type":"Polygon","coordinates":[[[-49.6595,-27.3884],[-49.5652,-27.3987],[-49.5029,-27.3424],[-49.4805,-27.3054],[-49.4916,-27.3008],[-49.5273,-27.272],[-49.5786,-27.2599],[-49.6203,-27.2848],[-49.6402,-27.2756],[-49.6817,-27.2913],[-49.6595,-27.3884]]]},"properties":{"code":"4201901","name":"Aurora","state":"SC"}},{"type":"Feature","geometry":{"type":"Polygon","coordinates":[[[-49.516,-29.0957],[-49.3764,-28.9561],[-49.4094,-28.9418],[-49.482,-28.9966],[-49.5365,-29.0294],[-49.5657,-29.059],[-49.516,-29.0957]]]},"properties":{"code":"4201950","name":"Balneário Arroio do Silva","state":"SC"}},{"type":"Feature","geometry":{"type":"Polygon","coordinates":[[[-48.6829,-26.9728],[-48.6263,-27.0183],[-48.6112,-27.0482],[-48.5891,-27.061],[-48.5707,-27.009],[-48.6137,-27.0051],[-48.6283,-26.9601],[-48.6829,-26.9728]]]},"properties":{"code":"4202008","name":"Balneário Camboriú","state":"SC"}},{"type":"Feature","geometry":{"type":"Polygon","coordinates":[[[-48.6507,-26.5473],[-48.5943,-26.4522],[-48.6257,-26.438],[-48.6193,-26.3986],[-48.6625,-26.3608],[-48.6695,-26.4133],[-48.7096,-26.4309],[-48.6507,-26.5473]]]},"properties":{"code":"4202057","name":"Balneário Barra do Sul","state":"SC"}},{"type":"Feature","geometry":{"type":"Polygon","coordinates":[[[-49.6451,-29.2384],[-49.516,-29.0957],[-49.5657,-29.059],[-49.5961,-29.0834],[-49.61,-29.1149],[-49.6563,-29.143],[-49.7121,-29.2058],[-49.6607,-29.2424],[-49.6451,-29.2384]]]},"properties":{"code":"4202073","name":"Balneário Gaivota","state":"SC"}},{"type":"Feature","geometry":{"type":"Polygon","coordinates":[[[-53.596,-26.688],[-53.642,-26.7167],[-53.6848,-26.72],[-53.7144,-26.7508],[-53.7175,-26.7823],[-53.6773,-26.8439],[-53.6616,-26.8169],[-53.6062,-26.8181],[-53.5871,-26.8017],[-53.596,-26.688]]]},"properties":{"code":"4202081","name":"Bandeirante","state":"SC"}},{"type":"Feature","geometry":{"type":"Polygon","coordinates":[[[-53.495,-26.6598],[-53.4237,-26.7279],[-53.3943,-26.7442],[-53.3831,-26.719],[-53.3941,-26.6626],[-53.3915,-26.621],[-53.4245,-26.6035],[-53.4475,-26.6344],[-53.495,-26.6598]]]},"properties":{"code":"4202099","name":"Barra Bonita","state":"SC"}},{"type":"Feature","geometry":{"type":"Polygon","coordinates":[[[-48.6819,-26.7184],[-48.6881,-26.6712],[-48.6648,-26.5809],[-48.689,-26.5718],[-48.7234,-26.5982],[-48.7412,-26.5598],[-48.7431,-26.6306],[-48.7537,-26.6592],[-48.8016,-26.6812],[-48.8007,-26.7132],[-48.7732,-26.7077],[-48.7568,-26.7406],[-48.6819,-26.7184]]]},"properties":{"code":"4202107","name":"Barra Velha","state":"SC"}},{"type":"Feature","geometry":{"type":"Polygon","coordinates":[[[-50.3999,-26.3446],[-50.4042,-26.2894],[-50.4355,-26.2367],[-50.4628,-26.2286],[-50.5367,-26.2538],[-50.5586,-26.2873],[-50.5536,-26.3213],[-50.5825,-26.3746],[-50.573,-26.4187],[-50.5343,-26.4778],[-50.5467,-26.4841],[-50.5315,-26.5488],[-50.5133,-26.5794],[-50.5294,-26.6086],[-50.4923,-26.6426],[-50.4359,-26.6152],[-50.4008,-26.5607],[-50.454,-26.5022],[-50.4174,-26.4112],[-50.423,-26.3783],[-50.3999,-26.3446]]]},"properties":{"code":"4202131","name":"Bela Vista do Toldo","state":"SC"}},{"type":"Feature","geometry":{"type":"Polygon","coordinates":[[[-53.6754,-26.8928],[-53.626,-26.8848],[-53.5757,-26.8957],[-53.5589,-26.8937],[-53.5459,-26.8345],[-53.6062,-26.8181],[-53.6616,-26.8169],[-53.6773,-26.8439],[-53.6754,-26.8928]]]},"properties":{"code":"4202156","name":"Belmonte","state":"SC"}},{"type":"Feature","geometry":{"type":"Polygon","coordinates":[[[-49.4298,-26.9153],[-49.4035,-26.8703],[-49.3301,-26.8078],[-49.335,-26.7461],[-49.3407,-26.7253],[-49.3994,-26.6705],[-49.4822,-26.6475],[-49.4884,-26.66],[-49.4749,-26.6976],[-49.4484,-26.7146],[-49.4536,-26.7659],[-49.5064,-26.7893],[-49.5486,-26.8567],[-49.5438,-26.892],[-49.4653,-26.9401],[-49.4298,-26.9153]]]},"properties":{"code":"4202206","name":"Benedito Novo","state":"SC"}},{"type":"Feature","geometry":{"type":"Polygon","coordinates":[[[-48.5849,-27.4548],[-48.6293,-27.4029],[-48.6271,-27.3249],[-48.6633,-27.3473],[-48.7054,-27.3548],[-48.7296,-27.3409],[-48.7936,-27.3532],[-48.8006,-27.3583],[-48.8352,-27.3965],[-48.7997,-27.4028],[-48.8008,-27.4453],[-48.7451,-27.4779],[-48.7533,-27.4981],[-48.7231,-27.5371],[-48.6789,-27.5228],[-48.6492,-27.5427],[-48.5762,-27.5172],[-48.5908,-27.4835],[-48.5849,-27.4548]]]},"properties":{"code":"4202305","name":"Biguaçu","state":"SC"}},{"type":"Feature","geometry":{"type":"Polygon","coordinates":[[[-49.0572,-27.0615],[-49.0575,-26.9547],[-49.0123,-26.9069],[-49.0442,-26.8778],[-49.0387,-26.8389],[-49.0504,-26.7886],[-49.0303,-26.7784],[-49.0362,-26.7725],[-49.0492,-26.7093],[-49.0251,-26.6853],[-49.0493,-26.6506],[-49.1018,-26.6596],[-49.1142,-26.6131],[-49.13,-26.6355],[-49.1331,-26.6943],[-49.1103,-26.7438],[-49.1277,-26.8326],[-49.198,-26.8363],[-49.1601,-26.8856],[-49.1629,-26.9904],[-49.1365,-27.0147],[-49.1312,-27.0683],[-49.1546,-27.1196],[-49.1385,-27.1325],[-49.0573,-27.0907],[-49.0572,-27.0615]]]},"properties":{"code":"4202404","name":"Blumenau","state":"SC"}},{"type":"Feature","geometry":{"type":"Polygon","coordinates":[[[-50.0666,-27.8112],[-50.0008,-27.7969],[-49.9591,-27.8477],[-49.9091,-27.8459],[-49.8694,-27.9005],[-49.8092,-27.8676],[-49.7783,-27.8038],[-49.7545,-27.7904],[-49.7991,-27.735],[-49.8059,-27.7053],[-49.8392,-27.678],[-49.8704,-27.6798],[-49.9018,-27.6531],[-49.9711,-27.6571],[-49.9997,-27.6407],[-50.0222,-27.6837],[-50.0313,-27.7567],[-50.0771,-27.7828],[-50.0666,-27.8112]]]},"properties":{"code":"4202438","name":"Bocaina do Sul","state":"SC"}},{"type":"Feature","geometry":{"type":"Polygon","coordinates":[[[-48.5784,-27.2115],[-48.5423,-27.1826],[-48.5142,-27.1842],[-48.4817,-27.1533],[-48.514,-27.1315],[-48.508,-27.1105],[-48.5411,-27.173],[-48.5757,-27.1862],[-48.5784,-27.2115]]]},"properties":{"code":"4202453","name":"Bombinhas","state":"SC"}},{"type":"Feature","geometry":{"type":"Polygon","coordinates":[[[-49.8163,-28.469],[-49.7909,-28.4964],[-49.7483,-28.494],[-49.7467,-28.5354],[-49.708,-28.5822],[-49.7031,-28.6289],[-49.6854,-28.6209],[-49.6468,-28.5897],[-49.6495,-28.5469],[-49.5695,-28.5026],[-49.5625,-28.4675],[-49.5353,-28.4361],[-49.5668,-28.4163],[-49.5583,-28.3719],[-49.523,-28.307],[-49.5413,-28.2351],[-49.5297,-28.1873],[-49.4746,-28.1258],[-49.5438,-28.1256],[-49.598,-28.1604],[-49.6342,-28.1595],[-49.6681,-28.1889],[-49.6719,-28.2309],[-49.7216,-28.2224],[-49.7732,-28.2763],[-49.7649,-28.3504],[-49.7813,-28.4299],[-49.806,-28.4214],[-49.8163,-28.469]]]},"properties":{"code":"4202503","name":"Bom Jardim da Serra","state":"SC"}},{"type":"Feature","geometry":{"type":"Polygon","coordinates":[[[-52.3932,-26.6836],[-52.4244,-26.7233],[-52.4079,-26.7436],[-52.4295,-26.7674],[-52.3552,-26.7848],[-52.3616,-26.7594],[-52.3538,-26.7233],[-52.3702,-26.6697],[-52.3932,-26.6836]]]},"properties":{"code":"4202537","name":"Bom Jesus","state":"SC"}},{"type":"Feature","geometry":{"type":"Polygon","coordinates":[[[-53.0696,-26.7369],[-53.0589,-26.7162],[-53.0758,-26.67],[-53.0634,-26.6436],[-53.1139,-26.6296],[-53.1366,-26.6396],[-53.1115,-26.6797],[-53.1284,-26.7206],[-53.1094,-26.7407],[-53.0696,-26.7369]]]},"properties":{"code":"4202578","name":"Bom Jesus do Oeste","state":"SC"}},{"type":"Feature","geometry":{"type":"Polygon","coordinates":[[[-49.6074,-27.9007],[-49.4658,-27.9277],[-49.4173,-27.9529],[-49.2994,-27.9017],[-49.2807,-27.8734],[-49.3139,-27.8317],[-49.3775,-27.8145],[-49.4593,-27.7573],[-49.4581,-27.7107],[-49.5042,-27.6539],[-49.5066,-27.6007],[-49.5558,-27.6174],[-49.6352,-27.6621],[-49.6205,-27.6188],[-49.6627,-27.6487],[-49.7137,-27.6443],[-49.7307,-27.6556],[-49.8392,-27.678],[-49.8059,-27.7053],[-49.7991,-27.735],[-49.7545,-27.7904],[-49.7783,-27.8038],[-49.7366,-27.8356],[-49.6867,-27.8334],[-49.6449,-27.8799],[-49.6074,-27.9007]]]},"properties":{"code":"4202602","name":"Bom Retiro","state":"SC"}},{"type":"Feature","geometry":{"type":"Polygon","coordinates":[[[-49.0174,-27.1647],[-49.0397,-27.1863],[-49.0803,-27.1746],[-49.1033,-27.1388],[-49.1385,-27.1325],[-49.1546,-27.1196],[-49.211,-27.1577],[-49.1914,-27.2036],[-49.2219,-27.2314],[-49.2477,-27.2793],[-49.2216,-27.3088],[-49.1222,-27.2756],[-49.0376,-27.2719],[-49.0193,-27.256],[-49.0073,-27.2008],[-49.0174,-27.1647]]]},"properties":{"code":"4202701","name":"Botuverá","state":"SC"}},{"type":"Feature","geometry":{"type":"Polygon","coordinates":[[[-49.2002,-28.2885],[-49.1244,-28.3189],[-49.1051,-28.3586],[-49.0787,-28.2738],[-49.0694,-28.2319],[-49.0773,-28.1901],[-49.1701,-28.1503],[-49.1988,-28.1545],[-49.1887,-28.1783],[-49.1982,-28.2277],[-49.2756,-28.2479],[-49.2324,-28.2563],[-49.2002,-28.2885]]]},"properties":{"code":"4202800","name":"Braço do Norte","state":"SC"}},{"type":"Feature","geometry":{"type":"Polygon","coordinates":[[[-49.9567,-27.4017],[-49.9074,-27.4321],[-49.8754,-27.4101],[-49.8646,-27.3783],[-49.8722,-27.3508],[-49.8486,-27.3269],[-49.8854,-27.3062],[-49.9312,-27.3238],[-49.9321,-27.3703],[-49.9567,-27.4017]]]},"properties":{"code":"4202859","name":"Braço do Trombudo","state":"SC"}},{"type":"Feature","geometry":{"type":"Polygon","coordinates":[[[-50.9603,-27.3793],[-50.9039,-27.3816],[-50.8981,-27.4143],[-50.823,-27.4516],[-50.7877,-27.4597],[-50.7541,-27.4223],[-50.7654,-27.3057],[-50.7776,-27.2668],[-50.8207,-27.2295],[-50.8539,-27.2474],[-50.9332,-27.2923],[-50.9389,-27.3315],[-50.9703,-27.3371],[-50.9603,-27.3793]]]},"properties":{"code":"4202875","name":"Brunópolis","state":"SC"}},{"type":"Feature","geometry":{"type":"Polygon","coordinates":[[[-48.8658,-27.0034],[-48.9345,-27.0279],[-48.9495,-27.0963],[-49.0174,-27.1647],[-49.0073,-27.2008],[-49.0193,-27.256],[-48.9898,-27.2486],[-48.8945,-27.1841],[-48.8819,-27.1845],[-48.8124,-27.1346],[-48.7891,-27.0971],[-48.8439,-27.0677],[-48.8627,-27.0437],[-48.8658,-27.0034]]]},"properties":{"code":"4202909","name":"Brusque","state":"SC"}},{"type":"Feature","geometry":{"type":"Polygon","coordinates":[[[-51.1922,-26.8513],[-51.1839,-26.8332],[-51.0497,-26.843],[-51.0392,-26.8672],[-50.9825,-26.8699],[-50.9738,-26.8935],[-50.846,-26.8729],[-50.8001,-26.7685],[-50.8502,-26.7478],[-50.909,-26.6968],[-50.9266,-26.6706],[-50.9957,-26.6547],[-51.051,-26.7],[-51.0914,-26.6956],[-51.1285,-26.7079],[-51.1705,-26.678],[-51.2326,-26.6687],[-51.2389,-26.6279],[-51.2834,-26.6536],[-51.347,-26.6486],[-51.3911,-26.6632],[-51.4115,-26.7171],[-51.4117,-26.7209],[-51.3792,-26.7369],[-51.3391,-26.7342],[-51.2554,-26.7739],[-51.2361,-26.8228],[-51.2754,-26.8494],[-51.2844,-26.8738],[-51.2468,-26.8847],[-51.1922,-26.8513]]]},"properties":{"code":"4203006","name":"Caçador","state":"SC"}},{"type":"Feature","geometry":{"type":"Polygon","coordinates":[[[-53.2962,-27.1324],[-53.2549,-27.0913],[-53.2319,-27.0841],[-53.1909,-26.9511],[-53.285,-26.9236],[-53.2914,-26.9284],[-53.2955,-26.9623],[-53.2867,-27.0457],[-53.33,-27.0889],[-53.3554,-27.1113],[-53.2962,-27.1324]]]},"properties":{"code":"4203105","name":"Caibi","state":"SC"}},{"type":"Feature","geometry":{"type":"Polygon","coordinates":[[[-51.2389,-26.6279],[-51.2326,-26.6687],[-51.1705,-26.678],[-51.1285,-26.7079],[-51.0914,-26.6956],[-51.051,-26.7],[-50.9957,-26.6547],[-50.9266,-26.6706],[-50.909,-26.6968],[-50.8502,-26.7478],[-50.8001,-26.7685],[-50.8283,-26.7229],[-50.8302,-26.6959],[-50.8066,-26.6552],[-50.856,-26.5606],[-50.9425,-26.5503],[-51.0096,-26.4938],[-51.0757,-26.5146],[-51.1055,-26.5585],[-51.1374,-26.5673],[-51.142,-26.6017],[-51.2221,-26.5937],[-51.2389,-26.6279]]]},"properties":{"code":"4203154","name":"Calmon","state":"SC"}},{"type":"Feature","geometry":{"type":"Polygon","coordinates":[[[-48.6112,-27.0482],[-48.6263,-27.0183],[-48.6829,-26.9728],[-48.7219,-27.0148],[-48.748,-27.0233],[-48.7891,-27.0971],[-48.8124,-27.1346],[-48.7994,-27.1551],[-48.69,-27.1414],[-48.661,-27.1253],[-48.6792,-27.1001],[-48.6152,-27.0668],[-48.6112,-27.0482]]]},"properties":{"code":"4203204","name":"Camboriú","state":"SC"}},{"type":"Feature","geometry":{"type":"Polygon","coordinates":[[[-50.6051,-27.8329],[-50.6465,-27.9145],[-50.6242,-27.9299],[-50.6548,-27.9859],[-50.7118,-27.9975],[-50.7424,-28.0303],[-50.7782,-28.0276],[-50.8049,-28.0432],[-50.8753,-28.0413],[-50.8994,-28.0897],[-50.8759,-28.0951],[-50.859,-28.1397],[-50.7941,-28.1386],[-50.7612,-28.195],[-50.7491,-28.2485],[-50.6956,-28.2699],[-50.6531,-28.2929],[-50.6148,-28.2842],[-50.5188,-28.2196],[-50.5095,-28.1907],[-50.5249,-28.1383],[-50.4732,-28.0835],[-50.4478,-28.0816],[-50.3899,-28.0194],[-50.4139,-28.0059],[-50.3743,-27.9656],[-50.3661,-27.9307],[-50.3824,-27.8803],[-50.4674,-27.8558],[-50.5165,-27.8732],[-50.5441,-27.8693],[-50.6051,-27.8329]]]},"properties":{"code":"4203253","name":"Capão Alto","state":"SC"}},{"type":"Feature","geometry":{"type":"Polygon","coordinates":[[[-49.2026,-26.2202],[-49.1683,-26.1881],[-49.1891,-26.1454],[-49.1589,-26.1144],[-49.0733,-26.0749],[-49.0569,-26.076],[-49.052,-26.028],[-49.0301,-26.0101],[-49.0035,-26.026],[-48.9561,-26.0188],[-48.9504,-25.99],[-48.9683,-25.9867],[-49.0202,-26.0157],[-49.0295,-26.0046],[-49.043,-26.0045],[-49.0738,-26.0011],[-49.1675,-26.0007],[-49.2345,-26.0307],[-49.3002,-26.1113],[-49.3217,-26.11],[-49.3608,-26.1374],[-49.3807,-26.1567],[-49.4292,-26.17],[-49.3898,-26.1995],[-49.3439,-26.1922],[-49.3259,-26.2219],[-49.2525,-26.2685],[-49.2026,-26.2202]]]},"properties":{"code":"4203303","name":"Campo Alegre","state":"SC"}},{"type":"Feature","geometry":{"type":"Polygon","coordinates":[[[-50.6395,-27.7144],[-50.6771,-27.7153],[-50.7448,-27.6485],[-50.8161,-27.6192],[-50.8539,-27.5935],[-50.875,-27.6022],[-50.8471,-27.6938],[-50.8417,-27.7521],[-50.8632,-27.8021],[-50.8899,-27.8951],[-50.9271,-27.904],[-50.9283,-27.9298],[-50.9784,-27.9482],[-50.924,-27.9717],[-50.9232,-28.012],[-50.8753,-28.0413],[-50.8049,-28.0432],[-50.7782,-28.0276],[-50.7424,-28.0303],[-50.7118,-27.9975],[-50.6548,-27.9859],[-50.6242,-27.9299],[-50.6465,-27.9145],[-50.6051,-27.8329],[-50.6085,-27.795],[-50.6303,-27.7861],[-50.6395,-27.7144]]]},"properties":{"code":"4203402","name":"Campo Belo do Sul","state":"SC"}},{"type":"Feature","geometry":{"type":"Polygon","coordinates":[[[-53.028,-26.3702],[-53.0932,-26.392],[-53.1602,-26.3506],[-53.1915,-26.3694],[-53.252,-26.3777],[-53.2914,-26.4321],[-53.2834,-26.452],[-53.2414,-26.4498],[-53.2387,-26.5433],[-53.2226,-26.5791],[-53.1799,-26.531],[-53.1467,-26.5284],[-53.1233,-26.5734],[-53.0188,-26.5315],[-53.0655,-26.485],[-53.0259,-26.4067],[-52.9676,-26.4408],[-52.9526,-26.3793],[-52.9377,-26.3622],[-52.9935,-26.3477],[-53.028,-26.3702]]]},"properties":{"code":"4203501","name":"Campo Erê","state":"SC"}},{"type":"Feature","geometry":{"type":"Polygon","coordinates":[[[-51.0729,-27.5113],[-51.0482,-27.4936],[-51.0704,-27.4431],[-51.0689,-27.4053],[-51.028,-27.3894],[-50.9797,-27.3979],[-50.9603,-27.3793],[-50.9703,-27.3371],[-50.9389,-27.3315],[-50.9332,-27.2923],[-50.8539,-27.2474],[-50.8931,-27.2328],[-50.9108,-27.2074],[-50.9892,-27.2501],[-51.0363,-27.2334],[-51.0656,-27.2521],[-51.1126,-27.239],[-51.158,-27.2874],[-51.2101,-27.26],[-51.2213,-27.236],[-51.2808,-27.2129],[-51.3259,-27.2612],[-51.3005,-27.2926],[-51.3318,-27.3414],[-51.4121,-27.3293],[-51.4379,-27.3161],[-51.4588,-27.3437],[-51.5144,-27.3165],[-51.5396,-27.2825],[-51.5953,-27.2983],[-51.5922,-27.3325],[-51.5649,-27.3287],[-51.5327,-27.377],[-51.5538,-27.3988],[-51.5285,-27.3896],[-51.4653,-27.395],[-51.4725,-27.426],[-51.4405,-27.4356],[-51.4485,-27.4651],[-51.4969,-27.4841],[-51.5063,-27.5275],[-51.5476,-27.5591],[-51.4833,-27.5632],[-51.4573,-27.6075],[-51.4077,-27.5943],[-51.315,-27.6016],[-51.2856,-27.6299],[-51.2152,-27.6187],[-51.1791,-27.5947],[-51.1435,-27.5777],[-51.1216,-27.5287],[-51.0729,-27.5113]]]},"properties":{"code":"4203600","name":"Campos Novos","state":"SC"}},{"type":"Feature","geometry":{"type":"Polygon","coordinates":[[[-48.7936,-27.3532],[-48.7444,-27.3066],[-48.7355,-27.2687],[-48.7489,-27.2348],[-48.8043,-27.1895],[-48.7994,-27.1551],[-48.8124,-27.1346],[-48.8819,-27.1845],[-48.8654,-27.2197],[-48.8381,-27.229],[-48.7942,-27.2858],[-48.8006,-27.3583],[-48.7936,-27.3532]]]},"properties":{"code":"4203709","name":"Canelinha","state":"SC"}},{"type":"Feature","geometry":{"type":"Polygon","coordinates":[[[-50.2961,-26.287],[-50.3254,-26.252],[-50.3247,-26.2074],[-50.3559,-26.2032],[-50.3604,-26.1586],[-50.3887,-26.1509],[-50.3657,-26.1121],[-50.3717,-26.0792],[-50.4295,-26.063],[-50.4609,-26.0263],[-50.5133,-26.0261],[-50.5509,-26.0383],[-50.5535,-26.0594],[-50.5948,-26.0704],[-50.6285,-26.0628],[-50.6562,-26.1008],[-50.6502,-26.1325],[-50.6828,-26.1536],[-50.6975,-26.1818],[-50.7033,-26.188],[-50.6718,-26.2436],[-50.679,-26.2778],[-50.6458,-26.3298],[-50.6392,-26.3775],[-50.6988,-26.5003],[-50.6445,-26.511],[-50.5639,-26.6095],[-50.5294,-26.6086],[-50.5133,-26.5794],[-50.5315,-26.5488],[-50.5467,-26.4841],[-50.5343,-26.4778],[-50.573,-26.4187],[-50.5825,-26.3746],[-50.5536,-26.3213],[-50.5586,-26.2873],[-50.5367,-26.2538],[-50.4628,-26.2286],[-50.4355,-26.2367],[-50.4042,-26.2894],[-50.3999,-26.3446],[-50.3709,-26.3346],[-50.3245,-26.296],[-50.2961,-26.287]]]},"properties":{"code":"4203808","name":"Canoinhas","state":"SC"}},{"type":"Feature","geometry":{"type":"Polygon","coordinates":[[[-51.6326,-27.4886],[-51.5598,-27.458],[-51.5538,-27.3988],[-51.5327,-27.377],[-51.5649,-27.3287],[-51.5922,-27.3325],[-51.627,-27.3518],[-51.6921,-27.3689],[-51.7297,-27.3567],[-51.7329,-27.3921],[-51.6856,-27.4321],[-51.7012,-27.4798],[-51.6474,-27.5163],[-51.6326,-27.4886]]]},"properties":{"code":"4203907","name":"Capinzal","state":"SC"}},{"type":"Feature","geometry":{"type":"Polygon","coordinates":[[[-48.979,-28.422],[-48.9814,-28.4627],[-48.9234,-28.5127],[-48.9141,-28.4672],[-48.9402,-28.4117],[-48.9372,-28.3836],[-48.979,-28.422]]]},"properties":{"code":"4203956","name":"Capivari de Baixo","state":"SC"}},{"type":"Feature","geometry":{"type":"Polygon","coordinates":[[[-51.6765,-27.1166],[-51.6609,-27.1126],[-51.6186,-27.0409],[-51.6166,-26.9932],[-51.6332,-26.9432],[-51.6806,-26.9579],[-51.7006,-27.0047],[-51.7334,-27.0397],[-51.7866,-27.0515],[-51.8023,-27.0404],[-51.8313,-27.0858],[-51.7582,-27.0875],[-51.7239,-27.1118],[-51.6765,-27.1166]]]},"properties":{"code":"4204004","name":"Catanduvas","state":"SC"}},{"type":"Feature","geometry":{"type":"Polygon","coordinates":[[[-52.852,-27.1125],[-52.8984,-27.0862],[-52.9564,-27.1006],[-52.9925,-27.14],[-52.9851,-27.1705],[-53.0,-27.2067],[-52.9712,-27.2178],[-52.9567,-27.1633],[-52.9293,-27.2041],[-52.8513,-27.1703],[-52.8385,-27.1575],[-52.852,-27.1125]]]},"properties":{"code":"4204103","name":"Caxambu do Sul","state":"SC"}},{"type":"Feature","geometry":{"type":"Polygon","coordinates":[[[-51.4573,-27.6075],[-51.4192,-27.6546],[-51.3779,-27.66],[-51.3601,-27.6788],[-51.3151,-27.6751],[-51.3088,-27.7195],[-51.2733,-27.7355],[-51.2226,-27.7232],[-51.1928,-27.6546],[-51.2152,-27.6187],[-51.2856,-27.6299],[-51.315,-27.6016],[-51.4077,-27.5943],[-51.4573,-27.6075]]]},"properties":{"code":"4204152","name":"Celso Ramos","state":"SC"}},{"type":"Feature","geometry":{"type":"Polygon","coordinates":[[[-50.9589,-27.6457],[-50.9102,-27.6808],[-50.9197,-27.7316],[-50.9602,-27.7566],[-50.9344,-27.8174],[-50.9889,-27.8191],[-51.0534,-27.8689],[-51.0567,-27.8868],[-51.0199,-27.9225],[-51.0015,-27.9632],[-50.9784,-27.9482],[-50.9283,-27.9298],[-50.9271,-27.904],[-50.8899,-27.8951],[-50.8632,-27.8021],[-50.8417,-27.7521],[-50.8471,-27.6938],[-50.875,-27.6022],[-50.9013,-27.5733],[-50.9349,-27.5796],[-50.9916,-27.6192],[-50.9589,-27.6457]]]},"properties":{"code":"4204178","name":"Cerro Negro","state":"SC"}},{"type":"Feature","geometry":{"type":"Polygon","coordinates":[[[-49.5916,-27.5714],[-49.6127,-27.5833],[-49.6205,-27.6188],[-49.6352,-27.6621],[-49.5558,-27.6174],[-49.5066,-27.6007],[-49.4729,-27.5658],[-49.4923,-27.5345],[-49.5464,-27.5118],[-49.5916,-27.5714]]]},"properties":{"code":"4204194","name":"Chapadão do Lageado","state":"SC"}},{"type":"Feature","geometry":{"type":"Polygon","coordinates":[[[-52.5864,-27.0306],[-52.6102,-27.0355],[-52.6422,-26.9933],[-52.6906,-26.9928],[-52.7168,-26.9735],[-52.7577,-26.9419],[-52.7688,-26.9947],[-52.8405,-27.018],[-52.8396,-27.0441],[-52.7793,-27.0531],[-52.7598,-27.0143],[-52.7219,-27.04],[-52.7321,-27.0843],[-52.7075,-27.0961],[-52.7222,-27.1532],[-52.7855,-27.206],[-52.7605,-27.2132],[-52.763,-27.2492],[-52.7138,-27.2377],[-52.6915,-27.2844],[-52.6764,-27.2457],[-52.6179,-27.2657],[-52.5446,-27.2406],[-52.5073,-27.1595],[-52.4893,-27.1142],[-52.5088,-27.0938],[-52.5517,-27.0713],[-52.5864,-27.0306]]]},"properties":{"code":"4204202","name":"Chapecó","state":"SC"}},{"type":"Feature","geometry":{"type":"Polygon","coordinates":[[[-49.2529,-28.5887],[-49.3504,-28.5624],[-49.3858,-28.5798],[-49.4015,-28.6006],[-49.3693,-28.6342],[-49.3588,-28.6366],[-49.2919,-28.6213],[-49.2453,-28.5906],[-49.2529,-28.5887]]]},"properties":{"code":"4204251","name":"Cocal do Sul","state":"SC"}},{"type":"Feature","geometry":{"type":"Polygon","coordinates":[[[-52.049,-27.3463],[-51.9834,-27.3751],[-51.9394,-27.3356],[-51.9036,-27.3005],[-51.8586,-27.3194],[-51.8224,-27.2965],[-51.7984,-27.2913],[-51.7903,-27.2589],[-51.8332,-27.234],[-51.8147,-27.1877],[-51.8261,-27.1597],[-51.8748,-27.1216],[-51.9026,-27.1292],[-51.9719,-27.1087],[-51.9938,-27.1188],[-52.0464,-27.1405],[-52.0924,-27.1565],[-52.1167,-27.1839],[-52.1927,-27.1996],[-52.2354,-27.2513],[-52.2613,-27.2569],[-52.268,-27.2832],[-52.2248,-27.3306],[-52.1263,-27.3025],[-52.1071,-27.3434],[-52.049,-27.3463]]]},"properties":{"code":"4204301","name":"Concórdia","state":"SC"}},{"type":"Feature","geometry":{"type":"Polygon","coordinates":[[[-52.7168,-26.9735],[-52.6906,-26.9928],[-52.6422,-26.9933],[-52.6102,-27.0355],[-52.5864,-27.0306],[-52.5847,-26.9738],[-52.6149,-26.9339],[-52.632,-26.9508],[-52.6651,-26.922],[-52.7168,-26.9735]]]},"properties":{"code":"4204350","name":"Cordilheira Alta","state":"SC"}},{"type":"Feature","geometry":{"type":"Polygon","coordinates":[[[-52.7169,-26.8036],[-52.764,-26.819],[-52.7917,-26.7892],[-52.8048,-26.8307],[-52.7861,-26.8856],[-52.8453,-26.8929],[-52.8573,-26.9167],[-52.8065,-26.9004],[-52.7577,-26.9419],[-52.7168,-26.9735],[-52.6651,-26.922],[-52.632,-26.9508],[-52.6149,-26.9339],[-52.6276,-26.922],[-52.6208,-26.8648],[-52.6563,-26.8536],[-52.7169,-26.8036]]]},"properties":{"code":"4204400","name":"Coronel Freitas","state":"SC"}},{"type":"Feature","geometry":{"type":"Polygon","coordinates":[[[-52.6106,-26.4898],[-52.6621,-26.4833],[-52.6908,-26.4996],[-52.745,-26.5059],[-52.7071,-26.5835],[-52.6717,-26.6015],[-52.6494,-26.5699],[-52.6075,-26.5406],[-52.6106,-26.4898]]]},"properties":{"code":"4204459","name":"Coronel Martins","state":"SC"}},{"type":"Feature","geometry":{"type":"Polygon","coordinates":[[[-49.1689,-26.308],[-49.1867,-26.3451],[-49.1759,-26.3656],[-49.231,-26.3971],[-49.2905,-26.3708],[-49.3403,-26.3786],[-49.4029,-26.3494],[-49.4335,-26.3688],[-49.4457,-26.427],[-49.4836,-26.42],[-49.4921,-26.4398],[-49.4414,-26.489],[-49.4172,-26.5101],[-49.3771,-26.4885],[-49.3321,-26.5386],[-49.2914,-26.5471],[-49.2535,-26.5059],[-49.2132,-26.4861],[-49.188,-26.3901],[-49.1671,-26.3804],[-49.1689,-26.308]]]},"properties":{"code":"4204509","name":"Corupá","state":"SC"}},{"type":"Feature","geometry":{"type":"Polygon","coordinates":[[[-50.39,-27.73],[-50.309,-27.7486],[-50.2731,-27.6759],[-50.1943,-27.6327],[-50.1911,-27.5936],[-50.224,-27.5321],[-50.2697,-27.525],[-50.3258,-27.5261],[-50.3952,-27.5467],[-50.3764,-27.5019],[-50.4019,-27.4754],[-50.4597,-27.4933],[-50.4868,-27.4586],[-50.514,-27.457],[-50.5693,-27.5041],[-50.5282,-27.5622],[-50.5058,-27.62],[-50.4659,-27.6659],[-50.4257,-27.6765],[-50.39,-27.73]]]},"properties":{"code":"4204558","name":"Correia Pinto","state":"SC"}},{"type":"Feature","geometry":{"type":"Polygon","coordinates":[[[-49.3979,-28.8336],[-49.3515,-28.8552],[-49.3571,-28.7553],[-49.3355,-28.7544],[-49.3326,-28.6792],[-49.2436,-28.6746],[-49.2937,-28.6384],[-49.3588,-28.6366],[-49.3693,-28.6342],[-49.4517,-28.6339],[-49.4765,-28.7127],[-49.4232,-28.7129],[-49.4067,-28.7378],[-49.4333,-28.7577],[-49.4249,-28.8145],[-49.3979,-28.8336]]]},"properties":{"code":"4204608","name":"Criciúma","state":"SC"}},{"type":"Feature","geometry":{"type":"Polygon","coordinates":[[[-53.285,-26.9236],[-53.1909,-26.9511],[-53.1431,-26.9438],[-53.1118,-26.9245],[-53.1281,-26.8421],[-53.1158,-26.8153],[-53.1207,-26.8086],[-53.1965,-26.8015],[-53.2412,-26.8133],[-53.2951,-26.8972],[-53.285,-26.9236]]]},"properties":{"code":"4204707","name":"Cunha Porã","state":"SC"}},{"type":"Feature","geometry":{"type":"Polygon","coordinates":[[[-53.108,-27.0312],[-53.0905,-26.9913],[-53.0466,-26.9678],[-53.1118,-26.9245],[-53.1431,-26.9438],[-53.1343,-26.9947],[-53.108,-27.0312]]]},"properties":{"code":"4204756","name":"Cunhataí","state":"SC"}},{"type":"Feature","geometry":{"type":"Polygon","coordinates":[[[-50.7541,-27.4223],[-50.7153,-27.451],[-50.6909,-27.426],[-50.6649,-27.4645],[-50.6341,-27.4542],[-50.5637,-27.4699],[-50.5693,-27.5041],[-50.514,-27.457],[-50.4868,-27.4586],[-50.4814,-27.4025],[-50.4637,-27.3669],[-50.4628,-27.3288],[-50.4918,-27.3095],[-50.508,-27.2586],[-50.5018,-27.2184],[-50.6097,-27.1909],[-50.5928,-27.1403],[-50.5412,-27.1461],[-50.5263,-27.12],[-50.53,-27.0902],[-50.5645,-27.0572],[-50.5975,-27.0506],[-50.6579,-27.0869],[-50.7078,-27.1008],[-50.6992,-27.1368],[-50.6812,-27.1568],[-50.7023,-27.189],[-50.7305,-27.2028],[-50.7654,-27.3057],[-50.7541,-27.4223]]]},"properties":{"code":"4204806","name":"Curitibanos","state":"SC"}},{"type":"Feature","geometry":{"type":"Polygon","coordinates":[[[-53.536,-26.9458],[-53.5134,-26.9361],[-53.4109,-26.9517],[-53.4081,-26.8885],[-53.4158,-26.8628],[-53.3847,-26.8327],[-53.3956,-26.807],[-53.389,-26.7707],[-53.5057,-26.7757],[-53.5089,-26.7997],[-53.5871,-26.8017],[-53.6062,-26.8181],[-53.5459,-26.8345],[-53.5589,-26.8937],[-53.5757,-26.8957],[-53.536,-26.9458]]]},"properties":{"code":"4204905","name":"Descanso","state":"SC"}},{"type":"Feature","geometry":{"type":"Polygon","coordinates":[[[-53.4309,-26.2821],[-53.4958,-26.3028],[-53.5573,-26.2871],[-53.5843,-26.2591],[-53.639,-26.2508],[-53.6444,-26.282],[-53.6859,-26.3357],[-53.7073,-26.3954],[-53.6888,-26.4286],[-53.6668,-26.4256],[-53.6043,-26.3764],[-53.5833,-26.4131],[-53.5604,-26.375],[-53.3943,-26.3661],[-53.343,-26.2972],[-53.3423,-26.2491],[-53.3761,-26.2416],[-53.4304,-26.2819],[-53.4309,-26.2821]]]},"properties":{"code":"4205001","name":"Dionísio Cerqueira","state":"SC"}},{"type":"Feature","geometry":{"type":"Polygon","coordinates":[[[-49.845,-27.0236],[-49.773,-27.026],[-49.6971,-27.0432],[-49.7089,-27.0161],[-49.6835,-26.9837],[-49.6902,-26.9247],[-49.709,-26.918],[-49.7308,-26.9605],[-49.8334,-26.9482],[-49.9112,-26.9629],[-49.8962,-26.997],[-49.876,-27.0207],[-49.845,-27.0236]]]},"properties":{"code":"4205100","name":"Dona Emma","state":"SC"}},{"type":"Feature","geometry":{"type":"Polygon","coordinates":[[[-49.6811,-26.7029],[-49.6449,-26.7786],[-49.5654,-26.7858],[-49.5486,-26.8567],[-49.5064,-26.7893],[-49.4536,-26.7659],[-49.4484,-26.7146],[-49.4749,-26.6976],[-49.4884,-26.66],[-49.5079,-26.5981],[-49.5313,-26.5651],[-49.5646,-26.566],[-49.5802,-26.5797],[-49.586,-26.6249],[-49.6158,-26.6392],[-49.6223,-26.7045],[-49.6521,-26.6932],[-49.6811,-26.7029]]]},"properties":{"code":"4205159","name":"Doutor Pedrinho","state":"SC"}},{"type":"Feature","geometry":{"type":"Polygon","coordinates":[[[-52.5348,-26.809],[-52.5346,-26.7114],[-52.563,-26.6718],[-52.6074,-26.6749],[-52.5979,-26.7192],[-52.6454,-26.7509],[-52.623,-26.7716],[-52.5858,-26.8011],[-52.5507,-26.8009],[-52.5348,-26.809]]]},"properties":{"code":"4205175","name":"Entre Rios","state":"SC"}},{"type":"Feature","geometry":{"type":"Polygon","coordinates":[[[-49.6056,-28.952],[-49.648,-28.9588],[-49.6532,-28.9837],[-49.7064,-28.9669],[-49.7257,-29.0032],[-49.6989,-29.0205],[-49.6234,-29.018],[-49.5803,-28.984],[-49.6056,-28.952]]]},"properties":{"code":"4205191","name":"Ermo","state":"SC"}},{"type":"Feature","geometry":{"type":"Polygon","coordinates":[[[-51.5396,-27.2825],[-51.5144,-27.3165],[-51.4588,-27.3437],[-51.4379,-27.3161],[-51.4121,-27.3293],[-51.3318,-27.3414],[-51.3005,-27.2926],[-51.3259,-27.2612],[-51.4142,-27.2313],[-51.4669,-27.2211],[-51.5297,-27.2454],[-51.5396,-27.2825]]]},"properties":{"code":"4205209","name":"Erval Velho","state":"SC"}},{"type":"Feature","geometry":{"type":"Polygon","coordinates":[[[-52.1545,-26.9263],[-52.1629,-26.8944],[-52.2044,-26.8667],[-52.1894,-26.8248],[-52.1982,-26.7956],[-52.1548,-26.7812],[-52.1231,-26.7248],[-52.1853,-26.7129],[-52.2328,-26.7593],[-52.3169,-26.7532],[-52.3616,-26.7594],[-52.3552,-26.7848],[-52.3218,-26.8338],[-52.3078,-26.8996],[-52.338,-26.9448],[-52.2648,-26.9588],[-52.2338,-26.9473],[-52.1929,-26.9595],[-52.1542,-26.9488],[-52.1545,-26.9263]]]},"properties":{"code":"4205308","name":"Faxinal dos Guedes","state":"SC"}},{"type":"Feature","geometry":{"type":"Polygon","coordinates":[[[-53.306,-26.721],[-53.3382,-26.7239],[-53.3652,-26.7659],[-53.389,-26.7707],[-53.3956,-26.807],[-53.2957,-26.7845],[-53.2873,-26.735],[-53.306,-26.721]]]},"properties":{"code":"4205357","name":"Flor do Sertão","state":"SC"}},{"type":"Feature","geometry":{"type":"Polygon","coordinates":[[[-48.5766,-27.844],[-48.5425,-27.8277],[-48.5343,-27.7958],[-48.4978,-27.795],[-48.4782,-27.7619],[-48.5075,-27.7443],[-48.4673,-27.6512],[-48.4177,-27.5892],[-48.4293,-27.5552],[-48.4064,-27.5071],[-48.3736,-27.4717],[-48.4172,-27.3806],[-48.4835,-27.3783],[-48.5263,-27.4083],[-48.5328,-27.4276],[-48.5849,-27.4548],[-48.5908,-27.4835],[-48.5762,-27.5172],[-48.5697,-27.5487],[-48.5971,-27.5703],[-48.6133,-27.6184],[-48.6027,-27.6626],[-48.6018,-27.778],[-48.5766,-27.844]]]},"properties":{"code":"4205407","name":"Florianópolis","state":"SC"}},{"type":"Feature","geometry":{"type":"Polygon","coordinates":[[[-52.7438,-26.658],[-52.7314,-26.6348],[-52.7485,-26.595],[-52.7605,-26.5866],[-52.8396,-26.593],[-52.8449,-26.6695],[-52.8463,-26.6699],[-52.802,-26.686],[-52.7438,-26.658]]]},"properties":{"code":"4205431","name":"Formosa do Sul","state":"SC"}},{"type":"Feature","geometry":{"type":"Polygon","coordinates":[[[-49.4249,-28.8145],[-49.4333,-28.7577],[-49.4067,-28.7378],[-49.4232,-28.7129],[-49.4765,-28.7127],[-49.5128,-28.7209],[-49.5267,-28.751],[-49.5695,-28.7533],[-49.5955,-28.7758],[-49.5331,-28.8325],[-49.5169,-28.8578],[-49.4601,-28.8462],[-49.4249,-28.8145]]]},"properties":{"code":"4205456","name":"Forquilhinha","state":"SC"}},{"type":"Feature","geometry":{"type":"Polygon","coordinates":[[[-51.0087,-27.1202],[-50.9515,-27.1319],[-50.9298,-27.1189],[-50.8804,-27.1266],[-50.8768,-27.1463],[-50.8379,-27.1842],[-50.8279,-27.1584],[-50.7843,-27.1182],[-50.7351,-27.1207],[-50.6992,-27.1368],[-50.7078,-27.1008],[-50.7345,-27.0681],[-50.7332,-27.0178],[-50.7595,-26.9938],[-50.8209,-26.9915],[-50.8474,-26.9187],[-50.846,-26.8729],[-50.9903,-26.9618],[-50.9862,-26.9792],[-51.0454,-26.9863],[-51.0135,-27.0059],[-51.0062,-27.0349],[-50.9758,-27.0374],[-50.9733,-27.0836],[-51.0087,-27.1202]]]},"properties":{"code":"4205506","name":"Fraiburgo","state":"SC"}},{"type":"Feature","geometry":{"type":"Polygon","coordinates":[[[-50.7654,-27.3057],[-50.7305,-27.2028],[-50.7023,-27.189],[-50.6812,-27.1568],[-50.6992,-27.1368],[-50.7351,-27.1207],[-50.7843,-27.1182],[-50.8279,-27.1584],[-50.8379,-27.1842],[-50.8207,-27.2295],[-50.7776,-27.2668],[-50.7654,-27.3057]]]},"properties":{"code":"4205555","name":"Frei Rogério","state":"SC"}},{"type":"Feature","geometry":{"type":"Polygon","coordinates":[[[-52.6106,-26.4898],[-52.6022,-26.4607],[-52.557,-26.4078],[-52.5958,-26.4161],[-52.645,-26.3809],[-52.7294,-26.4398],[-52.7405,-26.4625],[-52.745,-26.5059],[-52.6908,-26.4996],[-52.6621,-26.4833],[-52.6106,-26.4898]]]},"properties":{"code":"4205605","name":"Galvão","state":"SC"}},{"type":"Feature","geometry":{"type":"Polygon","coordinates":[[[-48.6343,-28.113],[-48.6318,-28.0849],[-48.6029,-28.0334],[-48.6321,-27.9998],[-48.6209,-27.9449],[-48.6498,-27.966],[-48.6716,-28.0038],[-48.7198,-28.0459],[-48.707,-28.0826],[-48.6669,-28.1177],[-48.6343,-28.113]]]},"properties":{"code":"4205704","name":"Garopaba","state":"SC"}},{"type":"Feature","geometry":{"type":"Polygon","coordinates":[[[-49.0569,-26.076],[-49.042,-26.114],[-48.9752,-26.1252],[-48.8283,-26.1231],[-48.7837,-26.1531],[-48.742,-26.1275],[-48.6923,-26.0826],[-48.7162,-26.0445],[-48.7116,-26.0076],[-48.6821,-25.9837],[-48.9605,-25.9808],[-48.9504,-25.99],[-48.9561,-26.0188],[-49.0035,-26.026],[-49.0301,-26.0101],[-49.052,-26.028],[-49.0569,-26.076]]]},"properties":{"code":"4205803","name":"Garuva","state":"SC"}},{"type":"Feature","geometry":{"type":"Polygon","coordinates":[[[-48.8658,-27.0034],[-48.8432,-26.9636],[-48.854,-26.9207],[-48.8943,-26.8904],[-48.9359,-26.8425],[-48.9824,-26.8291],[-48.9872,-26.8088],[-49.0303,-26.7784],[-49.0504,-26.7886],[-49.0387,-26.8389],[-49.0442,-26.8778],[-49.0123,-26.9069],[-49.0575,-26.9547],[-49.0572,-27.0615],[-48.9612,-27.0226],[-48.9345,-27.0279],[-48.8658,-27.0034]]]},"properties":{"code":"4205902","name":"Gaspar","state":"SC"}},{"type":"Feature","geometry":{"type":"Polygon","coordinates":[[[-48.5263,-27.4083],[-48.5398,-27.3196],[-48.5948,-27.3161],[-48.6271,-27.3249],[-48.6293,-27.4029],[-48.5849,-27.4548],[-48.5328,-27.4276],[-48.5263,-27.4083]]]},"properties":{"code":"4206009","name":"Governador Celso Ramos","state":"SC"}},{"type":"Feature","geometry":{"type":"Polygon","coordinates":[[[-49.2756,-28.2479],[-49.1982,-28.2277],[-49.1887,-28.1783],[-49.1988,-28.1545],[-49.2164,-28.1634],[-49.268,-28.1122],[-49.2967,-28.1042],[-49.3071,-28.0571],[-49.3418,-28.0172],[-49.3224,-27.9838],[-49.3493,-27.9962],[-49.372,-28.066],[-49.4042,-28.0823],[-49.3928,-28.1101],[-49.4404,-28.1328],[-49.3978,-28.1583],[-49.3958,-28.1934],[-49.3474,-28.2388],[-49.2756,-28.2479]]]},"properties":{"code":"4206108","name":"Grão-Pará","state":"SC"}},{"type":"Feature","geometry":{"type":"Polygon","coordinates":[[[-49.1014,-28.3627],[-49.0717,-28.3946],[-49.024,-28.4014],[-48.979,-28.422],[-48.9372,-28.3836],[-48.9481,-28.3591],[-48.9549,-28.3188],[-48.9942,-28.301],[-49.0364,-28.3042],[-49.0787,-28.2738],[-49.1051,-28.3586],[-49.1014,-28.3627]]]},"properties":{"code":"4206207","name":"Gravatal","state":"SC"}},{"type":"Feature","geometry":{"type":"Polygon","coordinates":[[[-48.9345,-27.0279],[-48.9612,-27.0226],[-49.0572,-27.0615],[-49.0573,-27.0907],[-49.1385,-27.1325],[-49.1033,-27.1388],[-49.0803,-27.1746],[-49.0397,-27.1863],[-49.0174,-27.1647],[-48.9495,-27.0963],[-48.9345,-27.0279]]]},"properties":{"code":"4206306","name":"Guabiruba","state":"SC"}},{"type":"Feature","geometry":{"type":"Polygon","coordinates":[[[-53.5984,-26.6582],[-53.5364,-26.6468],[-53.495,-26.6598],[-53.4475,-26.6344],[-53.4245,-26.6035],[-53.4588,-26.5483],[-53.4937,-26.5212],[-53.5553,-26.5287],[-53.5813,-26.5156],[-53.6375,-26.5164],[-53.6907,-26.5048],[-53.7209,-26.5378],[-53.7307,-26.6007],[-53.6752,-26.5791],[-53.6314,-26.6122],[-53.5984,-26.6582]]]},"properties":{"code":"4206405","name":"Guaraciaba","state":"SC"}},{"type":"Feature","geometry":{"type":"Polygon","coordinates":[[[-48.8391,-26.4407],[-48.8756,-26.3826],[-48.9063,-26.3735],[-48.9305,-26.4212],[-49.0036,-26.3891],[-49.0286,-26.457],[-49.0167,-26.5067],[-49.0508,-26.5154],[-49.0164,-26.5466],[-49.0121,-26.5723],[-48.9782,-26.5734],[-48.9402,-26.5441],[-48.8992,-26.5421],[-48.86,-26.5625],[-48.832,-26.5307],[-48.8735,-26.5352],[-48.906,-26.4965],[-48.8762,-26.4515],[-48.8391,-26.4407]]]},"properties":{"code":"4206504","name":"Guaramirim","state":"SC"}},{"type":"Feature","geometry":{"type":"Polygon","coordinates":[[[-53.5408,-26.4273],[-53.4027,-26.4277],[-53.3943,-26.3661],[-53.5604,-26.375],[-53.5833,-26.4131],[-53.5408,-26.4273]]]},"properties":{"code":"4206603","name":"Guarujá do Sul","state":"SC"}},{"type":"Feature","geometry":{"type":"Polygon","coordinates":[[[-52.7855,-27.206],[-52.7222,-27.1532],[-52.7075,-27.0961],[-52.7321,-27.0843],[-52.7219,-27.04],[-52.7598,-27.0143],[-52.7793,-27.0531],[-52.8396,-27.0441],[-52.8291,-27.1068],[-52.852,-27.1125],[-52.8385,-27.1575],[-52.8513,-27.1703],[-52.8457,-27.2074],[-52.801,-27.2034],[-52.7855,-27.206]]]},"properties":{"code":"4206652","name":"Guatambú","state":"SC"}},{"type":"Feature","geometry":{"type":"Polygon","coordinates":[[[-51.5297,-27.2454],[-51.4669,-27.2211],[-51.4142,-27.2313],[-51.3259,-27.2612],[-51.2808,-27.2129],[-51.4315,-27.1171],[-51.4804,-27.1451],[-51.5137,-27.2079],[-51.54,-27.2378],[-51.5297,-27.2454]]]},"properties":{"code":"4206702","name":"Herval d'Oeste","state":"SC"}},{"type":"Feature","geometry":{"type":"Polygon","coordinates":[[[-51.2808,-27.2129],[-51.2213,-27.236],[-51.2101,-27.26],[-51.158,-27.2874],[-51.1126,-27.239],[-51.1834,-27.1963],[-51.186,-27.1784],[-51.2334,-27.1389],[-51.2594,-27.1367],[-51.2939,-27.1616],[-51.3215,-27.1514],[-51.2808,-27.2129]]]},"properties":{"code":"4206751","name":"Ibiam","state":"SC"}},{"type":"Feature","geometry":{"type":"Polygon","coordinates":[[[-51.4315,-27.1171],[-51.2808,-27.2129],[-51.3215,-27.1514],[-51.3337,-27.1263],[-51.3195,-27.077],[-51.299,-27.0575],[-51.3175,-27.0188],[-51.3342,-27.02],[-51.3453,-27.04],[-51.4207,-27.0391],[-51.4622,-27.0277],[-51.4567,-27.0698],[-51.426,-27.0843],[-51.4315,-27.1171]]]},"properties":{"code":"4206801","name":"Ibicaré","state":"SC"}},{"type":"Feature","geometry":{"type":"Polygon","coordinates":[[[-49.4653,-26.9401],[-49.5438,-26.892],[-49.5445,-26.9134],[-49.5774,-26.9527],[-49.5815,-27.0022],[-49.6011,-27.011],[-49.5855,-27.0874],[-49.592,-27.128],[-49.5368,-27.117],[-49.4956,-27.0788],[-49.4731,-27.0885],[-49.469,-27.0051],[-49.4653,-26.9401]]]},"properties":{"code":"4206900","name":"Ibirama","state":"SC"}},{"type":"Feature","geometry":{"type":"Polygon","coordinates":[[[-49.2436,-28.6746],[-49.3326,-28.6792],[-49.3355,-28.7544],[-49.3571,-28.7553],[-49.3515,-28.8552],[-49.3296,-28.8649],[-49.3026,-28.8475],[-49.2422,-28.779],[-49.205,-28.7766],[-49.2036,-28.7497],[-49.1742,-28.6991],[-49.176,-28.6845],[-49.2436,-28.6746]]]},"properties":{"code":"4207007","name":"Içara","state":"SC"}},{"type":"Feature","geometry":{"type":"Polygon","coordinates":[[[-48.8432,-26.9636],[-48.7994,-26.9666],[-48.7606,-26.9423],[-48.786,-26.9146],[-48.763,-26.8871],[-48.7598,-26.8552],[-48.7729,-26.8327],[-48.82,-26.8235],[-48.8984,-26.7627],[-48.9872,-26.8088],[-48.9824,-26.8291],[-48.9359,-26.8425],[-48.8943,-26.8904],[-48.854,-26.9207],[-48.8432,-26.9636]]]},"properties":{"code":"4207106","name":"Ilhota","state":"SC"}},{"type":"Feature","geometry":{"type":"Polygon","coordinates":[[[-48.9481,-28.3591],[-48.8044,-28.356],[-48.7746,-28.3613],[-48.755,-28.3249],[-48.7248,-28.2528],[-48.7412,-28.2113],[-48.7313,-28.1561],[-48.7617,-28.0904],[-48.8075,-28.0935],[-48.8323,-28.0716],[-48.869,-28.0804],[-48.8836,-28.1498],[-48.9262,-28.1412],[-48.9386,-28.1751],[-48.9114,-28.2159],[-48.9216,-28.235],[-48.9558,-28.2691],[-48.9549,-28.3188],[-48.9481,-28.3591]]]},"properties":{"code":"4207205","name":"Imaruí","state":"SC"}},{"type":"Feature","geometry":{"type":"Polygon","coordinates":[[[-48.7063,-28.3414],[-48.7092,-28.3234],[-48.6754,-28.2565],[-48.6476,-28.2347],[-48.6672,-28.2138],[-48.6584,-28.1677],[-48.6343,-28.113],[-48.6669,-28.1177],[-48.707,-28.0826],[-48.7617,-28.0904],[-48.7313,-28.1561],[-48.7412,-28.2113],[-48.7248,-28.2528],[-48.755,-28.3249],[-48.7063,-28.3414]]]},"properties":{"code":"4207304","name":"Imbituba","state":"SC"}},{"type":"Feature","geometry":{"type":"Polygon","coordinates":[[[-49.4654,-27.4455],[-49.4799,-27.5229],[-49.4548,-27.537],[-49.4308,-27.517],[-49.4039,-27.5609],[-49.3545,-27.5627],[-49.3227,-27.5888],[-49.3006,-27.5844],[-49.3185,-27.5722],[-49.3626,-27.551],[-49.3553,-27.4915],[-49.4049,-27.4489],[-49.4654,-27.4455]]]},"properties":{"code":"4207403","name":"Imbuia","state":"SC"}},{"type":"Feature","geometry":{"type":"Polygon","coordinates":[[[-49.3176,-27.0218],[-49.2974,-27.0564],[-49.2644,-27.0628],[-49.2473,-27.1286],[-49.2205,-27.1635],[-49.211,-27.1577],[-49.1546,-27.1196],[-49.1312,-27.0683],[-49.1365,-27.0147],[-49.1629,-26.9904],[-49.1601,-26.8856],[-49.198,-26.8363],[-49.2071,-26.8304],[-49.2542,-26.87],[-49.2847,-26.8807],[-49.305,-26.848],[-49.3151,-26.8995],[-49.2894,-26.9505],[-49.3158,-26.9593],[-49.3004,-26.9971],[-49.3176,-27.0218]]]},"properties":{"code":"4207502","name":"Indaial","state":"SC"}},{"type":"Feature","geometry":{"type":"Polygon","coordinates":[[[-51.2829,-26.9235],[-51.3516,-26.9812],[-51.3342,-27.02],[-51.3175,-27.0188],[-51.2485,-27.0338],[-51.1963,-27.0288],[-51.2102,-26.9831],[-51.2322,-26.9556],[-51.2829,-26.9235]]]},"properties":{"code":"4207577","name":"Iomerê","state":"SC"}},{"type":"Feature","geometry":{"type":"Polygon","coordinates":[[[-51.87,-27.4496],[-51.8081,-27.4225],[-51.7589,-27.415],[-51.7329,-27.3921],[-51.7297,-27.3567],[-51.7605,-27.3067],[-51.7564,-27.2809],[-51.7984,-27.2913],[-51.8224,-27.2965],[-51.8177,-27.3698],[-51.8382,-27.3725],[-51.8821,-27.4259],[-51.87,-27.4496]]]},"properties":{"code":"4207601","name":"Ipira","state":"SC"}},{"type":"Feature","geometry":{"type":"Polygon","coordinates":[[[-53.5874,-27.0091],[-53.5469,-27.0248],[-53.542,-27.0873],[-53.5197,-27.0816],[-53.4894,-27.0823],[-53.4482,-27.0392],[-53.4501,-27.0093],[-53.3754,-27.0154],[-53.4109,-26.9517],[-53.5134,-26.9361],[-53.536,-26.9458],[-53.5828,-26.9532],[-53.5591,-26.9926],[-53.5874,-27.0091]]]},"properties":{"code":"4207650","name":"Iporã do Oeste","state":"SC"}},{"type":"Feature","geometry":{"type":"Polygon","coordinates":[[[-52.3932,-26.6836],[-52.4109,-26.6652],[-52.3929,-26.6365],[-52.4181,-26.5873],[-52.4646,-26.5699],[-52.5225,-26.613],[-52.5194,-26.6279],[-52.563,-26.6718],[-52.5346,-26.7114],[-52.5348,-26.809],[-52.5011,-26.774],[-52.4421,-26.749],[-52.4295,-26.7674],[-52.4079,-26.7436],[-52.4244,-26.7233],[-52.3932,-26.6836]]]},"properties":{"code":"4207684","name":"Ipuaçu","state":"SC"}},{"type":"Feature","geometry":{"type":"Polygon","coordinates":[[[-52.2278,-27.0682],[-52.2007,-27.0942],[-52.138,-27.1054],[-52.0924,-27.1565],[-52.0464,-27.1405],[-52.0491,-27.097],[-52.091,-27.0747],[-52.1228,-27.0411],[-52.1063,-26.9966],[-52.1093,-26.9544],[-52.1485,-26.9294],[-52.1545,-26.9263],[-52.1542,-26.9488],[-52.1929,-26.9595],[-52.2338,-26.9473],[-52.2469,-27.0371],[-52.2278,-27.0682]]]},"properties":{"code":"4207700","name":"Ipumirim","state":"SC"}},{"type":"Feature","geometry":{"type":"Polygon","coordinates":[[[-53.285,-26.9236],[-53.2951,-26.8972],[-53.2412,-26.8133],[-53.2957,-26.7845],[-53.3956,-26.807],[-53.3847,-26.8327],[-53.4158,-26.8628],[-53.4081,-26.8885],[-53.3686,-26.8813],[-53.2914,-26.9284],[-53.285,-26.9236]]]},"properties":{"code":"4207759","name":"Iraceminha","state":"SC"}},{"type":"Feature","geometry":{"type":"Polygon","coordinates":[[[-51.9938,-27.1188],[-51.9719,-27.1087],[-51.9026,-27.1292],[-51.8748,-27.1216],[-51.8889,-27.1007],[-51.8313,-27.0858],[-51.8023,-27.0404],[-51.8631,-26.9813],[-51.8204,-26.9366],[-51.8262,-26.9234],[-51.8438,-26.9434],[-51.8839,-26.9452],[-51.9305,-26.9292],[-51.9437,-26.9419],[-52.0124,-26.948],[-51.9976,-26.9833],[-52.016,-27.0122],[-51.9999,-27.052],[-51.9938,-27.1188]]]},"properties":{"code":"4207809","name":"Irani","state":"SC"}},{"type":"Feature","geometry":{"type":"Polygon","coordinates":[[[-52.9407,-26.614],[-52.9198,-26.6725],[-52.8449,-26.6695],[-52.8396,-26.593],[-52.8773,-26.5951],[-52.9257,-26.581],[-52.9407,-26.614]]]},"properties":{"code":"4207858","name":"Irati","state":"SC"}},{"type":"Feature","geometry":{"type":"Polygon","coordinates":[[[-50.8997,-26.2893],[-50.8841,-26.3796],[-50.8434,-26.3812],[-50.8493,-26.428],[-50.8152,-26.4406],[-50.8168,-26.4775],[-50.7974,-26.5082],[-50.7396,-26.5248],[-50.6988,-26.5003],[-50.6392,-26.3775],[-50.6458,-26.3298],[-50.679,-26.2778],[-50.6718,-26.2436],[-50.7033,-26.188],[-50.7299,-26.2034],[-50.7156,-26.2446],[-50.7459,-26.2468],[-50.7627,-26.222],[-50.7999,-26.2313],[-50.8469,-26.2664],[-50.8997,-26.2893]]]},"properties":{"code":"4207908","name":"Irineópolis","state":"SC"}},{"type":"Feature","geometry":{"type":"Polygon","coordinates":[[[-52.3978,-27.2925],[-52.3521,-27.2889],[-52.2998,-27.3191],[-52.3061,-27.2657],[-52.2613,-27.2569],[-52.2354,-27.2513],[-52.1927,-27.1996],[-52.2333,-27.1812],[-52.2615,-27.2297],[-52.3296,-27.2362],[-52.3569,-27.2247],[-52.3689,-27.1931],[-52.4019,-27.1906],[-52.4325,-27.2178],[-52.4421,-27.2505],[-52.4192,-27.2824],[-52.3978,-27.2925]]]},"properties":{"code":"4208005","name":"Itá","state":"SC"}},{"type":"Feature","geometry":{"type":"Polygon","coordinates":[[[-49.8287,-26.7062],[-49.7503,-26.7851],[-49.7265,-26.7609],[-49.7177,-26.7225],[-49.6811,-26.7029],[-49.6521,-26.6932],[-49.6941,-26.6872],[-49.7072,-26.6477],[-49.6863,-26.6145],[-49.6927,-26.574],[-49.7333,-26.5488],[-49.7345,-26.5228],[-49.7606,-26.4714],[-49.8142,-26.469],[-49.7818,-26.4271],[-49.8194,-26.3682],[-49.8008,-26.3346],[-49.8085,-26.3026],[-49.8489,-26.2409],[-49.957,-26.2563],[-49.9792,-26.2777],[-50.0177,-26.2646],[-50.0984,-26.2783],[-50.1257,-26.2906],[-50.1128,-26.3382],[-50.0722,-26.4128],[-50.0704,-26.4511],[-50.0911,-26.524],[-50.0317,-26.5192],[-49.9945,-26.5062],[-49.9561,-26.5507],[-49.8814,-26.6195],[-49.8287,-26.7062]]]},"properties":{"code":"4208104","name":"Itaiópolis","state":"SC"}},{"type":"Feature","geometry":{"type":"Polygon","coordinates":[[[-48.6422,-26.9127],[-48.726,-26.8649],[-48.7598,-26.8552],[-48.763,-26.8871],[-48.786,-26.9146],[-48.7606,-26.9423],[-48.7994,-26.9666],[-48.8432,-26.9636],[-48.8658,-27.0034],[-48.8627,-27.0437],[-48.8439,-27.0677],[-48.7891,-27.0971],[-48.748,-27.0233],[-48.7219,-27.0148],[-48.6829,-26.9728],[-48.6283,-26.9601],[-48.6422,-26.9127]]]},"properties":{"code":"4208203","name":"Itajaí","state":"SC"}},{"type":"Feature","geometry":{"type":"Polygon","coordinates":[[[-48.5856,-27.1449],[-48.6139,-27.1005],[-48.5891,-27.061],[-48.6112,-27.0482],[-48.6152,-27.0668],[-48.6792,-27.1001],[-48.661,-27.1253],[-48.69,-27.1414],[-48.6584,-27.1514],[-48.604,-27.1366],[-48.5856,-27.1449]]]},"properties":{"code":"4208302","name":"Itapema","state":"SC"}},{"type":"Feature","geometry":{"type":"Polygon","coordinates":[[[-53.7327,-27.0042],[-53.7475,-27.0315],[-53.7967,-27.0395],[-53.807,-27.1109],[-53.7995,-27.1468],[-53.8371,-27.1684],[-53.8197,-27.1757],[-53.776,-27.1475],[-53.7516,-27.1881],[-53.7177,-27.1825],[-53.6862,-27.1636],[-53.6513,-27.1766],[-53.6307,-27.2134],[-53.5997,-27.1894],[-53.5478,-27.1764],[-53.5481,-27.1561],[-53.5882,-27.144],[-53.6155,-27.1663],[-53.6408,-27.1554],[-53.663,-27.1083],[-53.6433,-27.0438],[-53.7327,-27.0042]]]},"properties":{"code":"4208401","name":"Itapiranga","state":"SC"}},{"type":"Feature","geometry":{"type":"Polygon","coordinates":[[[-48.742,-26.1275],[-48.6272,-26.183],[-48.6217,-26.2073],[-48.5694,-26.1677],[-48.598,-26.1291],[-48.6063,-26.0196],[-48.5953,-25.9768],[-48.6821,-25.9837],[-48.7116,-26.0076],[-48.7162,-26.0445],[-48.6923,-26.0826],[-48.742,-26.1275]]]},"properties":{"code":"4208450","name":"Itapoá","state":"SC"}},{"type":"Feature","geometry":{"type":"Polygon","coordinates":[[[-49.5916,-27.5714],[-49.5464,-27.5118],[-49.4923,-27.5345],[-49.4729,-27.5658],[-49.4294,-27.5837],[-49.4039,-27.5609],[-49.4308,-27.517],[-49.4548,-27.537],[-49.4799,-27.5229],[-49.4654,-27.4455],[-49.4718,-27.3738],[-49.4583,-27.357],[-49.4805,-27.3054],[-49.5029,-27.3424],[-49.5652,-27.3987],[-49.6595,-27.3884],[-49.6935,-27.3907],[-49.6747,-27.4589],[-49.6373,-27.452],[-49.5824,-27.4769],[-49.6016,-27.5201],[-49.5916,-27.5714]]]},"properties":{"code":"4208500","name":"Ituporanga","state":"SC"}},{"type":"Feature","geometry":{"type":"Polygon","coordinates":[[[-51.6765,-27.1166],[-51.7239,-27.1118],[-51.7582,-27.0875],[-51.8313,-27.0858],[-51.8889,-27.1007],[-51.8748,-27.1216],[-51.8261,-27.1597],[-51.8147,-27.1877],[-51.7721,-27.2067],[-51.7247,-27.2068],[-51.6855,-27.1834],[-51.6922,-27.1531],[-51.6765,-27.1166]]]},"properties":{"code":"4208609","name":"Jaborá","state":"SC"}},{"type":"Feature","geometry":{"type":"Polygon","coordinates":[[[-49.7432,-29.0393],[-49.6989,-29.0205],[-49.7257,-29.0032],[-49.7064,-28.9669],[-49.7713,-28.9389],[-49.7826,-28.904],[-49.8678,-28.88],[-49.8963,-28.89],[-49.9557,-28.9489],[-49.9337,-28.9658],[-49.966,-29.0217],[-49.9576,-29.0682],[-49.9042,-29.103],[-49.877,-29.0947],[-49.832,-29.1218],[-49.8341,-29.0952],[-49.8217,-29.0801],[-49.7432,-29.0393]]]},"properties":{"code":"4208708","name":"Jacinto Machado","state":"SC"}},{"type":"Feature","geometry":{"type":"Polygon","coordinates":[[[-49.1879,-28.8022],[-48.9746,-28.6715],[-48.858,-28.6157],[-48.945,-28.5944],[-48.9938,-28.5586],[-49.0301,-28.5499],[-49.1033,-28.5929],[-49.0714,-28.6275],[-49.0989,-28.6851],[-49.1742,-28.6991],[-49.2036,-28.7497],[-49.205,-28.7766],[-49.1879,-28.8022]]]},"properties":{"code":"4208807","name":"Jaguaruna","state":"SC"}},{"type":"Feature","geometry":{"type":"Polygon","coordinates":[[[-49.0508,-26.5154],[-49.0167,-26.5067],[-49.0286,-26.457],[-49.0734,-26.4323],[-49.1138,-26.3924],[-49.1126,-26.3712],[-49.1447,-26.3162],[-49.1759,-26.258],[-49.1693,-26.221],[-49.2026,-26.2202],[-49.2525,-26.2685],[-49.1689,-26.308],[-49.1671,-26.3804],[-49.188,-26.3901],[-49.2132,-26.4861],[-49.2535,-26.5059],[-49.2914,-26.5471],[-49.2848,-26.6072],[-49.2231,-26.6205],[-49.1753,-26.6138],[-49.1641,-26.6482],[-49.13,-26.6355],[-49.1142,-26.6131],[-49.0899,-26.5478],[-49.0612,-26.5435],[-49.0508,-26.5154]]]},"properties":{"code":"4208906","name":"Jaraguá do Sul","state":"SC"}},{"type":"Feature","geometry":{"type":"Polygon","coordinates":[[[-52.8449,-26.6695],[-52.9198,-26.6725],[-52.9004,-26.6825],[-52.9023,-26.7368],[-52.9177,-26.7829],[-52.8793,-26.7545],[-52.8172,-26.734],[-52.8463,-26.6699],[-52.8449,-26.6695]]]},"properties":{"code":"4208955","name":"Jardinópolis","state":"SC"}},{"type":"Feature","geometry":{"type":"Polygon","coordinates":[[[-51.54,-27.2378],[-51.5137,-27.2079],[-51.4804,-27.1451],[-51.5121,-27.1355],[-51.5912,-27.0788],[-51.6002,-27.0516],[-51.6186,-27.0409],[-51.6609,-27.1126],[-51.6765,-27.1166],[-51.6922,-27.1531],[-51.6855,-27.1834],[-51.6565,-27.2016],[-51.54,-27.2378]]]},"properties":{"code":"4209003","name":"Joaçaba","state":"SC"}},{"type":"Feature","geometry":{"type":"Polygon","coordinates":[[[-48.7837,-26.1531],[-48.8283,-26.1231],[-48.9752,-26.1252],[-49.042,-26.114],[-49.0569,-26.076],[-49.0733,-26.0749],[-49.1589,-26.1144],[-49.1891,-26.1454],[-49.1683,-26.1881],[-49.2026,-26.2202],[-49.1693,-26.221],[-49.1759,-26.258],[-49.1447,-26.3162],[-49.1109,-26.2947],[-49.054,-26.29],[-49.0054,-26.3086],[-49.0207,-26.3507],[-49.0036,-26.3891],[-48.9305,-26.4212],[-48.9063,-26.3735],[-48.8756,-26.3826],[-48.8391,-26.4407],[-48.8074,-26.3758],[-48.765,-26.352],[-48.7237,-26.3429],[-48.7572,-26.2939],[-48.7399,-26.2864],[-48.764,-26.2149],[-48.7598,-26.1894],[-48.7837,-26.1531]]]},"properties":{"code":"4209102","name":"Joinville","state":"SC"}},{"type":"Feature","geometry":{"type":"Polygon","coordinates":[[[-49.709,-26.918],[-49.6902,-26.9247],[-49.6325,-26.9945],[-49.6011,-27.011],[-49.5815,-27.0022],[-49.5774,-26.9527],[-49.5445,-26.9134],[-49.5438,-26.892],[-49.5486,-26.8567],[-49.5654,-26.7858],[-49.6449,-26.7786],[-49.6811,-26.7029],[-49.7177,-26.7225],[-49.7265,-26.7609],[-49.7503,-26.7851],[-49.7065,-26.8456],[-49.7694,-26.8888],[-49.709,-26.918]]]},"properties":{"code":"4209151","name":"José Boiteux","state":"SC"}},{"type":"Feature","geometry":{"type":"Polygon","coordinates":[[[-52.7006,-26.358],[-52.7378,-26.3422],[-52.7628,-26.3536],[-52.7554,-26.4545],[-52.7405,-26.4625],[-52.7294,-26.4398],[-52.645,-26.3809],[-52.6802,-26.3527],[-52.7006,-26.358]]]},"properties":{"code":"4209177","name":"Jupiá","state":"SC"}},{"type":"Feature","geometry":{"type":"Polygon","coordinates":[[[-51.5396,-27.2825],[-51.5297,-27.2454],[-51.54,-27.2378],[-51.6565,-27.2016],[-51.6485,-27.2356],[-51.5972,-27.2711],[-51.5953,-27.2983],[-51.5396,-27.2825]]]},"properties":{"code":"4209201","name":"Lacerdópolis","state":"SC"}},{"type":"Feature","geometry":{"type":"Polygon","coordinates":[[[-50.0666,-27.8112],[-50.0771,-27.7828],[-50.0313,-27.7567],[-50.0222,-27.6837],[-49.9997,-27.6407],[-50.013,-27.6065],[-50.0465,-27.5786],[-50.0683,-27.6271],[-50.1379,-27.703],[-50.1508,-27.6529],[-50.1943,-27.6327],[-50.2731,-27.6759],[-50.309,-27.7486],[-50.39,-27.73],[-50.3971,-27.7505],[-50.4478,-27.7742],[-50.4926,-27.7698],[-50.5134,-27.7869],[-50.5424,-27.7653],[-50.5624,-27.729],[-50.6395,-27.7144],[-50.6303,-27.7861],[-50.6085,-27.795],[-50.6051,-27.8329],[-50.5441,-27.8693],[-50.5165,-27.8732],[-50.4674,-27.8558],[-50.3824,-27.8803],[-50.3661,-27.9307],[-50.3743,-27.9656],[-50.4139,-28.0059],[-50.3899,-28.0194],[-50.4478,-28.0816],[-50.4732,-28.0835],[-50.5249,-28.1383],[-50.5095,-28.1907],[-50.5188,-28.2196],[-50.6148,-28.2842],[-50.6531,-28.2929],[-50.6956,-28.2699],[-50.6649,-28.3128],[-50.6652,-28.3379],[-50.5932,-28.3816],[-50.5442,-28.4275],[-50.5316,-28.4078],[-50.4704,-28.4149],[-50.4248,-28.4333],[-50.381,-28.3752],[-50.34,-28.3825],[-50.3138,-28.3552],[-50.2715,-28.343],[-50.2787,-28.3122],[-50.2444,-28.2895],[-50.2458,-28.2575],[-50.2169,-28.2511],[-50.1694,-28.1968],[-50.1739,-28.1612],[-50.1958,-28.1249],[-50.1918,-28.0893],[-50.1997,-27.9932],[-50.182,-27.9373],[-50.2132,-27.8967],[-50.2035,-27.8654],[-50.1374,-27.8535],[-50.1076,-27.8573],[-50.0675,-27.8298],[-50.0666,-27.8112]]]},"properties":{"code":"4209300","name":"Lages","state":"SC"}},{"type":"Feature","geometry":{"type":"Polygon","coordinates":[[[-48.858,-28.6157],[-48.8278,-28.6066],[-48.7465,-28.5051],[-48.7651,-28.4599],[-48.7461,-28.4271],[-48.7362,-28.379],[-48.7063,-28.3414],[-48.755,-28.3249],[-48.7746,-28.3613],[-48.8044,-28.356],[-48.8522,-28.427],[-48.9141,-28.4672],[-48.9234,-28.5127],[-48.9038,-28.5328],[-48.945,-28.5944],[-48.858,-28.6157]]]},"properties":{"code":"4209409","name":"Laguna","state":"SC"}},{"type":"Feature","geometry":{"type":"Polygon","coordinates":[[[-52.5507,-26.8009],[-52.5528,-26.8409],[-52.5938,-26.8395],[-52.6208,-26.8648],[-52.5877,-26.8933],[-52.4705,-26.8568],[-52.5295,-26.8272],[-52.5348,-26.809],[-52.5507,-26.8009]]]},"properties":{"code":"4209458","name":"Lajeado Grande","state":"SC"}},{"type":"Feature","geometry":{"type":"Polygon","coordinates":[[[-49.7174,-27.1439],[-49.7426,-27.1455],[-49.7607,-27.1962],[-49.8023,-27.2483],[-49.7783,-27.252],[-49.7372,-27.2628],[-49.6908,-27.2449],[-49.7174,-27.1439]]]},"properties":{"code":"4209508","name":"Laurentino","state":"SC"}},{"type":"Feature","geometry":{"type":"Polygon","coordinates":[[[-49.3355,-28.4179],[-49.3404,-28.3654],[-49.3606,-28.3412],[-49.4829,-28.3043],[-49.523,-28.307],[-49.5583,-28.3719],[-49.5668,-28.4163],[-49.5353,-28.4361],[-49.4667,-28.4378],[-49.428,-28.4589],[-49.3974,-28.4647],[-49.3355,-28.4179]]]},"properties":{"code":"4209607","name":"Lauro Müller","state":"SC"}},{"type":"Feature","geometry":{"type":"Polygon","coordinates":[[[-50.846,-26.8729],[-50.8474,-26.9187],[-50.8209,-26.9915],[-50.7595,-26.9938],[-50.7332,-27.0178],[-50.7345,-27.0681],[-50.7078,-27.1008],[-50.6579,-27.0869],[-50.6638,-27.059],[-50.6295,-27.0199],[-50.6183,-26.9526],[-50.591,-26.928],[-50.5883,-26.8638],[-50.5547,-26.8316],[-50.52,-26.8218],[-50.5267,-26.781],[-50.5592,-26.7714],[-50.6491,-26.6997],[-50.6779,-26.6621],[-50.7565,-26.6923],[-50.8066,-26.6552],[-50.8302,-26.6959],[-50.8283,-26.7229],[-50.8001,-26.7685],[-50.846,-26.8729]]]},"properties":{"code":"4209706","name":"Lebon Régis","state":"SC"}},{"type":"Feature","geometry":{"type":"Polygon","coordinates":[[[-49.3006,-27.5844],[-49.3021,-27.6141],[-49.2557,-27.6547],[-49.2016,-27.6452],[-49.2092,-27.6293],[-49.2628,-27.5719],[-49.2459,-27.51],[-49.2247,-27.4913],[-49.2212,-27.4219],[-49.1881,-27.4076],[-49.1614,-27.3711],[-49.202,-27.3283],[-49.2241,-27.3212],[-49.2784,-27.3339],[-49.3111,-27.3961],[-49.2926,-27.474],[-49.3221,-27.518],[-49.3185,-27.5722],[-49.3006,-27.5844]]]},"properties":{"code":"4209805","name":"Leoberto Leal","state":"SC"}},{"type":"Feature","geometry":{"type":"Polygon","coordinates":[[[-52.1093,-26.9544],[-52.1063,-26.9966],[-52.1228,-27.0411],[-52.091,-27.0747],[-52.0491,-27.097],[-52.0464,-27.1405],[-51.9938,-27.1188],[-51.9999,-27.052],[-52.016,-27.0122],[-51.9976,-26.9833],[-52.0124,-26.948],[-52.0667,-26.9599],[-52.1093,-26.9544]]]},"properties":{"code":"4209854","name":"Lindóia do Sul","state":"SC"}},{"type":"Feature","geometry":{"type":"Polygon","coordinates":[[[-49.592,-27.128],[-49.552,-27.2372],[-49.5273,-27.272],[-49.4916,-27.3008],[-49.4471,-27.2554],[-49.4616,-27.2312],[-49.4563,-27.1529],[-49.4674,-27.1051],[-49.4956,-27.0788],[-49.5368,-27.117],[-49.592,-27.128]]]},"properties":{"code":"4209904","name":"Lontras","state":"SC"}},{"type":"Feature","geometry":{"type":"Polygon","coordinates":[[[-48.9872,-26.8088],[-48.8984,-26.7627],[-48.82,-26.8235],[-48.8111,-26.7896],[-48.8178,-26.7409],[-48.8007,-26.7132],[-48.8016,-26.6812],[-48.817,-26.6391],[-48.8563,-26.6345],[-48.8845,-26.657],[-48.9202,-26.6601],[-48.9369,-26.693],[-48.9804,-26.7367],[-49.013,-26.7457],[-49.0362,-26.7725],[-49.0303,-26.7784],[-48.9872,-26.8088]]]},"properties":{"code":"4210001","name":"Luiz Alves","state":"SC"}},{"type":"Feature","geometry":{"type":"Polygon","coordinates":[[[-51.4804,-27.1451],[-51.4315,-27.1171],[-51.426,-27.0843],[-51.4567,-27.0698],[-51.5182,-27.0458],[-51.6002,-27.0516],[-51.5912,-27.0788],[-51.5121,-27.1355],[-51.4804,-27.1451]]]},"properties":{"code":"4210035","name":"Luzerna","state":"SC"}},{"type":"Feature","geometry":{"type":"Polygon","coordinates":[[[-51.4365,-26.8558],[-51.3681,-26.8692],[-51.3249,-26.8659],[-51.2818,-26.8782],[-51.2844,-26.8738],[-51.2754,-26.8494],[-51.2361,-26.8228],[-51.2554,-26.7739],[-51.3391,-26.7342],[-51.3792,-26.7369],[-51.4117,-26.7209],[-51.4697,-26.8025],[-51.4323,-26.8244],[-51.4365,-26.8558]]]},"properties":{"code":"4210050","name":"Macieira","state":"SC"}},{"type":"Feature","geometry":{"type":"Polygon","coordinates":[[[-50.0984,-26.2783],[-50.0177,-26.2646],[-49.9792,-26.2777],[-49.957,-26.2563],[-49.8489,-26.2409],[-49.8085,-26.3026],[-49.8008,-26.3346],[-49.8194,-26.3682],[-49.7818,-26.4271],[-49.8142,-26.469],[-49.7606,-26.4714],[-49.7373,-26.4247],[-49.6975,-26.3959],[-49.6351,-26.3766],[-49.6526,-26.3521],[-49.6112,-26.3359],[-49.6275,-26.2956],[-49.6031,-26.2267],[-49.654,-26.1869],[-49.6728,-26.1898],[-49.7486,-26.1246],[-49.8242,-26.0939],[-49.8638,-26.0547],[-49.8694,-26.0335],[-49.9341,-26.0189],[-49.9934,-26.0114],[-50.1242,-26.0508],[-50.1402,-26.0266],[-50.1898,-26.07],[-50.1852,-26.1121],[-50.1359,-26.1702],[-50.153,-26.2089],[-50.1346,-26.2512],[-50.0984,-26.2783]]]},"properties":{"code":"4210100","name":"Mafra","state":"SC"}},{"type":"Feature","geometry":{"type":"Polygon","coordinates":[[[-48.9424,-27.3386],[-49.1306,-27.4216],[-49.1881,-27.4076],[-49.2212,-27.4219],[-49.2247,-27.4913],[-49.1821,-27.5032],[-49.1517,-27.4911],[-49.1218,-27.5004],[-49.0679,-27.4467],[-49.0134,-27.4771],[-48.9645,-27.4497],[-48.9195,-27.4616],[-48.8839,-27.4326],[-48.903,-27.4273],[-48.9007,-27.3811],[-48.9424,-27.3386]]]},"properties":{"code":"4210209","name":"Major Gercino","state":"SC"}},{"type":"Feature","geometry":{"type":"Polygon","coordinates":[[[-50.4125,-26.7296],[-50.4372,-26.6974],[-50.4256,-26.6697],[-50.3754,-26.6266],[-50.3654,-26.5805],[-50.3077,-26.5612],[-50.2347,-26.5075],[-50.2593,-26.4924],[-50.2694,-26.4436],[-50.2888,-26.3726],[-50.2847,-26.3083],[-50.2961,-26.287],[-50.3245,-26.296],[-50.3709,-26.3346],[-50.3999,-26.3446],[-50.423,-26.3783],[-50.4174,-26.4112],[-50.454,-26.5022],[-50.4008,-26.5607],[-50.4359,-26.6152],[-50.4923,-26.6426],[-50.4926,-26.6482],[-50.469,-26.6624],[-50.4728,-26.6962],[-50.4125,-26.7296]]]},"properties":{"code":"4210308","name":"Major Vieira","state":"SC"}},{"type":"Feature","geometry":{"type":"Polygon","coordinates":[[[-49.5136,-28.8918],[-49.4743,-28.8847],[-49.4327,-28.9093],[-49.3979,-28.8336],[-49.4249,-28.8145],[-49.4601,-28.8462],[-49.5169,-28.8578],[-49.5136,-28.8918]]]},"properties":{"code":"4210407","name":"Maracajá","state":"SC"}},{"type":"Feature","geometry":{"type":"Polygon","coordinates":[[[-53.1284,-26.7206],[-53.1662,-26.7182],[-53.1935,-26.6987],[-53.2058,-26.7236],[-53.2555,-26.716],[-53.2873,-26.735],[-53.2957,-26.7845],[-53.2412,-26.8133],[-53.1965,-26.8015],[-53.1207,-26.8086],[-53.097,-26.7713],[-53.1094,-26.7407],[-53.1284,-26.7206]]]},"properties":{"code":"4210506","name":"Maravilha","state":"SC"}},{"type":"Feature","geometry":{"type":"Polygon","coordinates":[[[-52.5507,-26.8009],[-52.5858,-26.8011],[-52.623,-26.7716],[-52.6569,-26.7526],[-52.6849,-26.7734],[-52.6862,-26.8067],[-52.7169,-26.8036],[-52.6563,-26.8536],[-52.6208,-26.8648],[-52.5938,-26.8395],[-52.5528,-26.8409],[-52.5507,-26.8009]]]},"properties":{"code":"4210555","name":"Marema","state":"SC"}},{"type":"Feature","geometry":{"type":"Polygon","coordinates":[[[-48.86,-26.5625],[-48.8992,-26.5421],[-48.9402,-26.5441],[-48.9782,-26.5734],[-49.0121,-26.5723],[-49.0164,-26.5466],[-49.0508,-26.5154],[-49.0612,-26.5435],[-49.0899,-26.5478],[-49.1142,-26.6131],[-49.1018,-26.6596],[-49.0493,-26.6506],[-49.0251,-26.6853],[-49.0492,-26.7093],[-49.0362,-26.7725],[-49.013,-26.7457],[-48.9804,-26.7367],[-48.9369,-26.693],[-48.9202,-26.6601],[-48.8845,-26.657],[-48.8563,-26.6345],[-48.86,-26.5625]]]},"properties":{"code":"4210605","name":"Massaranduba","state":"SC"}},{"type":"Feature","geometry":{"type":"Polygon","coordinates":[[[-51.0096,-26.4938],[-51.0,-26.457],[-50.9714,-26.4263],[-50.9854,-26.4049],[-51.0249,-26.4058],[-51.1149,-26.3909],[-51.1902,-26.4521],[-51.2014,-26.4272],[-51.2704,-26.3869],[-51.2929,-26.4341],[-51.2532,-26.4621],[-51.2732,-26.4983],[-51.2281,-26.5546],[-51.2221,-26.5937],[-51.142,-26.6017],[-51.1374,-26.5673],[-51.1055,-26.5585],[-51.0757,-26.5146],[-51.0096,-26.4938]]]},"properties":{"code":"4210704","name":"Matos Costa","state":"SC"}},{"type":"Feature","geometry":{"type":"Polygon","coordinates":[[[-49.6767,-28.8682],[-49.6395,-28.8995],[-49.5339,-28.9173],[-49.5136,-28.8918],[-49.5169,-28.8578],[-49.5331,-28.8325],[-49.5955,-28.7758],[-49.6048,-28.7524],[-49.67,-28.7539],[-49.6767,-28.8682]]]},"properties":{"code":"4210803","name":"Meleiro","state":"SC"}},{"type":"Feature","geometry":{"type":"Polygon","coordinates":[[[-50.0038,-27.213],[-50.0047,-27.1734],[-50.0515,-27.1759],[-50.0621,-27.1504],[-50.153,-27.1342],[-50.1679,-27.1495],[-50.2268,-27.1509],[-50.2501,-27.0998],[-50.3153,-27.0755],[-50.3489,-27.0936],[-50.3198,-27.1139],[-50.3068,-27.1644],[-50.2866,-27.1693],[-50.2733,-27.2108],[-50.2435,-27.237],[-50.2039,-27.2435],[-50.1753,-27.2692],[-50.1296,-27.274],[-50.0716,-27.2395],[-50.0464,-27.2059],[-50.0038,-27.213]]]},"properties":{"code":"4210852","name":"Mirim Doce","state":"SC"}},{"type":"Feature","geometry":{"type":"Polygon","coordinates":[[[-52.9736,-26.7448],[-53.0493,-26.746],[-53.0696,-26.7369],[-53.1094,-26.7407],[-53.097,-26.7713],[-53.1207,-26.8086],[-53.1158,-26.8153],[-53.0972,-26.8058],[-53.0421,-26.8143],[-53.0007,-26.8038],[-52.9907,-26.7748],[-52.9578,-26.7547],[-52.9736,-26.7448]]]},"properties":{"code":"4210902","name":"Modelo","state":"SC"}},{"type":"Feature","geometry":{"type":"Polygon","coordinates":[[[-53.3754,-27.0154],[-53.4501,-27.0093],[-53.4482,-27.0392],[-53.4894,-27.0823],[-53.5197,-27.0816],[-53.5258,-27.1309],[-53.5481,-27.1561],[-53.5478,-27.1764],[-53.5182,-27.2022],[-53.4882,-27.1938],[-53.5081,-27.1515],[-53.4763,-27.1389],[-53.4554,-27.1569],[-53.4062,-27.1365],[-53.381,-27.0941],[-53.3554,-27.1113],[-53.33,-27.0889],[-53.3668,-27.0675],[-53.3754,-27.0154]]]},"properties":{"code":"4211009","name":"Mondaí","state":"SC"}},{"type":"Feature","geometry":{"type":"Polygon","coordinates":[[[-50.8379,-27.1842],[-50.8768,-27.1463],[-50.8804,-27.1266],[-50.9298,-27.1189],[-50.9605,-27.1546],[-51.0064,-27.1723],[-51.0363,-27.2334],[-50.9892,-27.2501],[-50.9108,-27.2074],[-50.8931,-27.2328],[-50.8539,-27.2474],[-50.8207,-27.2295],[-50.8379,-27.1842]]]},"properties":{"code":"4211058","name":"Monte Carlo","state":"SC"}},{"type":"Feature","geometry":{"type":"Polygon","coordinates":[[[-50.2196,-26.8139],[-50.216,-26.7853],[-50.2532,-26.7346],[-50.2467,-26.6991],[-50.2226,-26.6801],[-50.2054,-26.639],[-50.2001,-26.5393],[-50.1898,-26.4799],[-50.1956,-26.448],[-50.2694,-26.4436],[-50.2593,-26.4924],[-50.2347,-26.5075],[-50.3077,-26.5612],[-50.3654,-26.5805],[-50.3754,-26.6266],[-50.4256,-26.6697],[-50.4372,-26.6974],[-50.4125,-26.7296],[-50.3536,-26.7367],[-50.337,-26.7799],[-50.3417,-26.827],[-50.289,-26.8357],[-50.2545,-26.8631],[-50.2196,-26.8139]]]},"properties":{"code":"4211108","name":"Monte Castelo","state":"SC"}},{"type":"Feature","geometry":{"type":"Polygon","coordinates":[[[-49.2436,-28.6746],[-49.176,-28.6845],[-49.1816,-28.6412],[-49.2434,-28.5898],[-49.2453,-28.5906],[-49.2919,-28.6213],[-49.3588,-28.6366],[-49.2937,-28.6384],[-49.2436,-28.6746]]]},"properties":{"code":"4211207","name":"Morro da Fumaça","state":"SC"}},{"type":"Feature","geometry":{"type":"Polygon","coordinates":[[[-49.8402,-28.7131],[-49.7982,-28.7147],[-49.7989,-28.7517],[-49.7327,-28.8041],[-49.6767,-28.8682],[-49.67,-28.7539],[-49.6737,-28.703],[-49.7119,-28.6655],[-49.7041,-28.63],[-49.7566,-28.616],[-49.8392,-28.6665],[-49.8402,-28.7131]]]},"properties":{"code":"4211256","name":"Morro Grande","state":"SC"}},{"type":"Feature","geometry":{"type":"Polygon","coordinates":[[[-48.7598,-26.8552],[-48.726,-26.8649],[-48.6422,-26.9127],[-48.6212,-26.8262],[-48.6687,-26.8411],[-48.7113,-26.842],[-48.7085,-26.8156],[-48.8178,-26.7409],[-48.8111,-26.7896],[-48.82,-26.8235],[-48.7729,-26.8327],[-48.7598,-26.8552]]]},"properties":{"code":"4211306","name":"Navegantes","state":"SC"}},{"type":"Feature","geometry":{"type":"Polygon","coordinates":[[[-52.8453,-26.8929],[-52.9059,-26.8621],[-52.9475,-26.8817],[-52.9343,-26.9483],[-52.9052,-26.9736],[-52.894,-26.9753],[-52.8573,-26.9167],[-52.8453,-26.8929]]]},"properties":{"code":"4211405","name":"Nova Erechim","state":"SC"}},{"type":"Feature","geometry":{"type":"Polygon","coordinates":[[[-52.7577,-26.9419],[-52.8065,-26.9004],[-52.8573,-26.9167],[-52.894,-26.9753],[-52.8917,-27.0106],[-52.8405,-27.018],[-52.7688,-26.9947],[-52.7577,-26.9419]]]},"properties":{"code":"4211454","name":"Nova Itaberaba","state":"SC"}},{"type":"Feature","geometry":{"type":"Polygon","coordinates":[[[-48.9424,-27.3386],[-48.8838,-27.2903],[-48.8975,-27.2498],[-48.8654,-27.2197],[-48.8819,-27.1845],[-48.8945,-27.1841],[-48.9898,-27.2486],[-49.0193,-27.256],[-49.0376,-27.2719],[-49.1222,-27.2756],[-49.2216,-27.3088],[-49.2241,-27.3212],[-49.202,-27.3283],[-49.1614,-27.3711],[-49.1881,-27.4076],[-49.1306,-27.4216],[-48.9424,-27.3386]]]},"properties":{"code":"4211504","name":"Nova Trento","state":"SC"}},{"type":"Feature","geometry":{"type":"Polygon","coordinates":[[[-49.4765,-28.7127],[-49.4517,-28.6339],[-49.6854,-28.6209],[-49.7031,-28.6289],[-49.7041,-28.63],[-49.7119,-28.6655],[-49.6737,-28.703],[-49.67,-28.7539],[-49.6048,-28.7524],[-49.5955,-28.7758],[-49.5695,-28.7533],[-49.5267,-28.751],[-49.5128,-28.7209],[-49.4765,-28.7127]]]},"properties":{"code":"4211603","name":"Nova Veneza","state":"SC"}},{"type":"Feature","geometry":{"type":"Polygon","coordinates":[[[-52.7554,-26.4545],[-52.7766,-26.452],[-52.85,-26.4043],[-52.8706,-26.4288],[-52.8835,-26.491],[-52.842,-26.5003],[-52.8,-26.4928],[-52.7947,-26.5343],[-52.766,-26.5507],[-52.7605,-26.5866],[-52.7485,-26.595],[-52.7071,-26.5835],[-52.745,-26.5059],[-52.7405,-26.4625],[-52.7554,-26.4545]]]},"properties":{"code":"4211652","name":"Novo Horizonte","state":"SC"}},{"type":"Feature","geometry":{"type":"Polygon","coordinates":[[[-49.3355,-28.4179],[-49.2891,-28.3973],[-49.2213,-28.4328],[-49.1898,-28.3894],[-49.224,-28.3796],[-49.2002,-28.2885],[-49.2324,-28.2563],[-49.2756,-28.2479],[-49.3474,-28.2388],[-49.3958,-28.1934],[-49.3978,-28.1583],[-49.4404,-28.1328],[-49.4746,-28.1258],[-49.5297,-28.1873],[-49.5413,-28.2351],[-49.523,-28.307],[-49.4829,-28.3043],[-49.3606,-28.3412],[-49.3404,-28.3654],[-49.3355,-28.4179]]]},"properties":{"code":"4211702","name":"Orleans","state":"SC"}},{"type":"Feature","geometry":{"type":"Polygon","coordinates":[[[-50.182,-27.4456],[-50.1439,-27.4873],[-50.1325,-27.5153],[-50.0941,-27.5437],[-50.0999,-27.5619],[-50.0465,-27.5786],[-50.013,-27.6065],[-49.9997,-27.6407],[-49.9711,-27.6571],[-49.9018,-27.6531],[-49.8704,-27.6798],[-49.8392,-27.678],[-49.7307,-27.6556],[-49.7321,-27.6193],[-49.7633,-27.581],[-49.8284,-27.5442],[-49.8511,-27.5052],[-49.8937,-27.4902],[-49.9074,-27.4321],[-49.9567,-27.4017],[-49.9961,-27.4135],[-50.0323,-27.3715],[-50.0264,-27.325],[-50.0758,-27.3048],[-50.0903,-27.3296],[-50.145,-27.3773],[-50.1455,-27.4012],[-50.182,-27.4456]]]},"properties":{"code":"4211751","name":"Otacílio Costa","state":"SC"}},{"type":"Feature","geometry":{"type":"Polygon","coordinates":[[[-51.7297,-27.3567],[-51.6921,-27.3689],[-51.627,-27.3518],[-51.5922,-27.3325],[-51.5953,-27.2983],[-51.5972,-27.2711],[-51.6485,-27.2356],[-51.6565,-27.2016],[-51.6855,-27.1834],[-51.7247,-27.2068],[-51.7564,-27.2809],[-51.7605,-27.3067],[-51.7297,-27.3567]]]},"properties":{"code":"4211801","name":"Ouro","state":"SC"}},{"type":"Feature","geometry":{"type":"Polygon","coordinates":[[[-52.3616,-26.7594],[-52.3169,-26.7532],[-52.2328,-26.7593],[-52.1853,-26.7129],[-52.1862,-26.6694],[-52.2539,-26.6758],[-52.2813,-26.6438],[-52.3702,-26.6697],[-52.3538,-26.7233],[-52.3616,-26.7594]]]},"properties":{"code":"4211850","name":"Ouro Verde","state":"SC"}},{"type":"Feature","geometry":{"type":"Polygon","coordinates":[[[-52.5363,-27.2601],[-52.4793,-27.2659],[-52.4798,-27.2355],[-52.4325,-27.2178],[-52.4019,-27.1906],[-52.4337,-27.1944],[-52.4558,-27.1759],[-52.5073,-27.1595],[-52.5446,-27.2406],[-52.5363,-27.2601]]]},"properties":{"code":"4211876","name":"Paial","state":"SC"}},{"type":"Feature","geometry":{"type":"Polygon","coordinates":[[[-50.0545,-28.0936],[-50.0402,-28.0667],[-50.0101,-28.0565],[-50.0004,-28.006],[-49.9687,-27.9966],[-49.934,-27.9365],[-49.8656,-27.9115],[-49.8694,-27.9005],[-49.9091,-27.8459],[-49.9591,-27.8477],[-50.0008,-27.7969],[-50.0666,-27.8112],[-50.0675,-27.8298],[-50.1076,-27.8573],[-50.1374,-27.8535],[-50.2035,-27.8654],[-50.2132,-27.8967],[-50.182,-27.9373],[-50.1997,-27.9932],[-50.1918,-28.0893],[-50.1958,-28.1249],[-50.1739,-28.1612],[-50.1254,-28.1586],[-50.1039,-28.1238],[-50.0774,-28.123],[-50.0545,-28.0936]]]},"properties":{"code":"4211892","name":"Painel","state":"SC"}},{"type":"Feature","geometry":{"type":"Polygon","coordinates":[[[-48.7396,-27.7951],[-48.7453,-27.8173],[-48.724,-27.8947],[-48.6094,-27.9169],[-48.587,-27.9044],[-48.5958,-27.8509],[-48.5766,-27.844],[-48.6018,-27.778],[-48.6027,-27.6626],[-48.6372,-27.6514],[-48.6551,-27.6212],[-48.7384,-27.6146],[-48.7309,-27.679],[-48.7073,-27.6949],[-48.682,-27.7586],[-48.7396,-27.7951]]]},"properties":{"code":"4211900","name":"Palhoça","state":"SC"}},{"type":"Feature","geometry":{"type":"Polygon","coordinates":[[[-53.1693,-26.3481],[-53.2644,-26.2893],[-53.2836,-26.2458],[-53.3044,-26.2584],[-53.3423,-26.2491],[-53.343,-26.2972],[-53.3943,-26.3661],[-53.4027,-26.4277],[-53.3688,-26.441],[-53.4096,-26.4773],[-53.4072,-26.5184],[-53.3771,-26.5154],[-53.3606,-26.4879],[-53.2834,-26.452],[-53.2914,-26.4321],[-53.252,-26.3777],[-53.1915,-26.3694],[-53.1602,-26.3506],[-53.1693,-26.3481]]]},"properties":{"code":"4212007","name":"Palma Sola","state":"SC"}},{"type":"Feature","geometry":{"type":"Polygon","coordinates":[[[-50.2697,-27.525],[-50.224,-27.5321],[-50.1911,-27.5936],[-50.1943,-27.6327],[-50.1508,-27.6529],[-50.1379,-27.703],[-50.0683,-27.6271],[-50.0465,-27.5786],[-50.0999,-27.5619],[-50.0941,-27.5437],[-50.1325,-27.5153],[-50.1439,-27.4873],[-50.182,-27.4456],[-50.2454,-27.4757],[-50.268,-27.4612],[-50.2992,-27.4962],[-50.2697,-27.525]]]},"properties":{"code":"4212056","name":"Palmeira","state":"SC"}},{"type":"Feature","geometry":{"type":"Polygon","coordinates":[[[-53.108,-27.0312],[-53.1343,-26.9947],[-53.1431,-26.9438],[-53.1909,-26.9511],[-53.2319,-27.0841],[-53.2549,-27.0913],[-53.2962,-27.1324],[-53.3225,-27.2099],[-53.2321,-27.1711],[-53.1877,-27.1923],[-53.1695,-27.1442],[-53.1396,-27.1757],[-53.0712,-27.157],[-53.0767,-27.1078],[-53.0755,-27.0917],[-53.1132,-27.046],[-53.108,-27.0312]]]},"properties":{"code":"4212106","name":"Palmitos","state":"SC"}},{"type":"Feature","geometry":{"type":"Polygon","coordinates":[[[-50.2196,-26.8139],[-50.1621,-26.789],[-50.0977,-26.8173],[-50.086,-26.81],[-50.0998,-26.8014],[-50.1145,-26.7105],[-50.1351,-26.6642],[-50.1183,-26.618],[-50.1315,-26.5866],[-50.1249,-26.5234],[-50.0911,-26.524],[-50.0704,-26.4511],[-50.0722,-26.4128],[-50.1128,-26.3382],[-50.1257,-26.2906],[-50.0984,-26.2783],[-50.1346,-26.2512],[-50.153,-26.2089],[-50.1795,-26.2152],[-50.1874,-26.2706],[-50.2069,-26.2846],[-50.2847,-26.3083],[-50.2888,-26.3726],[-50.2694,-26.4436],[-50.1956,-26.448],[-50.1898,-26.4799],[-50.2001,-26.5393],[-50.2054,-26.639],[-50.2226,-26.6801],[-50.2467,-26.6991],[-50.2532,-26.7346],[-50.216,-26.7853],[-50.2196,-26.8139]]]},"properties":{"code":"4212205","name":"Papanduva","state":"SC"}},{"type":"Feature","geometry":{"type":"Polygon","coordinates":[[[-53.5984,-26.6582],[-53.6314,-26.6122],[-53.6752,-26.5791],[-53.7307,-26.6007],[-53.7233,-26.656],[-53.7396,-26.7424],[-53.7144,-26.7508],[-53.6848,-26.72],[-53.642,-26.7167],[-53.596,-26.688],[-53.5984,-26.6582]]]},"properties":{"code":"4212239","name":"Paraíso","state":"SC"}},{"type":"Feature","geometry":{"type":"Polygon","coordinates":[[[-49.7129,-29.3256],[-49.6451,-29.2384],[-49.6607,-29.2424],[-49.7121,-29.2058],[-49.7398,-29.2435],[-49.7779,-29.2374],[-49.7918,-29.2856],[-49.7421,-29.2988],[-49.7129,-29.3256]]]},"properties":{"code":"4212254","name":"Passo de Torres","state":"SC"}},{"type":"Feature","geometry":{"type":"Polygon","coordinates":[[[-52.1148,-26.859],[-52.0437,-26.8394],[-52.0136,-26.8461],[-51.9799,-26.8002],[-51.9782,-26.7772],[-51.9226,-26.7865],[-51.8577,-26.7692],[-51.7836,-26.7595],[-51.7645,-26.7382],[-51.7815,-26.7071],[-51.8425,-26.7002],[-51.8549,-26.673],[-51.824,-26.5819],[-51.8779,-26.5976],[-51.9003,-26.5793],[-52.0088,-26.5666],[-52.0291,-26.5469],[-52.0672,-26.678],[-52.0479,-26.6949],[-52.0599,-26.7281],[-52.0394,-26.7745],[-52.1034,-26.7767],[-52.1413,-26.796],[-52.1411,-26.837],[-52.1148,-26.859]]]},"properties":{"code":"4212270","name":"Passos Maia","state":"SC"}},{"type":"Feature","geometry":{"type":"Polygon","coordinates":[[[-48.707,-28.0826],[-48.7198,-28.0459],[-48.6716,-28.0038],[-48.6498,-27.966],[-48.6209,-27.9449],[-48.587,-27.9044],[-48.6094,-27.9169],[-48.724,-27.8947],[-48.7453,-27.8173],[-48.7396,-27.7951],[-48.766,-27.838],[-48.8113,-27.8286],[-48.842,-27.8615],[-48.8368,-27.9318],[-48.8411,-27.9983],[-48.8638,-28.0468],[-48.8937,-28.08],[-48.869,-28.0804],[-48.8323,-28.0716],[-48.8075,-28.0935],[-48.7617,-28.0904],[-48.707,-28.0826]]]},"properties":{"code":"4212304","name":"Paulo Lopes","state":"SC"}},{"type":"Feature","geometry":{"type":"Polygon","coordinates":[[[-49.1898,-28.3894],[-49.2213,-28.4328],[-49.2353,-28.4577],[-49.279,-28.4845],[-49.2856,-28.5149],[-49.2499,-28.5673],[-49.2529,-28.5887],[-49.2453,-28.5906],[-49.2434,-28.5898],[-49.1802,-28.4981],[-49.112,-28.4437],[-49.1375,-28.4138],[-49.181,-28.4139],[-49.1898,-28.3894]]]},"properties":{"code":"4212403","name":"Pedras Grandes","state":"SC"}},{"type":"Feature","geometry":{"type":"Polygon","coordinates":[[[-48.6212,-26.8262],[-48.6202,-26.7894],[-48.6613,-26.7712],[-48.7085,-26.8156],[-48.7113,-26.842],[-48.6687,-26.8411],[-48.6212,-26.8262]]]},"properties":{"code":"4212502","name":"Penha","state":"SC"}},{"type":"Feature","geometry":{"type":"Polygon","coordinates":[[[-51.9394,-27.3356],[-51.9154,-27.3897],[-51.8821,-27.4259],[-51.8382,-27.3725],[-51.8177,-27.3698],[-51.8224,-27.2965],[-51.8586,-27.3194],[-51.9036,-27.3005],[-51.9394,-27.3356]]]},"properties":{"code":"4212601","name":"Peritiba","state":"SC"}},{"type":"Feature","geometry":{"type":"Polygon","coordinates":[[[-48.8044,-28.356],[-48.9481,-28.3591],[-48.9372,-28.3836],[-48.9402,-28.4117],[-48.9141,-28.4672],[-48.8522,-28.427],[-48.8044,-28.356]]]},"properties":{"code":"4212650","name":"Pescaria Brava","state":"SC"}},{"type":"Feature","geometry":{"type":"Polygon","coordinates":[[[-49.7633,-27.581],[-49.7321,-27.6193],[-49.7307,-27.6556],[-49.7137,-27.6443],[-49.6627,-27.6487],[-49.6205,-27.6188],[-49.6127,-27.5833],[-49.5916,-27.5714],[-49.6016,-27.5201],[-49.5824,-27.4769],[-49.6373,-27.452],[-49.6747,-27.4589],[-49.7473,-27.4766],[-49.7619,-27.4684],[-49.7866,-27.4981],[-49.7564,-27.5174],[-49.7633,-27.581]]]},"properties":{"code":"4212700","name":"Petrolândia","state":"SC"}},{"type":"Feature","geometry":{"type":"Polygon","coordinates":[[[-48.6613,-26.7712],[-48.6819,-26.7184],[-48.7568,-26.7406],[-48.7732,-26.7077],[-48.8007,-26.7132],[-48.8178,-26.7409],[-48.7085,-26.8156],[-48.6613,-26.7712]]]},"properties":{"code":"4212809","name":"Balneário Piçarras","state":"SC"}},{"type":"Feature","geometry":{"type":"Polygon","coordinates":[[[-52.9578,-26.7547],[-52.9907,-26.7748],[-53.0007,-26.8038],[-53.0421,-26.8143],[-53.0515,-26.8467],[-53.0364,-26.8761],[-53.0077,-26.8873],[-52.9475,-26.8817],[-52.9059,-26.8621],[-52.919,-26.8464],[-52.9141,-26.8248],[-52.9324,-26.7769],[-52.9578,-26.7547]]]},"properties":{"code":"4212908","name":"Pinhalzinho","state":"SC"}},{"type":"Feature","geometry":{"type":"Polygon","coordinates":[[[-51.299,-27.0575],[-51.2134,-27.0684],[-51.1575,-27.0895],[-51.1963,-27.0288],[-51.2485,-27.0338],[-51.3175,-27.0188],[-51.299,-27.0575]]]},"properties":{"code":"4213005","name":"Pinheiro Preto","state":"SC"}},{"type":"Feature","geometry":{"type":"Polygon","coordinates":[[[-51.7329,-27.3921],[-51.7589,-27.415],[-51.8081,-27.4225],[-51.87,-27.4496],[-51.8582,-27.4751],[-51.8371,-27.5222],[-51.788,-27.5148],[-51.7516,-27.4881],[-51.7173,-27.5114],[-51.7012,-27.4798],[-51.6856,-27.4321],[-51.7329,-27.3921]]]},"properties":{"code":"4213104","name":"Piratuba","state":"SC"}},{"type":"Feature","geometry":{"type":"Polygon","coordinates":[[[-52.8984,-27.0862],[-52.852,-27.1125],[-52.8291,-27.1068],[-52.8396,-27.0441],[-52.8405,-27.018],[-52.8917,-27.0106],[-52.894,-26.9753],[-52.9052,-26.9736],[-52.8984,-27.0862]]]},"properties":{"code":"4213153","name":"Planalto Alegre","state":"SC"}},{"type":"Feature","geometry":{"type":"Polygon","coordinates":[[[-49.198,-26.8363],[-49.1277,-26.8326],[-49.1103,-26.7438],[-49.1331,-26.6943],[-49.13,-26.6355],[-49.1641,-26.6482],[-49.1753,-26.6138],[-49.2231,-26.6205],[-49.2152,-26.6546],[-49.234,-26.6904],[-49.2312,-26.7508],[-49.214,-26.7552],[-49.1954,-26.7926],[-49.2071,-26.8304],[-49.198,-26.8363]]]},"properties":{"code":"4213203","name":"Pomerode","state":"SC"}},{"type":"Feature","geometry":{"type":"Polygon","coordinates":[[[-50.4868,-27.4586],[-50.4597,-27.4933],[-50.4019,-27.4754],[-50.3764,-27.5019],[-50.3952,-27.5467],[-50.3258,-27.5261],[-50.2697,-27.525],[-50.2992,-27.4962],[-50.268,-27.4612],[-50.2454,-27.4757],[-50.182,-27.4456],[-50.1455,-27.4012],[-50.145,-27.3773],[-50.0903,-27.3296],[-50.0758,-27.3048],[-50.1296,-27.274],[-50.1753,-27.2692],[-50.1878,-27.3257],[-50.2084,-27.3464],[-50.3586,-27.3435],[-50.398,-27.3609],[-50.4637,-27.3669],[-50.4814,-27.4025],[-50.4868,-27.4586]]]},"properties":{"code":"4213302","name":"Ponte Alta","state":"SC"}},{"type":"Feature","geometry":{"type":"Polygon","coordinates":[[[-50.5018,-27.2184],[-50.4443,-27.2275],[-50.3951,-27.2619],[-50.2743,-27.268],[-50.2435,-27.237],[-50.2733,-27.2108],[-50.2866,-27.1693],[-50.3068,-27.1644],[-50.3198,-27.1139],[-50.3489,-27.0936],[-50.3883,-27.1177],[-50.428,-27.1086],[-50.5263,-27.12],[-50.5412,-27.1461],[-50.5928,-27.1403],[-50.6097,-27.1909],[-50.5018,-27.2184]]]},"properties":{"code":"4213351","name":"Ponte Alta do Norte","state":"SC"}},{"type":"Feature","geometry":{"type":"Polygon","coordinates":[[[-51.8262,-26.9234],[-51.8149,-26.8687],[-51.757,-26.8392],[-51.7246,-26.8465],[-51.702,-26.792],[-51.7315,-26.7901],[-51.7836,-26.7595],[-51.8577,-26.7692],[-51.9226,-26.7865],[-51.9782,-26.7772],[-51.9799,-26.8002],[-52.0136,-26.8461],[-52.0437,-26.8394],[-52.1148,-26.859],[-52.1428,-26.8972],[-52.1485,-26.9294],[-52.1093,-26.9544],[-52.0667,-26.9599],[-52.0124,-26.948],[-51.9437,-26.9419],[-51.9305,-26.9292],[-51.8839,-26.9452],[-51.8438,-26.9434],[-51.8262,-26.9234]]]},"properties":{"code":"4213401","name":"Ponte Serrada","state":"SC"}},{"type":"Feature","geometry":{"type":"Polygon","coordinates":[[[-48.508,-27.1105],[-48.5532,-27.1575],[-48.5856,-27.1449],[-48.604,-27.1366],[-48.6584,-27.1514],[-48.69,-27.1414],[-48.6902,-27.1843],[-48.6586,-27.2152],[-48.6027,-27.2179],[-48.5784,-27.2115],[-48.5757,-27.1862],[-48.5411,-27.173],[-48.508,-27.1105]]]},"properties":{"code":"4213500","name":"Porto Belo","state":"SC"}},{"type":"Feature","geometry":{"type":"Polygon","coordinates":[[[-51.2704,-26.3869],[-51.2014,-26.4272],[-51.1902,-26.4521],[-51.1149,-26.3909],[-51.0249,-26.4058],[-50.9854,-26.4049],[-50.9714,-26.4263],[-51.0,-26.457],[-51.0096,-26.4938],[-50.9425,-26.5503],[-50.856,-26.5606],[-50.8251,-26.5481],[-50.7974,-26.5082],[-50.8168,-26.4775],[-50.8152,-26.4406],[-50.8493,-26.428],[-50.8434,-26.3812],[-50.8841,-26.3796],[-50.8997,-26.2893],[-50.9095,-26.2494],[-50.9436,-26.2438],[-50.9713,-26.2613],[-50.9915,-26.235],[-51.0568,-26.2439],[-51.0774,-26.2312],[-51.1018,-26.2727],[-51.1484,-26.2788],[-51.2029,-26.2982],[-51.2522,-26.3515],[-51.2704,-26.3869]]]},"properties":{"code":"4213609","name":"Porto União","state":"SC"}},{"type":"Feature","geometry":{"type":"Polygon","coordinates":[[[-49.8854,-27.3062],[-49.8234,-27.2654],[-49.8426,-27.2359],[-49.9131,-27.2189],[-49.9331,-27.1892],[-50.0038,-27.213],[-50.0464,-27.2059],[-50.0716,-27.2395],[-50.1296,-27.274],[-50.0758,-27.3048],[-50.0264,-27.325],[-50.0323,-27.3715],[-49.9961,-27.4135],[-49.9567,-27.4017],[-49.9321,-27.3703],[-49.9312,-27.3238],[-49.8854,-27.3062]]]},"properties":{"code":"4213708","name":"Pouso Redondo","state":"SC"}},{"type":"Feature","geometry":{"type":"Polygon","coordinates":[[[-49.9576,-29.1995],[-49.9126,-29.1956],[-49.8914,-29.1751],[-49.8254,-29.1493],[-49.832,-29.1218],[-49.877,-29.0947],[-49.9042,-29.103],[-49.9576,-29.0682],[-50.018,-29.1628],[-50.1078,-29.211],[-50.1456,-29.1978],[-50.1446,-29.2702],[-50.1125,-29.304],[-50.041,-29.3551],[-50.034,-29.3496],[-50.1155,-29.2623],[-50.0099,-29.2254],[-49.9576,-29.1995]]]},"properties":{"code":"4213807","name":"Praia Grande","state":"SC"}},{"type":"Feature","geometry":{"type":"Polygon","coordinates":[[[-51.8147,-27.1877],[-51.8332,-27.234],[-51.7903,-27.2589],[-51.7984,-27.2913],[-51.7564,-27.2809],[-51.7247,-27.2068],[-51.7721,-27.2067],[-51.8147,-27.1877]]]},"properties":{"code":"4213906","name":"Presidente Castello Branco","state":"SC"}},{"type":"Feature","geometry":{"type":"Polygon","coordinates":[[[-49.5855,-27.0874],[-49.6011,-27.011],[-49.6325,-26.9945],[-49.6902,-26.9247],[-49.6835,-26.9837],[-49.7089,-27.0161],[-49.6971,-27.0432],[-49.773,-27.026],[-49.845,-27.0236],[-49.8455,-27.0685],[-49.8025,-27.1286],[-49.7426,-27.1455],[-49.7174,-27.1439],[-49.6428,-27.1084],[-49.6158,-27.0802],[-49.5855,-27.0874]]]},"properties":{"code":"4214003","name":"Presidente Getúlio","state":"SC"}},{"type":"Feature","geometry":{"type":"Polygon","coordinates":[[[-49.2205,-27.1635],[-49.2482,-27.1982],[-49.3096,-27.2143],[-49.3434,-27.2386],[-49.374,-27.2277],[-49.4471,-27.2554],[-49.4916,-27.3008],[-49.4805,-27.3054],[-49.4583,-27.357],[-49.4102,-27.352],[-49.3967,-27.3285],[-49.3181,-27.3166],[-49.3121,-27.2773],[-49.2732,-27.2462],[-49.2219,-27.2314],[-49.1914,-27.2036],[-49.211,-27.1577],[-49.2205,-27.1635]]]},"properties":{"code":"4214102","name":"Presidente Nereu","state":"SC"}},{"type":"Feature","geometry":{"type":"Polygon","coordinates":[[[-53.6884,-26.4433],[-53.6383,-26.449],[-53.6247,-26.4728],[-53.5821,-26.4765],[-53.5408,-26.4273],[-53.5833,-26.4131],[-53.6043,-26.3764],[-53.6668,-26.4256],[-53.6888,-26.4286],[-53.6884,-26.4433]]]},"properties":{"code":"4214151","name":"Princesa","state":"SC"}},{"type":"Feature","geometry":{"type":"Polygon","coordinates":[[[-52.6263,-26.6463],[-52.6785,-26.6731],[-52.7438,-26.658],[-52.802,-26.686],[-52.8463,-26.6699],[-52.8172,-26.734],[-52.7917,-26.7892],[-52.764,-26.819],[-52.7169,-26.8036],[-52.6862,-26.8067],[-52.6849,-26.7734],[-52.6569,-26.7526],[-52.623,-26.7716],[-52.6454,-26.7509],[-52.5979,-26.7192],[-52.6074,-26.6749],[-52.6263,-26.6463]]]},"properties":{"code":"4214201","name":"Quilombo","state":"SC"}},{"type":"Feature","geometry":{"type":"Polygon","coordinates":[[[-49.1577,-27.7445],[-49.0908,-27.751],[-49.031,-27.7738],[-49.0068,-27.7013],[-48.9605,-27.6577],[-48.9699,-27.6345],[-49.0103,-27.6223],[-49.0647,-27.6489],[-49.0892,-27.5853],[-49.1824,-27.5909],[-49.2092,-27.6293],[-49.2016,-27.6452],[-49.1649,-27.6622],[-49.147,-27.6877],[-49.1577,-27.7445]]]},"properties":{"code":"4214300","name":"Rancho Queimado","state":"SC"}},{"type":"Feature","geometry":{"type":"Polygon","coordinates":[[[-51.1922,-26.8513],[-51.1778,-26.8684],[-51.1787,-26.9174],[-51.1598,-26.9544],[-51.1264,-26.9614],[-51.1175,-26.9843],[-51.0454,-26.9863],[-50.9862,-26.9792],[-50.9903,-26.9618],[-50.846,-26.8729],[-50.9738,-26.8935],[-50.9825,-26.8699],[-51.0392,-26.8672],[-51.0497,-26.843],[-51.1839,-26.8332],[-51.1922,-26.8513]]]},"properties":{"code":"4214409","name":"Rio das Antas","state":"SC"}},{"type":"Feature","geometry":{"type":"Polygon","coordinates":[[[-50.2908,-26.9699],[-50.2357,-26.9859],[-50.1337,-26.9848],[-50.1006,-27.0199],[-50.0676,-27.0329],[-50.0923,-26.9881],[-50.0554,-26.9365],[-50.0239,-26.9207],[-49.9996,-26.8758],[-49.9694,-26.869],[-49.95,-26.8078],[-49.9784,-26.7952],[-50.0456,-26.8134],[-50.086,-26.81],[-50.0977,-26.8173],[-50.1621,-26.789],[-50.2196,-26.8139],[-50.2545,-26.8631],[-50.2908,-26.9699]]]},"properties":{"code":"4214508","name":"Rio do Campo","state":"SC"}},{"type":"Feature","geometry":{"type":"Polygon","coordinates":[[[-49.8023,-27.2483],[-49.7607,-27.1962],[-49.7426,-27.1455],[-49.8025,-27.1286],[-49.8455,-27.0685],[-49.845,-27.0236],[-49.876,-27.0207],[-49.8985,-27.1027],[-49.9331,-27.1892],[-49.9131,-27.2189],[-49.8426,-27.2359],[-49.8234,-27.2654],[-49.8023,-27.2483]]]},"properties":{"code":"4214607","name":"Rio do Oeste","state":"SC"}},{"type":"Feature","geometry":{"type":"Polygon","coordinates":[[[-49.335,-26.7461],[-49.224,-26.773],[-49.214,-26.7552],[-49.2312,-26.7508],[-49.234,-26.6904],[-49.2152,-26.6546],[-49.2231,-26.6205],[-49.2848,-26.6072],[-49.2914,-26.5471],[-49.3321,-26.5386],[-49.3771,-26.4885],[-49.4172,-26.5101],[-49.4414,-26.489],[-49.5205,-26.5255],[-49.5471,-26.5261],[-49.5646,-26.566],[-49.5313,-26.5651],[-49.5079,-26.5981],[-49.4884,-26.66],[-49.4822,-26.6475],[-49.3994,-26.6705],[-49.3407,-26.7253],[-49.335,-26.7461]]]},"properties":{"code":"4214706","name":"Rio dos Cedros","state":"SC"}},{"type":"Feature","geometry":{"type":"Polygon","coordinates":[[[-49.5855,-27.0874],[-49.6158,-27.0802],[-49.6428,-27.1084],[-49.7174,-27.1439],[-49.6908,-27.2449],[-49.6817,-27.2913],[-49.6402,-27.2756],[-49.6203,-27.2848],[-49.5786,-27.2599],[-49.5273,-27.272],[-49.552,-27.2372],[-49.592,-27.128],[-49.5855,-27.0874]]]},"properties":{"code":"4214805","name":"Rio do Sul","state":"SC"}},{"type":"Feature","geometry":{"type":"Polygon","coordinates":[[[-49.1988,-28.1545],[-49.1701,-28.1503],[-49.0773,-28.1901],[-49.0311,-28.1509],[-49.064,-28.1156],[-49.0626,-28.0604],[-49.082,-28.0462],[-49.1549,-28.0898],[-49.1775,-28.0761],[-49.2225,-28.0221],[-49.2801,-28.0232],[-49.3084,-27.9704],[-49.3224,-27.9838],[-49.3418,-28.0172],[-49.3071,-28.0571],[-49.2967,-28.1042],[-49.268,-28.1122],[-49.2164,-28.1634],[-49.1988,-28.1545]]]},"properties":{"code":"4214904","name":"Rio Fortuna","state":"SC"}},{"type":"Feature","geometry":{"type":"Polygon","coordinates":[[[-49.4872,-26.1942],[-49.5017,-26.2199],[-49.5498,-26.2334],[-49.6031,-26.2267],[-49.6275,-26.2956],[-49.6112,-26.3359],[-49.6526,-26.3521],[-49.6351,-26.3766],[-49.6975,-26.3959],[-49.7373,-26.4247],[-49.7606,-26.4714],[-49.7345,-26.5228],[-49.7333,-26.5488],[-49.6927,-26.574],[-49.6863,-26.6145],[-49.7072,-26.6477],[-49.6941,-26.6872],[-49.6521,-26.6932],[-49.6223,-26.7045],[-49.6158,-26.6392],[-49.586,-26.6249],[-49.5802,-26.5797],[-49.5646,-26.566],[-49.5471,-26.5261],[-49.5205,-26.5255],[-49.4414,-26.489],[-49.4921,-26.4398],[-49.4836,-26.42],[-49.4536,-26.3899],[-49.4651,-26.3648],[-49.4708,-26.2411],[-49.4872,-26.1942]]]},"properties":{"code":"4215000","name":"Rio Negrinho","state":"SC"}},{"type":"Feature","geometry":{"type":"Polygon","coordinates":[[[-49.8656,-27.9115],[-49.8422,-27.9609],[-49.7943,-27.9824],[-49.7448,-28.0319],[-49.7105,-28.0073],[-49.7149,-27.9419],[-49.7029,-27.9178],[-49.6074,-27.9007],[-49.6449,-27.8799],[-49.6867,-27.8334],[-49.7366,-27.8356],[-49.7783,-27.8038],[-49.8092,-27.8676],[-49.8694,-27.9005],[-49.8656,-27.9115]]]},"properties":{"code":"4215059","name":"Rio Rufino","state":"SC"}},{"type":"Feature","geometry":{"type":"Polygon","coordinates":[[[-53.33,-27.0889],[-53.2867,-27.0457],[-53.2955,-26.9623],[-53.2914,-26.9284],[-53.3686,-26.8813],[-53.4081,-26.8885],[-53.4109,-26.9517],[-53.3754,-27.0154],[-53.3668,-27.0675],[-53.33,-27.0889]]]},"properties":{"code":"4215075","name":"Riqueza","state":"SC"}},{"type":"Feature","geometry":{"type":"Polygon","coordinates":[[[-49.4298,-26.9153],[-49.3904,-26.9308],[-49.3382,-26.9665],[-49.3158,-26.9593],[-49.2894,-26.9505],[-49.3151,-26.8995],[-49.305,-26.848],[-49.3301,-26.8078],[-49.4035,-26.8703],[-49.4298,-26.9153]]]},"properties":{"code":"4215109","name":"Rodeio","state":"SC"}},{"type":"Feature","geometry":{"type":"Polygon","coordinates":[[[-53.2387,-26.5433],[-53.2539,-26.5704],[-53.3448,-26.5853],[-53.3915,-26.621],[-53.3941,-26.6626],[-53.3831,-26.719],[-53.3943,-26.7442],[-53.3652,-26.7659],[-53.3382,-26.7239],[-53.306,-26.721],[-53.251,-26.6506],[-53.2273,-26.6391],[-53.2226,-26.5791],[-53.2387,-26.5433]]]},"properties":{"code":"4215208","name":"Romelândia","state":"SC"}},{"type":"Feature","geometry":{"type":"Polygon","coordinates":[[[-49.9463,-26.9947],[-49.9601,-26.9562],[-49.951,-26.9274],[-49.9694,-26.869],[-49.9996,-26.8758],[-50.0239,-26.9207],[-50.0554,-26.9365],[-50.0923,-26.9881],[-50.0676,-27.0329],[-50.0483,-27.0478],[-49.9765,-27.0466],[-49.9757,-27.0103],[-49.9463,-26.9947]]]},"properties":{"code":"4215307","name":"Salete","state":"SC"}},{"type":"Feature","geometry":{"type":"Polygon","coordinates":[[[-53.1139,-26.6296],[-53.0634,-26.6436],[-52.9979,-26.6352],[-52.9407,-26.614],[-52.9257,-26.581],[-52.9464,-26.5675],[-52.9774,-26.5357],[-53.0188,-26.5315],[-53.1233,-26.5734],[-53.0932,-26.5928],[-53.1139,-26.6296]]]},"properties":{"code":"4215356","name":"Saltinho","state":"SC"}},{"type":"Feature","geometry":{"type":"Polygon","coordinates":[[[-51.4365,-26.8558],[-51.5104,-26.8386],[-51.4877,-26.8594],[-51.4787,-26.9248],[-51.4061,-26.9431],[-51.3635,-26.9399],[-51.3681,-26.8692],[-51.4365,-26.8558]]]},"properties":{"code":"4215406","name":"Salto Veloso","state":"SC"}},{"type":"Feature","geometry":{"type":"Polygon","coordinates":[[[-49.1742,-28.6991],[-49.0989,-28.6851],[-49.0714,-28.6275],[-49.1033,-28.5929],[-49.1816,-28.6412],[-49.176,-28.6845],[-49.1742,-28.6991]]]},"properties":{"code":"4215455","name":"Sangão","state":"SC"}},{"type":"Feature","geometry":{"type":"Polygon","coordinates":[[[-50.6579,-27.0869],[-50.5975,-27.0506],[-50.5645,-27.0572],[-50.53,-27.0902],[-50.5263,-27.12],[-50.428,-27.1086],[-50.3883,-27.1177],[-50.3489,-27.0936],[-50.3153,-27.0755],[-50.3195,-27.0155],[-50.2908,-26.9699],[-50.2545,-26.8631],[-50.289,-26.8357],[-50.3417,-26.827],[-50.337,-26.7799],[-50.3536,-26.7367],[-50.4125,-26.7296],[-50.4728,-26.6962],[-50.469,-26.6624],[-50.4926,-26.6482],[-50.5164,-26.7154],[-50.4997,-26.769],[-50.5267,-26.781],[-50.52,-26.8218],[-50.5547,-26.8316],[-50.5883,-26.8638],[-50.591,-26.928],[-50.6183,-26.9526],[-50.6295,-27.0199],[-50.6638,-27.059],[-50.6579,-27.0869]]]},"properties":{"code":"4215505","name":"Santa Cecília","state":"SC"}},{"type":"Feature","geometry":{"type":"Polygon","coordinates":[[[-53.6717,-26.9428],[-53.5828,-26.9532],[-53.536,-26.9458],[-53.5757,-26.8957],[-53.626,-26.8848],[-53.6754,-26.8928],[-53.6717,-26.9428]]]},"properties":{"code":"4215554","name":"Santa Helena","state":"SC"}},{"type":"Feature","geometry":{"type":"Polygon","coordinates":[[[-49.3084,-27.9704],[-49.2801,-28.0232],[-49.2225,-28.0221],[-49.1775,-28.0761],[-49.1549,-28.0898],[-49.082,-28.0462],[-49.0626,-28.0604],[-49.0437,-28.0125],[-49.052,-27.99],[-49.1035,-28.0065],[-49.1711,-27.9773],[-49.3078,-27.941],[-49.3084,-27.9704]]]},"properties":{"code":"4215604","name":"Santa Rosa de Lima","state":"SC"}},{"type":"Feature","geometry":{"type":"Polygon","coordinates":[[[-49.8341,-29.0952],[-49.7636,-29.1695],[-49.7121,-29.2058],[-49.6563,-29.143],[-49.6902,-29.1135],[-49.7033,-29.0825],[-49.7392,-29.0741],[-49.7432,-29.0393],[-49.8217,-29.0801],[-49.8341,-29.0952]]]},"properties":{"code":"4215653","name":"Santa Rosa do Sul","state":"SC"}},{"type":"Feature","geometry":{"type":"Polygon","coordinates":[[[-49.8287,-26.7062],[-49.8814,-26.6195],[-49.9561,-26.5507],[-49.9945,-26.5062],[-50.0317,-26.5192],[-50.0911,-26.524],[-50.1249,-26.5234],[-50.1315,-26.5866],[-50.1183,-26.618],[-50.1351,-26.6642],[-50.1145,-26.7105],[-50.0998,-26.8014],[-50.086,-26.81],[-50.0456,-26.8134],[-49.9784,-26.7952],[-49.95,-26.8078],[-49.8976,-26.7696],[-49.8887,-26.7469],[-49.8287,-26.7062]]]},"properties":{"code":"4215679","name":"Santa Terezinha","state":"SC"}},{"type":"Feature","geometry":{"type":"Polygon","coordinates":[[[-53.1139,-26.6296],[-53.0932,-26.5928],[-53.1233,-26.5734],[-53.1467,-26.5284],[-53.1799,-26.531],[-53.2226,-26.5791],[-53.2273,-26.6391],[-53.2051,-26.6423],[-53.1366,-26.6396],[-53.1139,-26.6296]]]},"properties":{"code":"4215687","name":"Santa Terezinha do Progresso","state":"SC"}},{"type":"Feature","geometry":{"type":"Polygon","coordinates":[[[-52.7485,-26.595],[-52.7314,-26.6348],[-52.7438,-26.658],[-52.6785,-26.6731],[-52.6263,-26.6463],[-52.6632,-26.6287],[-52.6717,-26.6015],[-52.7071,-26.5835],[-52.7485,-26.595]]]},"properties":{"code":"4215695","name":"Santiago do Sul","state":"SC"}},{"type":"Feature","geometry":{"type":"Polygon","coordinates":[[[-48.7396,-27.7951],[-48.682,-27.7586],[-48.7073,-27.6949],[-48.7309,-27.679],[-48.7384,-27.6146],[-48.746,-27.6154],[-48.8445,-27.6252],[-48.8631,-27.6599],[-48.8254,-27.7164],[-48.8676,-27.7157],[-48.8594,-27.7554],[-48.8826,-27.7827],[-48.8824,-27.8151],[-48.9143,-27.8393],[-48.876,-27.8614],[-48.842,-27.8615],[-48.8113,-27.8286],[-48.766,-27.838],[-48.7396,-27.7951]]]},"properties":{"code":"4215703","name":"Santo Amaro da Imperatriz","state":"SC"}},{"type":"Feature","geometry":{"type":"Polygon","coordinates":[[[-52.9464,-26.5675],[-52.9197,-26.5039],[-52.9374,-26.4427],[-52.9676,-26.4408],[-53.0259,-26.4067],[-53.0655,-26.485],[-53.0188,-26.5315],[-52.9774,-26.5357],[-52.9464,-26.5675]]]},"properties":{"code":"4215752","name":"São Bernardino","state":"SC"}},{"type":"Feature","geometry":{"type":"Polygon","coordinates":[[[-49.2525,-26.2685],[-49.3259,-26.2219],[-49.3439,-26.1922],[-49.3898,-26.1995],[-49.4292,-26.17],[-49.486,-26.1852],[-49.4872,-26.1942],[-49.4708,-26.2411],[-49.4651,-26.3648],[-49.4536,-26.3899],[-49.4836,-26.42],[-49.4457,-26.427],[-49.4335,-26.3688],[-49.4029,-26.3494],[-49.3403,-26.3786],[-49.2905,-26.3708],[-49.231,-26.3971],[-49.1759,-26.3656],[-49.1867,-26.3451],[-49.1689,-26.308],[-49.2525,-26.2685]]]},"properties":{"code":"4215802","name":"São Bento do Sul","state":"SC"}},{"type":"Feature","geometry":{"type":"Polygon","coordinates":[[[-49.052,-27.99],[-49.0348,-28.0347],[-48.9748,-28.0788],[-48.9017,-28.0609],[-48.8937,-28.08],[-48.8638,-28.0468],[-48.8411,-27.9983],[-48.8368,-27.9318],[-48.842,-27.8615],[-48.876,-27.8614],[-48.9143,-27.8393],[-48.8824,-27.8151],[-48.9467,-27.8162],[-49.0165,-27.8665],[-49.0159,-27.9092],[-49.052,-27.99]]]},"properties":{"code":"4215901","name":"São Bonifácio","state":"SC"}},{"type":"Feature","geometry":{"type":"Polygon","coordinates":[[[-53.0178,-27.0931],[-52.9927,-27.0986],[-52.982,-27.0361],[-52.9512,-27.0029],[-52.9652,-26.9632],[-53.0466,-26.9678],[-53.0905,-26.9913],[-53.108,-27.0312],[-53.1132,-27.046],[-53.0755,-27.0917],[-53.0767,-27.1078],[-53.0482,-27.0837],[-53.0178,-27.0931]]]},"properties":{"code":"4216008","name":"São Carlos","state":"SC"}},{"type":"Feature","geometry":{"type":"Polygon","coordinates":[[[-50.2435,-27.237],[-50.2743,-27.268],[-50.3951,-27.2619],[-50.4443,-27.2275],[-50.5018,-27.2184],[-50.508,-27.2586],[-50.4918,-27.3095],[-50.4628,-27.3288],[-50.4637,-27.3669],[-50.398,-27.3609],[-50.3586,-27.3435],[-50.2084,-27.3464],[-50.1878,-27.3257],[-50.1753,-27.2692],[-50.2039,-27.2435],[-50.2435,-27.237]]]},"properties":{"code":"4216057","name":"São Cristóvão do Sul","state":"SC"}},{"type":"Feature","geometry":{"type":"Polygon","coordinates":[[[-52.563,-26.6718],[-52.5194,-26.6279],[-52.5225,-26.613],[-52.4646,-26.5699],[-52.48,-26.5336],[-52.4787,-26.4627],[-52.4426,-26.4381],[-52.4636,-26.4396],[-52.5232,-26.3996],[-52.557,-26.4078],[-52.6022,-26.4607],[-52.6106,-26.4898],[-52.6075,-26.5406],[-52.6494,-26.5699],[-52.6717,-26.6015],[-52.6632,-26.6287],[-52.6263,-26.6463],[-52.6074,-26.6749],[-52.563,-26.6718]]]},"properties":{"code":"4216107","name":"São Domingos","state":"SC"}},{"type":"Feature","geometry":{"type":"Polygon","coordinates":[[[-48.5943,-26.4522],[-48.5995,-26.4324],[-48.5465,-26.3105],[-48.5041,-26.2373],[-48.5248,-26.2099],[-48.5318,-26.1628],[-48.5694,-26.1677],[-48.6217,-26.2073],[-48.6272,-26.183],[-48.742,-26.1275],[-48.7837,-26.1531],[-48.7598,-26.1894],[-48.764,-26.2149],[-48.7399,-26.2864],[-48.7265,-26.3221],[-48.6625,-26.3608],[-48.6193,-26.3986],[-48.6257,-26.438],[-48.5943,-26.4522]]]},"properties":{"code":"4216206","name":"São Francisco do Sul","state":"SC"}},{"type":"Feature","geometry":{"type":"Polygon","coordinates":[[[-53.5197,-27.0816],[-53.542,-27.0873],[-53.5469,-27.0248],[-53.5874,-27.0091],[-53.6433,-27.0438],[-53.663,-27.1083],[-53.6408,-27.1554],[-53.6155,-27.1663],[-53.5882,-27.144],[-53.5481,-27.1561],[-53.5258,-27.1309],[-53.5197,-27.0816]]]},"properties":{"code":"4216255","name":"São João do Oeste","state":"SC"}},{"type":"Feature","geometry":{"type":"Polygon","coordinates":[[[-48.8006,-27.3583],[-48.7942,-27.2858],[-48.8381,-27.229],[-48.8654,-27.2197],[-48.8975,-27.2498],[-48.8838,-27.2903],[-48.9424,-27.3386],[-48.9007,-27.3811],[-48.903,-27.4273],[-48.8839,-27.4326],[-48.8352,-27.3965],[-48.8006,-27.3583]]]},"properties":{"code":"4216305","name":"São João Batista","state":"SC"}},{"type":"Feature","geometry":{"type":"Polygon","coordinates":[[[-48.8016,-26.6812],[-48.7537,-26.6592],[-48.7431,-26.6306],[-48.7412,-26.5598],[-48.7515,-26.54],[-48.8071,-26.513],[-48.832,-26.5307],[-48.86,-26.5625],[-48.8563,-26.6345],[-48.817,-26.6391],[-48.8016,-26.6812]]]},"properties":{"code":"4216354","name":"São João do Itaperiú","state":"SC"}},{"type":"Feature","geometry":{"type":"Polygon","coordinates":[[[-49.7918,-29.2856],[-49.7779,-29.2374],[-49.7398,-29.2435],[-49.7121,-29.2058],[-49.7636,-29.1695],[-49.8341,-29.0952],[-49.832,-29.1218],[-49.8254,-29.1493],[-49.8914,-29.1751],[-49.9126,-29.1956],[-49.9576,-29.1995],[-49.9016,-29.2153],[-49.8571,-29.2331],[-49.8157,-29.2859],[-49.7918,-29.2856]]]},"properties":{"code":"4216404","name":"São João do Sul","state":"SC"}},{"type":"Feature","geometry":{"type":"Polygon","coordinates":[[[-49.8497,-28.1025],[-49.8997,-28.093],[-49.9884,-28.1037],[-50.0545,-28.0936],[-50.0774,-28.123],[-50.1039,-28.1238],[-50.1254,-28.1586],[-50.1739,-28.1612],[-50.1694,-28.1968],[-50.2169,-28.2511],[-50.2458,-28.2575],[-50.2444,-28.2895],[-50.2787,-28.3122],[-50.2715,-28.343],[-50.3138,-28.3552],[-50.34,-28.3825],[-50.381,-28.3752],[-50.4248,-28.4333],[-50.3684,-28.4212],[-50.3404,-28.441],[-50.3013,-28.4393],[-50.2729,-28.4571],[-50.2424,-28.432],[-50.1473,-28.4495],[-50.0972,-28.4844],[-50.0687,-28.4792],[-50.0272,-28.4743],[-49.9708,-28.4402],[-49.9004,-28.4647],[-49.8393,-28.4965],[-49.8163,-28.469],[-49.806,-28.4214],[-49.7813,-28.4299],[-49.7649,-28.3504],[-49.7732,-28.2763],[-49.7216,-28.2224],[-49.6719,-28.2309],[-49.6848,-28.2124],[-49.7433,-28.1755],[-49.8027,-28.1178],[-49.8497,-28.1025]]]},"properties":{"code":"4216503","name":"São Joaquim","state":"SC"}},{"type":"Feature","geometry":{"type":"Polygon","coordinates":[[[-48.7384,-27.6146],[-48.6551,-27.6212],[-48.6372,-27.6514],[-48.6027,-27.6626],[-48.6133,-27.6184],[-48.5971,-27.5703],[-48.5697,-27.5487],[-48.5762,-27.5172],[-48.6492,-27.5427],[-48.6789,-27.5228],[-48.7231,-27.5371],[-48.7275,-27.5535],[-48.746,-27.6154],[-48.7384,-27.6146]]]},"properties":{"code":"4216602","name":"São José","state":"SC"}},{"type":"Feature","geometry":{"type":"Polygon","coordinates":[[[-53.4072,-26.5184],[-53.4096,-26.4773],[-53.3688,-26.441],[-53.4027,-26.4277],[-53.5408,-26.4273],[-53.5821,-26.4765],[-53.6247,-26.4728],[-53.6383,-26.449],[-53.6884,-26.4433],[-53.7209,-26.5378],[-53.6907,-26.5048],[-53.6375,-26.5164],[-53.5813,-26.5156],[-53.5553,-26.5287],[-53.4937,-26.5212],[-53.4588,-26.5483],[-53.4072,-26.5184]]]},"properties":{"code":"4216701","name":"São José do Cedro","state":"SC"}},{"type":"Feature","geometry":{"type":"Polygon","coordinates":[[[-50.875,-27.6022],[-50.8539,-27.5935],[-50.8161,-27.6192],[-50.7448,-27.6485],[-50.6771,-27.7153],[-50.6395,-27.7144],[-50.5624,-27.729],[-50.5424,-27.7653],[-50.5134,-27.7869],[-50.4926,-27.7698],[-50.4478,-27.7742],[-50.3971,-27.7505],[-50.39,-27.73],[-50.4257,-27.6765],[-50.4659,-27.6659],[-50.5058,-27.62],[-50.5282,-27.5622],[-50.5693,-27.5041],[-50.5637,-27.4699],[-50.6341,-27.4542],[-50.6649,-27.4645],[-50.6909,-27.426],[-50.7153,-27.451],[-50.7541,-27.4223],[-50.7877,-27.4597],[-50.823,-27.4516],[-50.8467,-27.5087],[-50.8922,-27.5568],[-50.9601,-27.5552],[-50.9349,-27.5796],[-50.9013,-27.5733],[-50.875,-27.6022]]]},"properties":{"code":"4216800","name":"São José do Cerrito","state":"SC"}},{"type":"Feature","geometry":{"type":"Polygon","coordinates":[[[-52.7605,-26.5866],[-52.766,-26.5507],[-52.7947,-26.5343],[-52.8,-26.4928],[-52.842,-26.5003],[-52.8835,-26.491],[-52.8706,-26.4288],[-52.85,-26.4043],[-52.7766,-26.452],[-52.7554,-26.4545],[-52.7628,-26.3536],[-52.8469,-26.3444],[-52.9083,-26.3594],[-52.9377,-26.3622],[-52.9526,-26.3793],[-52.9676,-26.4408],[-52.9374,-26.4427],[-52.9197,-26.5039],[-52.9464,-26.5675],[-52.9257,-26.581],[-52.8773,-26.5951],[-52.8396,-26.593],[-52.7605,-26.5866]]]},"properties":{"code":"4216909","name":"São Lourenço do Oeste","state":"SC"}},{"type":"Feature","geometry":{"type":"Polygon","coordinates":[[[-49.1051,-28.3586],[-49.1244,-28.3189],[-49.2002,-28.2885],[-49.224,-28.3796],[-49.1898,-28.3894],[-49.181,-28.4139],[-49.1375,-28.4138],[-49.1014,-28.3627],[-49.1051,-28.3586]]]},"properties":{"code":"4217006","name":"São Ludgero","state":"SC"}},{"type":"Feature","geometry":{"type":"Polygon","coordinates":[[[-49.0311,-28.1509],[-48.973,-28.1854],[-48.9656,-28.237],[-48.9216,-28.235],[-48.9114,-28.2159],[-48.9386,-28.1751],[-48.9262,-28.1412],[-48.8836,-28.1498],[-48.869,-28.0804],[-48.8937,-28.08],[-48.9017,-28.0609],[-48.9748,-28.0788],[-49.0348,-28.0347],[-49.052,-27.99],[-49.0437,-28.0125],[-49.0626,-28.0604],[-49.064,-28.1156],[-49.0311,-28.1509]]]},"properties":{"code":"4217105","name":"São Martinho","state":"SC"}},{"type":"Feature","geometry":{"type":"Polygon","coordinates":[[[-53.2273,-26.6391],[-53.251,-26.6506],[-53.306,-26.721],[-53.2873,-26.735],[-53.2555,-26.716],[-53.2058,-26.7236],[-53.1935,-26.6987],[-53.1869,-26.6705],[-53.2051,-26.6423],[-53.2273,-26.6391]]]},"properties":{"code":"4217154","name":"São Miguel da Boa Vista","state":"SC"}},{"type":"Feature","geometry":{"type":"Polygon","coordinates":[[[-53.3943,-26.7442],[-53.4237,-26.7279],[-53.495,-26.6598],[-53.5364,-26.6468],[-53.5984,-26.6582],[-53.596,-26.688],[-53.5871,-26.8017],[-53.5089,-26.7997],[-53.5057,-26.7757],[-53.389,-26.7707],[-53.3652,-26.7659],[-53.3943,-26.7442]]]},"properties":{"code":"4217204","name":"São Miguel do Oeste","state":"SC"}},{"type":"Feature","geometry":{"type":"Polygon","coordinates":[[[-48.746,-27.6154],[-48.7275,-27.5535],[-48.795,-27.5453],[-48.8532,-27.5755],[-48.9206,-27.557],[-48.9501,-27.6266],[-48.8445,-27.6252],[-48.746,-27.6154]]]},"properties":{"code":"4217253","name":"São Pedro de Alcântara","state":"SC"}},{"type":"Feature","geometry":{"type":"Polygon","coordinates":[[[-52.9652,-26.9632],[-52.9343,-26.9483],[-52.9475,-26.8817],[-53.0077,-26.8873],[-53.0364,-26.8761],[-53.0515,-26.8467],[-53.0421,-26.8143],[-53.0972,-26.8058],[-53.1158,-26.8153],[-53.1281,-26.8421],[-53.1118,-26.9245],[-53.0466,-26.9678],[-52.9652,-26.9632]]]},"properties":{"code":"4217303","name":"Saudades","state":"SC"}},{"type":"Feature","geometry":{"type":"Polygon","coordinates":[[[-49.1447,-26.3162],[-49.1126,-26.3712],[-49.1138,-26.3924],[-49.0734,-26.4323],[-49.0286,-26.457],[-49.0036,-26.3891],[-49.0207,-26.3507],[-49.0054,-26.3086],[-49.054,-26.29],[-49.1109,-26.2947],[-49.1447,-26.3162]]]},"properties":{"code":"4217402","name":"Schroeder","state":"SC"}},{"type":"Feature","geometry":{"type":"Polygon","coordinates":[[[-52.4019,-27.1906],[-52.3689,-27.1931],[-52.3569,-27.2247],[-52.3296,-27.2362],[-52.2615,-27.2297],[-52.2333,-27.1812],[-52.2526,-27.1316],[-52.2278,-27.0682],[-52.2469,-27.0371],[-52.2514,-27.0686],[-52.3125,-27.0911],[-52.3909,-27.0905],[-52.4048,-27.119],[-52.4327,-27.1141],[-52.4678,-27.1303],[-52.4893,-27.1142],[-52.5073,-27.1595],[-52.4558,-27.1759],[-52.4337,-27.1944],[-52.4019,-27.1906]]]},"properties":{"code":"4217501","name":"Seara","state":"SC"}},{"type":"Feature","geometry":{"type":"Polygon","coordinates":[[[-53.0696,-26.7369],[-53.0493,-26.746],[-52.9736,-26.7448],[-52.9979,-26.6352],[-53.0634,-26.6436],[-53.0758,-26.67],[-53.0589,-26.7162],[-53.0696,-26.7369]]]},"properties":{"code":"4217550","name":"Serra Alta","state":"SC"}},{"type":"Feature","geometry":{"type":"Polygon","coordinates":[[[-49.4517,-28.6339],[-49.3693,-28.6342],[-49.4015,-28.6006],[-49.3858,-28.5798],[-49.39,-28.5559],[-49.422,-28.5366],[-49.4498,-28.5647],[-49.5273,-28.5511],[-49.5695,-28.5026],[-49.6495,-28.5469],[-49.6468,-28.5897],[-49.6854,-28.6209],[-49.4517,-28.6339]]]},"properties":{"code":"4217600","name":"Siderópolis","state":"SC"}},{"type":"Feature","geometry":{"type":"Polygon","coordinates":[[[-49.7432,-29.0393],[-49.7392,-29.0741],[-49.7033,-29.0825],[-49.6902,-29.1135],[-49.6563,-29.143],[-49.61,-29.1149],[-49.5961,-29.0834],[-49.5657,-29.059],[-49.6234,-29.018],[-49.6989,-29.0205],[-49.7432,-29.0393]]]},"properties":{"code":"4217709","name":"Sombrio","state":"SC"}},{"type":"Feature","geometry":{"type":"Polygon","coordinates":[[[-52.9736,-26.7448],[-52.9578,-26.7547],[-52.9324,-26.7769],[-52.9177,-26.7829],[-52.9023,-26.7368],[-52.9004,-26.6825],[-52.9198,-26.6725],[-52.9407,-26.614],[-52.9979,-26.6352],[-52.9736,-26.7448]]]},"properties":{"code":"4217758","name":"Sul Brasil","state":"SC"}},{"type":"Feature","geometry":{"type":"Polygon","coordinates":[[[-50.3153,-27.0755],[-50.2501,-27.0998],[-50.2268,-27.1509],[-50.1679,-27.1495],[-50.153,-27.1342],[-50.0621,-27.1504],[-50.0515,-27.1759],[-50.0047,-27.1734],[-50.0038,-27.213],[-49.9331,-27.1892],[-49.8985,-27.1027],[-49.876,-27.0207],[-49.8962,-26.997],[-49.9463,-26.9947],[-49.9757,-27.0103],[-49.9765,-27.0466],[-50.0483,-27.0478],[-50.0676,-27.0329],[-50.1006,-27.0199],[-50.1337,-26.9848],[-50.2357,-26.9859],[-50.2908,-26.9699],[-50.3195,-27.0155],[-50.3153,-27.0755]]]},"properties":{"code":"4217808","name":"Taió","state":"SC"}},{"type":"Feature","geometry":{"type":"Polygon","coordinates":[[[-51.3215,-27.1514],[-51.2939,-27.1616],[-51.2594,-27.1367],[-51.2334,-27.1389],[-51.186,-27.1784],[-51.1834,-27.1963],[-51.1126,-27.239],[-51.0656,-27.2521],[-51.0363,-27.2334],[-51.0064,-27.1723],[-50.9605,-27.1546],[-50.9298,-27.1189],[-50.9515,-27.1319],[-51.0087,-27.1202],[-51.0577,-27.1043],[-51.131,-27.1141],[-51.1575,-27.0895],[-51.2134,-27.0684],[-51.299,-27.0575],[-51.3195,-27.077],[-51.3337,-27.1263],[-51.3215,-27.1514]]]},"properties":{"code":"4217907","name":"Tangará","state":"SC"}},{"type":"Feature","geometry":{"type":"Polygon","coordinates":[[[-53.1366,-26.6396],[-53.2051,-26.6423],[-53.1869,-26.6705],[-53.1935,-26.6987],[-53.1662,-26.7182],[-53.1284,-26.7206],[-53.1115,-26.6797],[-53.1366,-26.6396]]]},"properties":{"code":"4217956","name":"Tigrinhos","state":"SC"}},{"type":"Feature","geometry":{"type":"Polygon","coordinates":[[[-48.5948,-27.3161],[-48.6154,-27.2719],[-48.6027,-27.2179],[-48.6586,-27.2152],[-48.6902,-27.1843],[-48.69,-27.1414],[-48.7994,-27.1551],[-48.8043,-27.1895],[-48.7489,-27.2348],[-48.7355,-27.2687],[-48.7444,-27.3066],[-48.7936,-27.3532],[-48.7296,-27.3409],[-48.7054,-27.3548],[-48.6633,-27.3473],[-48.6271,-27.3249],[-48.5948,-27.3161]]]},"properties":{"code":"4218004","name":"Tijucas","state":"SC"}},{"type":"Feature","geometry":{"type":"Polygon","coordinates":[[[-49.7327,-28.8041],[-49.7989,-28.7517],[-49.7982,-28.7147],[-49.8402,-28.7131],[-49.8694,-28.701],[-49.9613,-28.7722],[-49.9621,-28.8535],[-49.9509,-28.8935],[-49.9557,-28.9489],[-49.8963,-28.89],[-49.8678,-28.88],[-49.7492,-28.8314],[-49.7327,-28.8041]]]},"properties":{"code":"4218103","name":"Timbé do Sul","state":"SC"}},{"type":"Feature","geometry":{"type":"Polygon","coordinates":[[[-49.305,-26.848],[-49.2847,-26.8807],[-49.2542,-26.87],[-49.2071,-26.8304],[-49.1954,-26.7926],[-49.214,-26.7552],[-49.224,-26.773],[-49.335,-26.7461],[-49.3301,-26.8078],[-49.305,-26.848]]]},"properties":{"code":"4218202","name":"Timbó","state":"SC"}},{"type":"Feature","geometry":{"type":"Polygon","coordinates":[[[-50.8066,-26.6552],[-50.7565,-26.6923],[-50.6779,-26.6621],[-50.6491,-26.6997],[-50.5592,-26.7714],[-50.5267,-26.781],[-50.4997,-26.769],[-50.5164,-26.7154],[-50.4926,-26.6482],[-50.4923,-26.6426],[-50.5294,-26.6086],[-50.5639,-26.6095],[-50.6445,-26.511],[-50.6988,-26.5003],[-50.7396,-26.5248],[-50.7974,-26.5082],[-50.8251,-26.5481],[-50.856,-26.5606],[-50.8066,-26.6552]]]},"properties":{"code":"4218251","name":"Timbó Grande","state":"SC"}},{"type":"Feature","geometry":{"type":"Polygon","coordinates":[[[-50.3657,-26.1121],[-50.3887,-26.1509],[-50.3604,-26.1586],[-50.3559,-26.2032],[-50.3247,-26.2074],[-50.3254,-26.252],[-50.2961,-26.287],[-50.2847,-26.3083],[-50.2069,-26.2846],[-50.1874,-26.2706],[-50.1795,-26.2152],[-50.153,-26.2089],[-50.1359,-26.1702],[-50.1852,-26.1121],[-50.1898,-26.07],[-50.2223,-26.0602],[-50.2475,-26.0304],[-50.2685,-26.0428],[-50.332,-26.0854],[-50.3217,-26.1339],[-50.3657,-26.1121]]]},"properties":{"code":"4218301","name":"Três Barras","state":"SC"}},{"type":"Feature","geometry":{"type":"Polygon","coordinates":[[[-49.422,-28.5366],[-49.428,-28.4589],[-49.4667,-28.4378],[-49.5353,-28.4361],[-49.5625,-28.4675],[-49.5695,-28.5026],[-49.5273,-28.5511],[-49.4498,-28.5647],[-49.422,-28.5366]]]},"properties":{"code":"4218350","name":"Treviso","state":"SC"}},{"type":"Feature","geometry":{"type":"Polygon","coordinates":[[[-49.0301,-28.5499],[-49.0552,-28.5592],[-49.1395,-28.4977],[-49.1802,-28.4981],[-49.2434,-28.5898],[-49.1816,-28.6412],[-49.1033,-28.5929],[-49.0301,-28.5499]]]},"properties":{"code":"4218400","name":"Treze de Maio","state":"SC"}},{"type":"Feature","geometry":{"type":"Polygon","coordinates":[[[-51.4061,-26.9431],[-51.4787,-26.9248],[-51.4877,-26.8594],[-51.5104,-26.8386],[-51.5299,-26.8795],[-51.5403,-26.9398],[-51.5071,-26.9614],[-51.4622,-27.0277],[-51.4207,-27.0391],[-51.3453,-27.04],[-51.3342,-27.02],[-51.3516,-26.9812],[-51.3943,-26.9702],[-51.4061,-26.9431]]]},"properties":{"code":"4218509","name":"Treze Tílias","state":"SC"}},{"type":"Feature","geometry":{"type":"Polygon","coordinates":[[[-49.7673,-27.3753],[-49.758,-27.2697],[-49.7783,-27.252],[-49.8023,-27.2483],[-49.8234,-27.2654],[-49.8854,-27.3062],[-49.8486,-27.3269],[-49.8722,-27.3508],[-49.8646,-27.3783],[-49.8414,-27.3491],[-49.7673,-27.3753]]]},"properties":{"code":"4218608","name":"Trombudo Central","state":"SC"}},{"type":"Feature","geometry":{"type":"Polygon","coordinates":[[[-49.0301,-28.5499],[-48.9938,-28.5586],[-48.945,-28.5944],[-48.9038,-28.5328],[-48.9234,-28.5127],[-48.9814,-28.4627],[-48.979,-28.422],[-49.024,-28.4014],[-49.0717,-28.3946],[-49.1014,-28.3627],[-49.1375,-28.4138],[-49.112,-28.4437],[-49.1802,-28.4981],[-49.1395,-28.4977],[-49.0552,-28.5592],[-49.0301,-28.5499]]]},"properties":{"code":"4218707","name":"Tubarão","state":"SC"}},{"type":"Feature","geometry":{"type":"Polygon","coordinates":[[[-53.5828,-26.9532],[-53.6717,-26.9428],[-53.7124,-26.9655],[-53.7327,-27.0042],[-53.6433,-27.0438],[-53.5874,-27.0091],[-53.5591,-26.9926],[-53.5828,-26.9532]]]},"properties":{"code":"4218756","name":"Tunápolis","state":"SC"}},{"type":"Feature","geometry":{"type":"Polygon","coordinates":[[[-49.8678,-28.88],[-49.7826,-28.904],[-49.7713,-28.9389],[-49.7064,-28.9669],[-49.6532,-28.9837],[-49.648,-28.9588],[-49.6056,-28.952],[-49.5339,-28.9173],[-49.6395,-28.8995],[-49.6767,-28.8682],[-49.7327,-28.8041],[-49.7492,-28.8314],[-49.8678,-28.88]]]},"properties":{"code":"4218806","name":"Turvo","state":"SC"}},{"type":"Feature","geometry":{"type":"Polygon","coordinates":[[[-52.8172,-26.734],[-52.8793,-26.7545],[-52.9177,-26.7829],[-52.9324,-26.7769],[-52.9141,-26.8248],[-52.919,-26.8464],[-52.8719,-26.7978],[-52.8341,-26.8356],[-52.8048,-26.8307],[-52.7917,-26.7892],[-52.8172,-26.734]]]},"properties":{"code":"4218855","name":"União do Oeste","state":"SC"}},{"type":"Feature","geometry":{"type":"Polygon","coordinates":[[[-49.4404,-28.1328],[-49.3928,-28.1101],[-49.4042,-28.0823],[-49.372,-28.066],[-49.3493,-27.9962],[-49.3224,-27.9838],[-49.3084,-27.9704],[-49.3078,-27.941],[-49.2994,-27.9017],[-49.4173,-27.9529],[-49.4658,-27.9277],[-49.6074,-27.9007],[-49.7029,-27.9178],[-49.7149,-27.9419],[-49.7105,-28.0073],[-49.7448,-28.0319],[-49.7707,-28.0242],[-49.8141,-28.0588],[-49.8497,-28.1025],[-49.8027,-28.1178],[-49.7433,-28.1755],[-49.6848,-28.2124],[-49.6719,-28.2309],[-49.6681,-28.1889],[-49.6342,-28.1595],[-49.598,-28.1604],[-49.5438,-28.1256],[-49.4746,-28.1258],[-49.4404,-28.1328]]]},"properties":{"code":"4218905","name":"Urubici","state":"SC"}},{"type":"Feature","geometry":{"type":"Polygon","coordinates":[[[-50.0545,-28.0936],[-49.9884,-28.1037],[-49.8997,-28.093],[-49.8497,-28.1025],[-49.8141,-28.0588],[-49.7707,-28.0242],[-49.7448,-28.0319],[-49.7943,-27.9824],[-49.8422,-27.9609],[-49.8656,-27.9115],[-49.934,-27.9365],[-49.9687,-27.9966],[-50.0004,-28.006],[-50.0101,-28.0565],[-50.0402,-28.0667],[-50.0545,-28.0936]]]},"properties":{"code":"4218954","name":"Urupema","state":"SC"}},{"type":"Feature","geometry":{"type":"Polygon","coordinates":[[[-49.3858,-28.5798],[-49.3504,-28.5624],[-49.2529,-28.5887],[-49.2499,-28.5673],[-49.2856,-28.5149],[-49.279,-28.4845],[-49.2353,-28.4577],[-49.2213,-28.4328],[-49.2891,-28.3973],[-49.3355,-28.4179],[-49.3974,-28.4647],[-49.428,-28.4589],[-49.422,-28.5366],[-49.39,-28.5559],[-49.3858,-28.5798]]]},"properties":{"code":"4219002","name":"Urussanga","state":"SC"}},{"type":"Feature","geometry":{"type":"Polygon","coordinates":[[[-52.1231,-26.7248],[-52.1548,-26.7812],[-52.1982,-26.7956],[-52.1894,-26.8248],[-52.2044,-26.8667],[-52.1629,-26.8944],[-52.1545,-26.9263],[-52.1485,-26.9294],[-52.1428,-26.8972],[-52.1148,-26.859],[-52.1411,-26.837],[-52.1413,-26.796],[-52.1034,-26.7767],[-52.0394,-26.7745],[-52.0599,-26.7281],[-52.0479,-26.6949],[-52.0672,-26.678],[-52.1445,-26.6906],[-52.1231,-26.7248]]]},"properties":{"code":"4219101","name":"Vargeão","state":"SC"}},{"type":"Feature","geometry":{"type":"Polygon","coordinates":[[[-51.0729,-27.5113],[-51.0418,-27.5043],[-51.0189,-27.5301],[-50.9855,-27.5308],[-50.9601,-27.5552],[-50.8922,-27.5568],[-50.8467,-27.5087],[-50.823,-27.4516],[-50.8981,-27.4143],[-50.9039,-27.3816],[-50.9603,-27.3793],[-50.9797,-27.3979],[-51.028,-27.3894],[-51.0689,-27.4053],[-51.0704,-27.4431],[-51.0482,-27.4936],[-51.0729,-27.5113]]]},"properties":{"code":"4219150","name":"Vargem","state":"SC"}},{"type":"Feature","geometry":{"type":"Polygon","coordinates":[[[-51.8262,-26.9234],[-51.8204,-26.9366],[-51.8631,-26.9813],[-51.8023,-27.0404],[-51.7866,-27.0515],[-51.7334,-27.0397],[-51.7006,-27.0047],[-51.6806,-26.9579],[-51.6332,-26.9432],[-51.6891,-26.9297],[-51.6958,-26.8511],[-51.7246,-26.8465],[-51.757,-26.8392],[-51.8149,-26.8687],[-51.8262,-26.9234]]]},"properties":{"code":"4219176","name":"Vargem Bonita","state":"SC"}},{"type":"Feature","geometry":{"type":"Polygon","coordinates":[[[-49.4654,-27.4455],[-49.4049,-27.4489],[-49.3553,-27.4915],[-49.3626,-27.551],[-49.3185,-27.5722],[-49.3221,-27.518],[-49.2926,-27.474],[-49.3111,-27.3961],[-49.2784,-27.3339],[-49.2241,-27.3212],[-49.2216,-27.3088],[-49.2477,-27.2793],[-49.2219,-27.2314],[-49.2732,-27.2462],[-49.3121,-27.2773],[-49.3181,-27.3166],[-49.3967,-27.3285],[-49.4102,-27.352],[-49.4583,-27.357],[-49.4718,-27.3738],[-49.4654,-27.4455]]]},"properties":{"code":"4219200","name":"Vidal Ramos","state":"SC"}},{"type":"Feature","geometry":{"type":"Polygon","coordinates":[[[-51.1575,-27.0895],[-51.131,-27.1141],[-51.0577,-27.1043],[-51.0087,-27.1202],[-50.9733,-27.0836],[-50.9758,-27.0374],[-51.0062,-27.0349],[-51.0135,-27.0059],[-51.0454,-26.9863],[-51.1175,-26.9843],[-51.1264,-26.9614],[-51.1598,-26.9544],[-51.1787,-26.9174],[-51.1778,-26.8684],[-51.1922,-26.8513],[-51.2468,-26.8847],[-51.2844,-26.8738],[-51.2818,-26.8782],[-51.2829,-26.9235],[-51.2322,-26.9556],[-51.2102,-26.9831],[-51.1963,-27.0288],[-51.1575,-27.0895]]]},"properties":{"code":"4219309","name":"Videira","state":"SC"}},{"type":"Feature","geometry":{"type":"Polygon","coordinates":[[[-49.8287,-26.7062],[-49.8887,-26.7469],[-49.8976,-26.7696],[-49.95,-26.8078],[-49.9694,-26.869],[-49.951,-26.9274],[-49.9232,-26.9126],[-49.8693,-26.9159],[-49.8137,-26.8913],[-49.7694,-26.8888],[-49.7065,-26.8456],[-49.7503,-26.7851],[-49.8287,-26.7062]]]},"properties":{"code":"4219358","name":"Vitor Meireles","state":"SC"}},{"type":"Feature","geometry":{"type":"Polygon","coordinates":[[[-49.8962,-26.997],[-49.9112,-26.9629],[-49.8334,-26.9482],[-49.7308,-26.9605],[-49.709,-26.918],[-49.7694,-26.8888],[-49.8137,-26.8913],[-49.8693,-26.9159],[-49.9232,-26.9126],[-49.951,-26.9274],[-49.9601,-26.9562],[-49.9463,-26.9947],[-49.8962,-26.997]]]},"properties":{"code":"4219408","name":"Witmarsum","state":"SC"}},{"type":"Feature","geometry":{"type":"Polygon","coordinates":[[[-52.338,-26.9448],[-52.3078,-26.8996],[-52.3218,-26.8338],[-52.3552,-26.7848],[-52.4295,-26.7674],[-52.4421,-26.749],[-52.5011,-26.774],[-52.5348,-26.809],[-52.5295,-26.8272],[-52.4705,-26.8568],[-52.4786,-26.9173],[-52.4527,-26.9951],[-52.419,-27.0064],[-52.338,-26.9448]]]},"properties":{"code":"4219507","name":"Xanxerê","state":"SC"}},{"type":"Feature","geometry":{"type":"Polygon","coordinates":[[[-52.3909,-27.0905],[-52.3125,-27.0911],[-52.2514,-27.0686],[-52.2469,-27.0371],[-52.2338,-26.9473],[-52.2648,-26.9588],[-52.338,-26.9448],[-52.419,-27.0064],[-52.3909,-27.0905]]]},"properties":{"code":"4219606","name":"Xavantina","state":"SC"}},{"type":"Feature","geometry":{"type":"Polygon","coordinates":[[[-52.5864,-27.0306],[-52.5517,-27.0713],[-52.5088,-27.0938],[-52.4896,-27.091],[-52.4527,-26.9951],[-52.4786,-26.9173],[-52.4705,-26.8568],[-52.5877,-26.8933],[-52.6208,-26.8648],[-52.6276,-26.922],[-52.6149,-26.9339],[-52.5847,-26.9738],[-52.5864,-27.0306]]]},"properties":{"code":"4219705","name":"Xaxim","state":"SC"}},{"type":"Feature","geometry":{"type":"Polygon","coordinates":[[[-51.5538,-27.3988],[-51.5598,-27.458],[-51.6326,-27.4886],[-51.6083,-27.5414],[-51.5784,-27.577],[-51.5476,-27.5591],[-51.5063,-27.5275],[-51.4969,-27.4841],[-51.4485,-27.4651],[-51.4405,-27.4356],[-51.4725,-27.426],[-51.4653,-27.395],[-51.5285,-27.3896],[-51.5538,-27.3988]]]},"properties":{"code":"4219853","name":"Zortéa","state":"SC"}},{"type":"Feature","geometry":{"type":"Polygon","coordinates":[[[-49.205,-28.7766],[-49.2422,-28.779],[-49.3026,-28.8475],[-49.3296,-28.8649],[-49.2901,-28.8832],[-49.1879,-28.8022],[-49.205,-28.7766]]]},"properties":{"code":"4220000","name":"Balneário Rincão","state":"SC"}}]}